{
  "uuid": "2c89556c-6c30-4f19-aef8-d838b17dfab5",
  "timestamp": "2024-12-31T16:00:36Z",
  "zipFileName": "NEON_count-fish",
  "mimeType": "application/zip",
  "productCode": "DP1.20107.001",
  "productName": "Fish electrofishing, gill netting, and fyke netting counts",
  "siteCodes": [
    "HOPB"
  ],
  "startDate": "2016-03-01T00:00:00Z",
  "endDate": "2024-11-30T23:59:59Z",
  "packageType": "basic",
  "documents": [
    {
      "fileName": "NEON.DOC.001295vG.pdf",
      "downloadFileName": null,
      "type": "application/pdf",
      "fileSizeBytes": 2155452,
      "description": "AOS Protocol and Procedure: FSS – Fish Sampling in Wadeable Streams",
      "uri": "https://data.neonscience.org/api/v0/documents/NEON.DOC.001295vG"
    },
    {
      "fileName": "NEON.DOC.001296vH.pdf",
      "downloadFileName": null,
      "type": "application/pdf",
      "fileSizeBytes": 2373354,
      "description": "AOS Protocol and Procedure: FSL – Fish Sampling in Lakes",
      "uri": "https://data.neonscience.org/api/v0/documents/NEON.DOC.001296vH"
    },
    {
      "fileName": "NEON.DOC.001152vB.pdf",
      "downloadFileName": null,
      "type": "application/pdf",
      "fileSizeBytes": 954164,
      "description": "NEON Aquatic Sampling Strategy",
      "uri": "https://data.neonscience.org/api/v0/documents/NEON.DOC.001152vB"
    },
    {
      "fileName": "NEON_fish_userGuide_vC.pdf",
      "downloadFileName": null,
      "type": "application/pdf",
      "fileSizeBytes": 557174,
      "description": "NEON User Guide to Fish electrofishing, gill netting, and fyke netting counts (NEON.DP1.20107)",
      "uri": "https://data.neonscience.org/api/v0/documents/NEON_fish_userGuide_vC"
    },
    {
      "fileName": "NEON.QSG.DP1.20107.001v2.pdf",
      "downloadFileName": null,
      "type": "application/pdf",
      "fileSizeBytes": 212451,
      "description": "Quick Start Guide for Fish electrofishing, gill netting, and fyke netting counts (DP1.20107.001)",
      "uri": "https://data.neonscience.org/api/v0/documents/quick-start-guides/NEON.QSG.DP1.20107.001v2.pdf"
    }
  ],
  "releases": [
    {
      "release": "RELEASE-2024",
      "generationDate": "2024-01-27T00:04:25Z",
      "packages": [
        {
          "release": "RELEASE-2024",
          "productCode": "DP1.20107.001",
          "domainCode": "D01",
          "siteCode": "HOPB",
          "month": "2016-10",
          "packageType": "basic",
          "generationDate": "2024-01-27T00:04:25Z",
          "files": [
            {
              "fileName": "NEON.D01.HOPB.DP1.20107.001.fsh_fieldData.2016-10.basic.20231227T011148Z.csv",
              "downloadFileName": null,
              "uri": "https://data.neonscience.org/api/v0/releases/RELEASE-2024/data/DP1.20107.001/HOPB/2016-10/NEON.D01.HOPB.DP1.20107.001.fsh_fieldData.2016-10.basic.20231227T011148Z.csv",
              "fileSizeBytes": 2160,
              "checksum": "2c5ef969cf8433e4f22966d9bbeae05a",
              "checksumAlgorithm": "MD5"
            },
            {
              "fileName": "NEON.D01.HOPB.DP1.20107.001.fsh_bulkCount.2016-10.basic.20231227T011148Z.csv",
              "downloadFileName": null,
              "uri": "https://data.neonscience.org/api/v0/releases/RELEASE-2024/data/DP1.20107.001/HOPB/2016-10/NEON.D01.HOPB.DP1.20107.001.fsh_bulkCount.2016-10.basic.20231227T011148Z.csv",
              "fileSizeBytes": 3150,
              "checksum": "ff7f690418b4fa4f493bc4c79908768a",
              "checksumAlgorithm": "MD5"
            },
            {
              "fileName": "NEON.D01.HOPB.DP1.20107.001.EML.20161024-20161027.20240127T000425Z.xml",
              "downloadFileName": null,
              "uri": "https://data.neonscience.org/api/v0/releases/RELEASE-2024/data/DP1.20107.001/HOPB/2016-10/NEON.D01.HOPB.DP1.20107.001.EML.20161024-20161027.20240127T000425Z.xml",
              "fileSizeBytes": 253883,
              "checksum": "25f7207f0775f314403651cbd9610f42",
              "checksumAlgorithm": "MD5"
            },
            {
              "fileName": "NEON.D01.HOPB.DP1.20107.001.variables.20231227T011148Z.csv",
              "downloadFileName": null,
              "uri": "https://data.neonscience.org/api/v0/releases/RELEASE-2024/data/DP1.20107.001/HOPB/2016-10/NEON.D01.HOPB.DP1.20107.001.variables.20231227T011148Z.csv",
              "fileSizeBytes": 22626,
              "checksum": "a33e1f4b77e0b3d19aa4fb6e1af46ba3",
              "checksumAlgorithm": "MD5"
            },
            {
              "fileName": "NEON.D01.HOPB.DP0.20107.001.categoricalCodes.20231227T011148Z.csv",
              "downloadFileName": null,
              "uri": "https://data.neonscience.org/api/v0/releases/RELEASE-2024/data/DP1.20107.001/HOPB/2016-10/NEON.D01.HOPB.DP0.20107.001.categoricalCodes.20231227T011148Z.csv",
              "fileSizeBytes": 18546,
              "checksum": "cdfe294cf676398754aa20dceda0606f",
              "checksumAlgorithm": "MD5"
            },
            {
              "fileName": "NEON.D01.HOPB.DP0.20107.001.validation.20231227T011148Z.csv",
              "downloadFileName": null,
              "uri": "https://data.neonscience.org/api/v0/releases/RELEASE-2024/data/DP1.20107.001/HOPB/2016-10/NEON.D01.HOPB.DP0.20107.001.validation.20231227T011148Z.csv",
              "fileSizeBytes": 36416,
              "checksum": "fd906cbbc9025813ed9afb233a07759d",
              "checksumAlgorithm": "MD5"
            },
            {
              "fileName": "NEON.D01.HOPB.DP1.20107.001.fsh_perFish.2016-10.basic.20231227T011148Z.csv",
              "downloadFileName": null,
              "uri": "https://data.neonscience.org/api/v0/releases/RELEASE-2024/data/DP1.20107.001/HOPB/2016-10/NEON.D01.HOPB.DP1.20107.001.fsh_perFish.2016-10.basic.20231227T011148Z.csv",
              "fileSizeBytes": 156812,
              "checksum": "671f612f738cb30208e3775f611b3d9b",
              "checksumAlgorithm": "MD5"
            },
            {
              "fileName": "NEON.D01.HOPB.DP1.20107.001.fsh_perPass.2016-10.basic.20231227T011148Z.csv",
              "downloadFileName": null,
              "uri": "https://data.neonscience.org/api/v0/releases/RELEASE-2024/data/DP1.20107.001/HOPB/2016-10/NEON.D01.HOPB.DP1.20107.001.fsh_perPass.2016-10.basic.20231227T011148Z.csv",
              "fileSizeBytes": 3896,
              "checksum": "cf293b38ed417378ec9d6e1cf88c7dc2",
              "checksumAlgorithm": "MD5"
            },
            {
              "fileName": "NEON.D01.HOPB.DP1.20107.001.readme.20240127T000425Z.txt",
              "downloadFileName": null,
              "uri": "https://data.neonscience.org/api/v0/releases/RELEASE-2024/data/DP1.20107.001/HOPB/2016-10/NEON.D01.HOPB.DP1.20107.001.readme.20240127T000425Z.txt",
              "fileSizeBytes": 15429,
              "checksum": "e9db6ef135c47e450d0355350e5b3f48",
              "checksumAlgorithm": "MD5"
            }
          ]
        },
        {
          "release": "RELEASE-2024",
          "productCode": "DP1.20107.001",
          "domainCode": "D01",
          "siteCode": "HOPB",
          "month": "2017-05",
          "packageType": "basic",
          "generationDate": "2024-01-27T00:04:25Z",
          "files": [
            {
              "fileName": "NEON.D01.HOPB.DP1.20107.001.variables.20231227T083512Z.csv",
              "downloadFileName": null,
              "uri": "https://data.neonscience.org/api/v0/releases/RELEASE-2024/data/DP1.20107.001/HOPB/2017-05/NEON.D01.HOPB.DP1.20107.001.variables.20231227T083512Z.csv",
              "fileSizeBytes": 22626,
              "checksum": "a33e1f4b77e0b3d19aa4fb6e1af46ba3",
              "checksumAlgorithm": "MD5"
            },
            {
              "fileName": "NEON.D01.HOPB.DP1.20107.001.fsh_bulkCount.2017-05.basic.20231227T083512Z.csv",
              "downloadFileName": null,
              "uri": "https://data.neonscience.org/api/v0/releases/RELEASE-2024/data/DP1.20107.001/HOPB/2017-05/NEON.D01.HOPB.DP1.20107.001.fsh_bulkCount.2017-05.basic.20231227T083512Z.csv",
              "fileSizeBytes": 1790,
              "checksum": "3a4bd53c2807a0911dd4920059457637",
              "checksumAlgorithm": "MD5"
            },
            {
              "fileName": "NEON.D01.HOPB.DP0.20107.001.validation.20231227T083512Z.csv",
              "downloadFileName": null,
              "uri": "https://data.neonscience.org/api/v0/releases/RELEASE-2024/data/DP1.20107.001/HOPB/2017-05/NEON.D01.HOPB.DP0.20107.001.validation.20231227T083512Z.csv",
              "fileSizeBytes": 36416,
              "checksum": "fd906cbbc9025813ed9afb233a07759d",
              "checksumAlgorithm": "MD5"
            },
            {
              "fileName": "NEON.D01.HOPB.DP0.20107.001.categoricalCodes.20231227T083512Z.csv",
              "downloadFileName": null,
              "uri": "https://data.neonscience.org/api/v0/releases/RELEASE-2024/data/DP1.20107.001/HOPB/2017-05/NEON.D01.HOPB.DP0.20107.001.categoricalCodes.20231227T083512Z.csv",
              "fileSizeBytes": 18546,
              "checksum": "639b4690e8c147695580c4f5b5f5e812",
              "checksumAlgorithm": "MD5"
            },
            {
              "fileName": "NEON.D01.HOPB.DP1.20107.001.fsh_fieldData.2017-05.basic.20231227T083512Z.csv",
              "downloadFileName": null,
              "uri": "https://data.neonscience.org/api/v0/releases/RELEASE-2024/data/DP1.20107.001/HOPB/2017-05/NEON.D01.HOPB.DP1.20107.001.fsh_fieldData.2017-05.basic.20231227T083512Z.csv",
              "fileSizeBytes": 2175,
              "checksum": "68846d1c7aaa73fc43ce732f980b15b0",
              "checksumAlgorithm": "MD5"
            },
            {
              "fileName": "NEON.D01.HOPB.DP1.20107.001.EML.20170501-20170504.20240127T000425Z.xml",
              "downloadFileName": null,
              "uri": "https://data.neonscience.org/api/v0/releases/RELEASE-2024/data/DP1.20107.001/HOPB/2017-05/NEON.D01.HOPB.DP1.20107.001.EML.20170501-20170504.20240127T000425Z.xml",
              "fileSizeBytes": 253882,
              "checksum": "14294e26d2e238e2fa11969527782685",
              "checksumAlgorithm": "MD5"
            },
            {
              "fileName": "NEON.D01.HOPB.DP1.20107.001.readme.20240127T000425Z.txt",
              "downloadFileName": null,
              "uri": "https://data.neonscience.org/api/v0/releases/RELEASE-2024/data/DP1.20107.001/HOPB/2017-05/NEON.D01.HOPB.DP1.20107.001.readme.20240127T000425Z.txt",
              "fileSizeBytes": 15429,
              "checksum": "98bcb08fc296a2ea2a3550eb233d598b",
              "checksumAlgorithm": "MD5"
            },
            {
              "fileName": "NEON.D01.HOPB.DP1.20107.001.fsh_perFish.2017-05.basic.20231227T083512Z.csv",
              "downloadFileName": null,
              "uri": "https://data.neonscience.org/api/v0/releases/RELEASE-2024/data/DP1.20107.001/HOPB/2017-05/NEON.D01.HOPB.DP1.20107.001.fsh_perFish.2017-05.basic.20231227T083512Z.csv",
              "fileSizeBytes": 83152,
              "checksum": "0f456be81fbe7577c619146062baf892",
              "checksumAlgorithm": "MD5"
            },
            {
              "fileName": "NEON.D01.HOPB.DP1.20107.001.fsh_perPass.2017-05.basic.20231227T083512Z.csv",
              "downloadFileName": null,
              "uri": "https://data.neonscience.org/api/v0/releases/RELEASE-2024/data/DP1.20107.001/HOPB/2017-05/NEON.D01.HOPB.DP1.20107.001.fsh_perPass.2017-05.basic.20231227T083512Z.csv",
              "fileSizeBytes": 4467,
              "checksum": "6cfdf2771f8dd583c4aec5607a255f4e",
              "checksumAlgorithm": "MD5"
            }
          ]
        },
        {
          "release": "RELEASE-2024",
          "productCode": "DP1.20107.001",
          "domainCode": "D01",
          "siteCode": "HOPB",
          "month": "2017-10",
          "packageType": "basic",
          "generationDate": "2024-01-27T00:04:25Z",
          "files": [
            {
              "fileName": "NEON.D01.HOPB.DP0.20107.001.categoricalCodes.20231227T051929Z.csv",
              "downloadFileName": null,
              "uri": "https://data.neonscience.org/api/v0/releases/RELEASE-2024/data/DP1.20107.001/HOPB/2017-10/NEON.D01.HOPB.DP0.20107.001.categoricalCodes.20231227T051929Z.csv",
              "fileSizeBytes": 18546,
              "checksum": "639b4690e8c147695580c4f5b5f5e812",
              "checksumAlgorithm": "MD5"
            },
            {
              "fileName": "NEON.D01.HOPB.DP1.20107.001.fsh_perPass.2017-10.basic.20231227T051929Z.csv",
              "downloadFileName": null,
              "uri": "https://data.neonscience.org/api/v0/releases/RELEASE-2024/data/DP1.20107.001/HOPB/2017-10/NEON.D01.HOPB.DP1.20107.001.fsh_perPass.2017-10.basic.20231227T051929Z.csv",
              "fileSizeBytes": 1903,
              "checksum": "9e7f0f4e42d5ae3d2bfdf4e10066bd11",
              "checksumAlgorithm": "MD5"
            },
            {
              "fileName": "NEON.D01.HOPB.DP0.20107.001.validation.20231227T051929Z.csv",
              "downloadFileName": null,
              "uri": "https://data.neonscience.org/api/v0/releases/RELEASE-2024/data/DP1.20107.001/HOPB/2017-10/NEON.D01.HOPB.DP0.20107.001.validation.20231227T051929Z.csv",
              "fileSizeBytes": 36416,
              "checksum": "fd906cbbc9025813ed9afb233a07759d",
              "checksumAlgorithm": "MD5"
            },
            {
              "fileName": "NEON.D01.HOPB.DP1.20107.001.fsh_perFish.2017-10.basic.20231227T051929Z.csv",
              "downloadFileName": null,
              "uri": "https://data.neonscience.org/api/v0/releases/RELEASE-2024/data/DP1.20107.001/HOPB/2017-10/NEON.D01.HOPB.DP1.20107.001.fsh_perFish.2017-10.basic.20231227T051929Z.csv",
              "fileSizeBytes": 59415,
              "checksum": "e84ddbe23e0a1ade0ff734e4b99478ae",
              "checksumAlgorithm": "MD5"
            },
            {
              "fileName": "NEON.D01.HOPB.DP1.20107.001.variables.20231227T051929Z.csv",
              "downloadFileName": null,
              "uri": "https://data.neonscience.org/api/v0/releases/RELEASE-2024/data/DP1.20107.001/HOPB/2017-10/NEON.D01.HOPB.DP1.20107.001.variables.20231227T051929Z.csv",
              "fileSizeBytes": 22626,
              "checksum": "a33e1f4b77e0b3d19aa4fb6e1af46ba3",
              "checksumAlgorithm": "MD5"
            },
            {
              "fileName": "NEON.D01.HOPB.DP1.20107.001.fsh_fieldData.2017-10.basic.20231227T051929Z.csv",
              "downloadFileName": null,
              "uri": "https://data.neonscience.org/api/v0/releases/RELEASE-2024/data/DP1.20107.001/HOPB/2017-10/NEON.D01.HOPB.DP1.20107.001.fsh_fieldData.2017-10.basic.20231227T051929Z.csv",
              "fileSizeBytes": 1376,
              "checksum": "b2abc28b974023c2dc463b1c62d02b30",
              "checksumAlgorithm": "MD5"
            },
            {
              "fileName": "NEON.D01.HOPB.DP1.20107.001.EML.20171023-20171024.20240127T000425Z.xml",
              "downloadFileName": null,
              "uri": "https://data.neonscience.org/api/v0/releases/RELEASE-2024/data/DP1.20107.001/HOPB/2017-10/NEON.D01.HOPB.DP1.20107.001.EML.20171023-20171024.20240127T000425Z.xml",
              "fileSizeBytes": 253881,
              "checksum": "4714b9cb4a4bd88dde86e886a8df078a",
              "checksumAlgorithm": "MD5"
            },
            {
              "fileName": "NEON.D01.HOPB.DP1.20107.001.readme.20240127T000425Z.txt",
              "downloadFileName": null,
              "uri": "https://data.neonscience.org/api/v0/releases/RELEASE-2024/data/DP1.20107.001/HOPB/2017-10/NEON.D01.HOPB.DP1.20107.001.readme.20240127T000425Z.txt",
              "fileSizeBytes": 15429,
              "checksum": "fdde553d87d51501706b843b4704aa94",
              "checksumAlgorithm": "MD5"
            },
            {
              "fileName": "NEON.D01.HOPB.DP1.20107.001.fsh_bulkCount.2017-10.basic.20231227T051929Z.csv",
              "downloadFileName": null,
              "uri": "https://data.neonscience.org/api/v0/releases/RELEASE-2024/data/DP1.20107.001/HOPB/2017-10/NEON.D01.HOPB.DP1.20107.001.fsh_bulkCount.2017-10.basic.20231227T051929Z.csv",
              "fileSizeBytes": 422,
              "checksum": "613c49fa4102031fd34a1ffab4d31d09",
              "checksumAlgorithm": "MD5"
            }
          ]
        },
        {
          "release": "RELEASE-2024",
          "productCode": "DP1.20107.001",
          "domainCode": "D01",
          "siteCode": "HOPB",
          "month": "2017-11",
          "packageType": "basic",
          "generationDate": "2024-01-27T00:04:25Z",
          "files": [
            {
              "fileName": "NEON.D01.HOPB.DP1.20107.001.fsh_bulkCount.2017-11.basic.20231227T071727Z.csv",
              "downloadFileName": null,
              "uri": "https://data.neonscience.org/api/v0/releases/RELEASE-2024/data/DP1.20107.001/HOPB/2017-11/NEON.D01.HOPB.DP1.20107.001.fsh_bulkCount.2017-11.basic.20231227T071727Z.csv",
              "fileSizeBytes": 1103,
              "checksum": "1ae269191d1fb2ad0657ecec82cbea5b",
              "checksumAlgorithm": "MD5"
            },
            {
              "fileName": "NEON.D01.HOPB.DP1.20107.001.EML.20171103-20171110.20240127T000425Z.xml",
              "downloadFileName": null,
              "uri": "https://data.neonscience.org/api/v0/releases/RELEASE-2024/data/DP1.20107.001/HOPB/2017-11/NEON.D01.HOPB.DP1.20107.001.EML.20171103-20171110.20240127T000425Z.xml",
              "fileSizeBytes": 253881,
              "checksum": "52eea6f0bdc461cb11df929366c001ed",
              "checksumAlgorithm": "MD5"
            },
            {
              "fileName": "NEON.D01.HOPB.DP1.20107.001.fsh_fieldData.2017-11.basic.20231227T071727Z.csv",
              "downloadFileName": null,
              "uri": "https://data.neonscience.org/api/v0/releases/RELEASE-2024/data/DP1.20107.001/HOPB/2017-11/NEON.D01.HOPB.DP1.20107.001.fsh_fieldData.2017-11.basic.20231227T071727Z.csv",
              "fileSizeBytes": 1438,
              "checksum": "9ad729a007b22f54fb934d3b7217cc99",
              "checksumAlgorithm": "MD5"
            },
            {
              "fileName": "NEON.D01.HOPB.DP1.20107.001.fsh_perPass.2017-11.basic.20231227T071727Z.csv",
              "downloadFileName": null,
              "uri": "https://data.neonscience.org/api/v0/releases/RELEASE-2024/data/DP1.20107.001/HOPB/2017-11/NEON.D01.HOPB.DP1.20107.001.fsh_perPass.2017-11.basic.20231227T071727Z.csv",
              "fileSizeBytes": 2507,
              "checksum": "1aa69fc18af31010c0c027da224f0ff5",
              "checksumAlgorithm": "MD5"
            },
            {
              "fileName": "NEON.D01.HOPB.DP1.20107.001.variables.20231227T071727Z.csv",
              "downloadFileName": null,
              "uri": "https://data.neonscience.org/api/v0/releases/RELEASE-2024/data/DP1.20107.001/HOPB/2017-11/NEON.D01.HOPB.DP1.20107.001.variables.20231227T071727Z.csv",
              "fileSizeBytes": 22626,
              "checksum": "a33e1f4b77e0b3d19aa4fb6e1af46ba3",
              "checksumAlgorithm": "MD5"
            },
            {
              "fileName": "NEON.D01.HOPB.DP1.20107.001.fsh_perFish.2017-11.basic.20231227T071727Z.csv",
              "downloadFileName": null,
              "uri": "https://data.neonscience.org/api/v0/releases/RELEASE-2024/data/DP1.20107.001/HOPB/2017-11/NEON.D01.HOPB.DP1.20107.001.fsh_perFish.2017-11.basic.20231227T071727Z.csv",
              "fileSizeBytes": 59168,
              "checksum": "980fcef4ae48e3ddc6c6ef855c0cd3a5",
              "checksumAlgorithm": "MD5"
            },
            {
              "fileName": "NEON.D01.HOPB.DP0.20107.001.categoricalCodes.20231227T071727Z.csv",
              "downloadFileName": null,
              "uri": "https://data.neonscience.org/api/v0/releases/RELEASE-2024/data/DP1.20107.001/HOPB/2017-11/NEON.D01.HOPB.DP0.20107.001.categoricalCodes.20231227T071727Z.csv",
              "fileSizeBytes": 18546,
              "checksum": "4a8ea71d3702cf59adb1072c2b00c71d",
              "checksumAlgorithm": "MD5"
            },
            {
              "fileName": "NEON.D01.HOPB.DP0.20107.001.validation.20231227T071727Z.csv",
              "downloadFileName": null,
              "uri": "https://data.neonscience.org/api/v0/releases/RELEASE-2024/data/DP1.20107.001/HOPB/2017-11/NEON.D01.HOPB.DP0.20107.001.validation.20231227T071727Z.csv",
              "fileSizeBytes": 36416,
              "checksum": "fd906cbbc9025813ed9afb233a07759d",
              "checksumAlgorithm": "MD5"
            },
            {
              "fileName": "NEON.D01.HOPB.DP1.20107.001.readme.20240127T000425Z.txt",
              "downloadFileName": null,
              "uri": "https://data.neonscience.org/api/v0/releases/RELEASE-2024/data/DP1.20107.001/HOPB/2017-11/NEON.D01.HOPB.DP1.20107.001.readme.20240127T000425Z.txt",
              "fileSizeBytes": 15429,
              "checksum": "54d499b6cb32f5ba2d6b7dd89a09e3a7",
              "checksumAlgorithm": "MD5"
            }
          ]
        },
        {
          "release": "RELEASE-2024",
          "productCode": "DP1.20107.001",
          "domainCode": "D01",
          "siteCode": "HOPB",
          "month": "2018-04",
          "packageType": "basic",
          "generationDate": "2024-01-27T00:04:25Z",
          "files": [
            {
              "fileName": "NEON.D01.HOPB.DP1.20107.001.variables.20231228T175144Z.csv",
              "downloadFileName": null,
              "uri": "https://data.neonscience.org/api/v0/releases/RELEASE-2024/data/DP1.20107.001/HOPB/2018-04/NEON.D01.HOPB.DP1.20107.001.variables.20231228T175144Z.csv",
              "fileSizeBytes": 22626,
              "checksum": "a33e1f4b77e0b3d19aa4fb6e1af46ba3",
              "checksumAlgorithm": "MD5"
            },
            {
              "fileName": "NEON.D01.HOPB.DP0.20107.001.validation.20231228T175144Z.csv",
              "downloadFileName": null,
              "uri": "https://data.neonscience.org/api/v0/releases/RELEASE-2024/data/DP1.20107.001/HOPB/2018-04/NEON.D01.HOPB.DP0.20107.001.validation.20231228T175144Z.csv",
              "fileSizeBytes": 36416,
              "checksum": "fd906cbbc9025813ed9afb233a07759d",
              "checksumAlgorithm": "MD5"
            },
            {
              "fileName": "NEON.D01.HOPB.DP0.20107.001.categoricalCodes.20231228T175144Z.csv",
              "downloadFileName": null,
              "uri": "https://data.neonscience.org/api/v0/releases/RELEASE-2024/data/DP1.20107.001/HOPB/2018-04/NEON.D01.HOPB.DP0.20107.001.categoricalCodes.20231228T175144Z.csv",
              "fileSizeBytes": 18546,
              "checksum": "cdfe294cf676398754aa20dceda0606f",
              "checksumAlgorithm": "MD5"
            },
            {
              "fileName": "NEON.D01.HOPB.DP1.20107.001.fsh_perFish.2018-04.basic.20231228T175144Z.csv",
              "downloadFileName": null,
              "uri": "https://data.neonscience.org/api/v0/releases/RELEASE-2024/data/DP1.20107.001/HOPB/2018-04/NEON.D01.HOPB.DP1.20107.001.fsh_perFish.2018-04.basic.20231228T175144Z.csv",
              "fileSizeBytes": 10915,
              "checksum": "60c98349fafa8f273640e71bd7f02178",
              "checksumAlgorithm": "MD5"
            },
            {
              "fileName": "NEON.D01.HOPB.DP1.20107.001.EML.20180430-20180430.20240127T000425Z.xml",
              "downloadFileName": null,
              "uri": "https://data.neonscience.org/api/v0/releases/RELEASE-2024/data/DP1.20107.001/HOPB/2018-04/NEON.D01.HOPB.DP1.20107.001.EML.20180430-20180430.20240127T000425Z.xml",
              "fileSizeBytes": 225906,
              "checksum": "3d7d746d7a78da72b160158ee5c48d64",
              "checksumAlgorithm": "MD5"
            },
            {
              "fileName": "NEON.D01.HOPB.DP1.20107.001.fsh_perPass.2018-04.basic.20231228T175144Z.csv",
              "downloadFileName": null,
              "uri": "https://data.neonscience.org/api/v0/releases/RELEASE-2024/data/DP1.20107.001/HOPB/2018-04/NEON.D01.HOPB.DP1.20107.001.fsh_perPass.2018-04.basic.20231228T175144Z.csv",
              "fileSizeBytes": 1408,
              "checksum": "0c4dbd9813e06968d04b8d726e87dc44",
              "checksumAlgorithm": "MD5"
            },
            {
              "fileName": "NEON.D01.HOPB.DP1.20107.001.readme.20240127T000425Z.txt",
              "downloadFileName": null,
              "uri": "https://data.neonscience.org/api/v0/releases/RELEASE-2024/data/DP1.20107.001/HOPB/2018-04/NEON.D01.HOPB.DP1.20107.001.readme.20240127T000425Z.txt",
              "fileSizeBytes": 15314,
              "checksum": "47dce6f963cde58563e44a254e3c723f",
              "checksumAlgorithm": "MD5"
            },
            {
              "fileName": "NEON.D01.HOPB.DP1.20107.001.fsh_fieldData.2018-04.basic.20231228T175144Z.csv",
              "downloadFileName": null,
              "uri": "https://data.neonscience.org/api/v0/releases/RELEASE-2024/data/DP1.20107.001/HOPB/2018-04/NEON.D01.HOPB.DP1.20107.001.fsh_fieldData.2018-04.basic.20231228T175144Z.csv",
              "fileSizeBytes": 680,
              "checksum": "59d4d5858e77410c9214bcfcaa781bd2",
              "checksumAlgorithm": "MD5"
            }
          ]
        },
        {
          "release": "RELEASE-2024",
          "productCode": "DP1.20107.001",
          "domainCode": "D01",
          "siteCode": "HOPB",
          "month": "2018-05",
          "packageType": "basic",
          "generationDate": "2024-01-27T00:04:25Z",
          "files": [
            {
              "fileName": "NEON.D01.HOPB.DP1.20107.001.EML.20180501-20180503.20240127T000425Z.xml",
              "downloadFileName": null,
              "uri": "https://data.neonscience.org/api/v0/releases/RELEASE-2024/data/DP1.20107.001/HOPB/2018-05/NEON.D01.HOPB.DP1.20107.001.EML.20180501-20180503.20240127T000425Z.xml",
              "fileSizeBytes": 253881,
              "checksum": "7f5f23b67318931489840e17d9b5e0a5",
              "checksumAlgorithm": "MD5"
            },
            {
              "fileName": "NEON.D01.HOPB.DP0.20107.001.categoricalCodes.20231228T194709Z.csv",
              "downloadFileName": null,
              "uri": "https://data.neonscience.org/api/v0/releases/RELEASE-2024/data/DP1.20107.001/HOPB/2018-05/NEON.D01.HOPB.DP0.20107.001.categoricalCodes.20231228T194709Z.csv",
              "fileSizeBytes": 18546,
              "checksum": "4a8ea71d3702cf59adb1072c2b00c71d",
              "checksumAlgorithm": "MD5"
            },
            {
              "fileName": "NEON.D01.HOPB.DP1.20107.001.fsh_perPass.2018-05.basic.20231228T194709Z.csv",
              "downloadFileName": null,
              "uri": "https://data.neonscience.org/api/v0/releases/RELEASE-2024/data/DP1.20107.001/HOPB/2018-05/NEON.D01.HOPB.DP1.20107.001.fsh_perPass.2018-05.basic.20231228T194709Z.csv",
              "fileSizeBytes": 3037,
              "checksum": "388ce3cd956d65caa9c89c1347fa9b16",
              "checksumAlgorithm": "MD5"
            },
            {
              "fileName": "NEON.D01.HOPB.DP1.20107.001.readme.20240127T000425Z.txt",
              "downloadFileName": null,
              "uri": "https://data.neonscience.org/api/v0/releases/RELEASE-2024/data/DP1.20107.001/HOPB/2018-05/NEON.D01.HOPB.DP1.20107.001.readme.20240127T000425Z.txt",
              "fileSizeBytes": 15429,
              "checksum": "00cf163ae370e31ae589aa543f9ecfc1",
              "checksumAlgorithm": "MD5"
            },
            {
              "fileName": "NEON.D01.HOPB.DP1.20107.001.fsh_perFish.2018-05.basic.20231228T194709Z.csv",
              "downloadFileName": null,
              "uri": "https://data.neonscience.org/api/v0/releases/RELEASE-2024/data/DP1.20107.001/HOPB/2018-05/NEON.D01.HOPB.DP1.20107.001.fsh_perFish.2018-05.basic.20231228T194709Z.csv",
              "fileSizeBytes": 98518,
              "checksum": "87bd816198b577cb59825891943b9cc2",
              "checksumAlgorithm": "MD5"
            },
            {
              "fileName": "NEON.D01.HOPB.DP1.20107.001.fsh_bulkCount.2018-05.basic.20231228T194709Z.csv",
              "downloadFileName": null,
              "uri": "https://data.neonscience.org/api/v0/releases/RELEASE-2024/data/DP1.20107.001/HOPB/2018-05/NEON.D01.HOPB.DP1.20107.001.fsh_bulkCount.2018-05.basic.20231228T194709Z.csv",
              "fileSizeBytes": 881,
              "checksum": "9be183f21fb7ccf2730dec9af3ee5b56",
              "checksumAlgorithm": "MD5"
            },
            {
              "fileName": "NEON.D01.HOPB.DP1.20107.001.variables.20231228T194709Z.csv",
              "downloadFileName": null,
              "uri": "https://data.neonscience.org/api/v0/releases/RELEASE-2024/data/DP1.20107.001/HOPB/2018-05/NEON.D01.HOPB.DP1.20107.001.variables.20231228T194709Z.csv",
              "fileSizeBytes": 22626,
              "checksum": "a33e1f4b77e0b3d19aa4fb6e1af46ba3",
              "checksumAlgorithm": "MD5"
            },
            {
              "fileName": "NEON.D01.HOPB.DP1.20107.001.fsh_fieldData.2018-05.basic.20231228T194709Z.csv",
              "downloadFileName": null,
              "uri": "https://data.neonscience.org/api/v0/releases/RELEASE-2024/data/DP1.20107.001/HOPB/2018-05/NEON.D01.HOPB.DP1.20107.001.fsh_fieldData.2018-05.basic.20231228T194709Z.csv",
              "fileSizeBytes": 2075,
              "checksum": "89ef9c7c0a4733ce40f8d4db7cb885c3",
              "checksumAlgorithm": "MD5"
            },
            {
              "fileName": "NEON.D01.HOPB.DP0.20107.001.validation.20231228T194709Z.csv",
              "downloadFileName": null,
              "uri": "https://data.neonscience.org/api/v0/releases/RELEASE-2024/data/DP1.20107.001/HOPB/2018-05/NEON.D01.HOPB.DP0.20107.001.validation.20231228T194709Z.csv",
              "fileSizeBytes": 36416,
              "checksum": "fd906cbbc9025813ed9afb233a07759d",
              "checksumAlgorithm": "MD5"
            }
          ]
        },
        {
          "release": "RELEASE-2024",
          "productCode": "DP1.20107.001",
          "domainCode": "D01",
          "siteCode": "HOPB",
          "month": "2018-10",
          "packageType": "basic",
          "generationDate": "2024-01-27T00:04:25Z",
          "files": [
            {
              "fileName": "NEON.D01.HOPB.DP1.20107.001.fsh_perFish.2018-10.basic.20231228T175449Z.csv",
              "downloadFileName": null,
              "uri": "https://data.neonscience.org/api/v0/releases/RELEASE-2024/data/DP1.20107.001/HOPB/2018-10/NEON.D01.HOPB.DP1.20107.001.fsh_perFish.2018-10.basic.20231228T175449Z.csv",
              "fileSizeBytes": 120356,
              "checksum": "bfcbe8a167650b5d771063df19b953e8",
              "checksumAlgorithm": "MD5"
            },
            {
              "fileName": "NEON.D01.HOPB.DP0.20107.001.validation.20231228T175449Z.csv",
              "downloadFileName": null,
              "uri": "https://data.neonscience.org/api/v0/releases/RELEASE-2024/data/DP1.20107.001/HOPB/2018-10/NEON.D01.HOPB.DP0.20107.001.validation.20231228T175449Z.csv",
              "fileSizeBytes": 36416,
              "checksum": "fd906cbbc9025813ed9afb233a07759d",
              "checksumAlgorithm": "MD5"
            },
            {
              "fileName": "NEON.D01.HOPB.DP1.20107.001.EML.20181022-20181025.20240127T000425Z.xml",
              "downloadFileName": null,
              "uri": "https://data.neonscience.org/api/v0/releases/RELEASE-2024/data/DP1.20107.001/HOPB/2018-10/NEON.D01.HOPB.DP1.20107.001.EML.20181022-20181025.20240127T000425Z.xml",
              "fileSizeBytes": 225908,
              "checksum": "835a7faf882551518c3b99272cfbcfc9",
              "checksumAlgorithm": "MD5"
            },
            {
              "fileName": "NEON.D01.HOPB.DP1.20107.001.fsh_perPass.2018-10.basic.20231228T175449Z.csv",
              "downloadFileName": null,
              "uri": "https://data.neonscience.org/api/v0/releases/RELEASE-2024/data/DP1.20107.001/HOPB/2018-10/NEON.D01.HOPB.DP1.20107.001.fsh_perPass.2018-10.basic.20231228T175449Z.csv",
              "fileSizeBytes": 3838,
              "checksum": "e9788ab25cb744495064096de18ea58c",
              "checksumAlgorithm": "MD5"
            },
            {
              "fileName": "NEON.D01.HOPB.DP1.20107.001.variables.20231228T175449Z.csv",
              "downloadFileName": null,
              "uri": "https://data.neonscience.org/api/v0/releases/RELEASE-2024/data/DP1.20107.001/HOPB/2018-10/NEON.D01.HOPB.DP1.20107.001.variables.20231228T175449Z.csv",
              "fileSizeBytes": 22626,
              "checksum": "a33e1f4b77e0b3d19aa4fb6e1af46ba3",
              "checksumAlgorithm": "MD5"
            },
            {
              "fileName": "NEON.D01.HOPB.DP1.20107.001.readme.20240127T000425Z.txt",
              "downloadFileName": null,
              "uri": "https://data.neonscience.org/api/v0/releases/RELEASE-2024/data/DP1.20107.001/HOPB/2018-10/NEON.D01.HOPB.DP1.20107.001.readme.20240127T000425Z.txt",
              "fileSizeBytes": 15314,
              "checksum": "da2793d7aa5b54e6d049d02c2f15aa42",
              "checksumAlgorithm": "MD5"
            },
            {
              "fileName": "NEON.D01.HOPB.DP0.20107.001.categoricalCodes.20231228T175449Z.csv",
              "downloadFileName": null,
              "uri": "https://data.neonscience.org/api/v0/releases/RELEASE-2024/data/DP1.20107.001/HOPB/2018-10/NEON.D01.HOPB.DP0.20107.001.categoricalCodes.20231228T175449Z.csv",
              "fileSizeBytes": 18546,
              "checksum": "c8aaf1d227bd0dbf985b1d1e32fc6083",
              "checksumAlgorithm": "MD5"
            },
            {
              "fileName": "NEON.D01.HOPB.DP1.20107.001.fsh_fieldData.2018-10.basic.20231228T175449Z.csv",
              "downloadFileName": null,
              "uri": "https://data.neonscience.org/api/v0/releases/RELEASE-2024/data/DP1.20107.001/HOPB/2018-10/NEON.D01.HOPB.DP1.20107.001.fsh_fieldData.2018-10.basic.20231228T175449Z.csv",
              "fileSizeBytes": 2417,
              "checksum": "e9f44f1d81b91474a63b6b4c002ebd1c",
              "checksumAlgorithm": "MD5"
            }
          ]
        },
        {
          "release": "RELEASE-2024",
          "productCode": "DP1.20107.001",
          "domainCode": "D01",
          "siteCode": "HOPB",
          "month": "2019-05",
          "packageType": "basic",
          "generationDate": "2024-01-27T00:04:25Z",
          "files": [
            {
              "fileName": "NEON.D01.HOPB.DP1.20107.001.readme.20240127T000425Z.txt",
              "downloadFileName": null,
              "uri": "https://data.neonscience.org/api/v0/releases/RELEASE-2024/data/DP1.20107.001/HOPB/2019-05/NEON.D01.HOPB.DP1.20107.001.readme.20240127T000425Z.txt",
              "fileSizeBytes": 15314,
              "checksum": "4192bf0af2a43cb152f7c16c3b4c57f7",
              "checksumAlgorithm": "MD5"
            },
            {
              "fileName": "NEON.D01.HOPB.DP1.20107.001.variables.20231227T170150Z.csv",
              "downloadFileName": null,
              "uri": "https://data.neonscience.org/api/v0/releases/RELEASE-2024/data/DP1.20107.001/HOPB/2019-05/NEON.D01.HOPB.DP1.20107.001.variables.20231227T170150Z.csv",
              "fileSizeBytes": 22626,
              "checksum": "a33e1f4b77e0b3d19aa4fb6e1af46ba3",
              "checksumAlgorithm": "MD5"
            },
            {
              "fileName": "NEON.D01.HOPB.DP1.20107.001.EML.20190506-20190509.20240127T000425Z.xml",
              "downloadFileName": null,
              "uri": "https://data.neonscience.org/api/v0/releases/RELEASE-2024/data/DP1.20107.001/HOPB/2019-05/NEON.D01.HOPB.DP1.20107.001.EML.20190506-20190509.20240127T000425Z.xml",
              "fileSizeBytes": 225908,
              "checksum": "a6ef03cead4c4d9afa90390065ed118f",
              "checksumAlgorithm": "MD5"
            },
            {
              "fileName": "NEON.D01.HOPB.DP1.20107.001.fsh_perPass.2019-05.basic.20231227T170150Z.csv",
              "downloadFileName": null,
              "uri": "https://data.neonscience.org/api/v0/releases/RELEASE-2024/data/DP1.20107.001/HOPB/2019-05/NEON.D01.HOPB.DP1.20107.001.fsh_perPass.2019-05.basic.20231227T170150Z.csv",
              "fileSizeBytes": 3775,
              "checksum": "73ac5bf5ec8b245f75a1f5e3d54744a6",
              "checksumAlgorithm": "MD5"
            },
            {
              "fileName": "NEON.D01.HOPB.DP1.20107.001.fsh_fieldData.2019-05.basic.20231227T170150Z.csv",
              "downloadFileName": null,
              "uri": "https://data.neonscience.org/api/v0/releases/RELEASE-2024/data/DP1.20107.001/HOPB/2019-05/NEON.D01.HOPB.DP1.20107.001.fsh_fieldData.2019-05.basic.20231227T170150Z.csv",
              "fileSizeBytes": 2203,
              "checksum": "b2b4a95af78d82f65a6f95c77523b225",
              "checksumAlgorithm": "MD5"
            },
            {
              "fileName": "NEON.D01.HOPB.DP1.20107.001.fsh_perFish.2019-05.basic.20231227T170150Z.csv",
              "downloadFileName": null,
              "uri": "https://data.neonscience.org/api/v0/releases/RELEASE-2024/data/DP1.20107.001/HOPB/2019-05/NEON.D01.HOPB.DP1.20107.001.fsh_perFish.2019-05.basic.20231227T170150Z.csv",
              "fileSizeBytes": 75618,
              "checksum": "3a6d3eecb8b93eb33bf863edf1ea2027",
              "checksumAlgorithm": "MD5"
            },
            {
              "fileName": "NEON.D01.HOPB.DP0.20107.001.validation.20231227T170150Z.csv",
              "downloadFileName": null,
              "uri": "https://data.neonscience.org/api/v0/releases/RELEASE-2024/data/DP1.20107.001/HOPB/2019-05/NEON.D01.HOPB.DP0.20107.001.validation.20231227T170150Z.csv",
              "fileSizeBytes": 36416,
              "checksum": "fd906cbbc9025813ed9afb233a07759d",
              "checksumAlgorithm": "MD5"
            },
            {
              "fileName": "NEON.D01.HOPB.DP0.20107.001.categoricalCodes.20231227T170150Z.csv",
              "downloadFileName": null,
              "uri": "https://data.neonscience.org/api/v0/releases/RELEASE-2024/data/DP1.20107.001/HOPB/2019-05/NEON.D01.HOPB.DP0.20107.001.categoricalCodes.20231227T170150Z.csv",
              "fileSizeBytes": 18546,
              "checksum": "cdfe294cf676398754aa20dceda0606f",
              "checksumAlgorithm": "MD5"
            }
          ]
        },
        {
          "release": "RELEASE-2024",
          "productCode": "DP1.20107.001",
          "domainCode": "D01",
          "siteCode": "HOPB",
          "month": "2019-10",
          "packageType": "basic",
          "generationDate": "2024-01-27T00:04:25Z",
          "files": [
            {
              "fileName": "NEON.D01.HOPB.DP1.20107.001.fsh_perPass.2019-10.basic.20231227T163958Z.csv",
              "downloadFileName": null,
              "uri": "https://data.neonscience.org/api/v0/releases/RELEASE-2024/data/DP1.20107.001/HOPB/2019-10/NEON.D01.HOPB.DP1.20107.001.fsh_perPass.2019-10.basic.20231227T163958Z.csv",
              "fileSizeBytes": 3866,
              "checksum": "01189cf2dfd88083540ad732a166e526",
              "checksumAlgorithm": "MD5"
            },
            {
              "fileName": "NEON.D01.HOPB.DP1.20107.001.EML.20191021-20191025.20240127T000425Z.xml",
              "downloadFileName": null,
              "uri": "https://data.neonscience.org/api/v0/releases/RELEASE-2024/data/DP1.20107.001/HOPB/2019-10/NEON.D01.HOPB.DP1.20107.001.EML.20191021-20191025.20240127T000425Z.xml",
              "fileSizeBytes": 253882,
              "checksum": "a9b11419c7fb7c1db96aa6a88df690e2",
              "checksumAlgorithm": "MD5"
            },
            {
              "fileName": "NEON.D01.HOPB.DP0.20107.001.validation.20231227T163958Z.csv",
              "downloadFileName": null,
              "uri": "https://data.neonscience.org/api/v0/releases/RELEASE-2024/data/DP1.20107.001/HOPB/2019-10/NEON.D01.HOPB.DP0.20107.001.validation.20231227T163958Z.csv",
              "fileSizeBytes": 36416,
              "checksum": "fd906cbbc9025813ed9afb233a07759d",
              "checksumAlgorithm": "MD5"
            },
            {
              "fileName": "NEON.D01.HOPB.DP1.20107.001.fsh_bulkCount.2019-10.basic.20231227T163958Z.csv",
              "downloadFileName": null,
              "uri": "https://data.neonscience.org/api/v0/releases/RELEASE-2024/data/DP1.20107.001/HOPB/2019-10/NEON.D01.HOPB.DP1.20107.001.fsh_bulkCount.2019-10.basic.20231227T163958Z.csv",
              "fileSizeBytes": 1512,
              "checksum": "848dd1b212d8396fe73f1780a7e2451b",
              "checksumAlgorithm": "MD5"
            },
            {
              "fileName": "NEON.D01.HOPB.DP1.20107.001.fsh_fieldData.2019-10.basic.20231227T163958Z.csv",
              "downloadFileName": null,
              "uri": "https://data.neonscience.org/api/v0/releases/RELEASE-2024/data/DP1.20107.001/HOPB/2019-10/NEON.D01.HOPB.DP1.20107.001.fsh_fieldData.2019-10.basic.20231227T163958Z.csv",
              "fileSizeBytes": 2203,
              "checksum": "a2cebf509758e5f73995928a2e4780d5",
              "checksumAlgorithm": "MD5"
            },
            {
              "fileName": "NEON.D01.HOPB.DP0.20107.001.categoricalCodes.20231227T163958Z.csv",
              "downloadFileName": null,
              "uri": "https://data.neonscience.org/api/v0/releases/RELEASE-2024/data/DP1.20107.001/HOPB/2019-10/NEON.D01.HOPB.DP0.20107.001.categoricalCodes.20231227T163958Z.csv",
              "fileSizeBytes": 18546,
              "checksum": "639b4690e8c147695580c4f5b5f5e812",
              "checksumAlgorithm": "MD5"
            },
            {
              "fileName": "NEON.D01.HOPB.DP1.20107.001.fsh_perFish.2019-10.basic.20231227T163958Z.csv",
              "downloadFileName": null,
              "uri": "https://data.neonscience.org/api/v0/releases/RELEASE-2024/data/DP1.20107.001/HOPB/2019-10/NEON.D01.HOPB.DP1.20107.001.fsh_perFish.2019-10.basic.20231227T163958Z.csv",
              "fileSizeBytes": 184054,
              "checksum": "738f8fe49e9542c22c1ff59044ae389e",
              "checksumAlgorithm": "MD5"
            },
            {
              "fileName": "NEON.D01.HOPB.DP1.20107.001.readme.20240127T000425Z.txt",
              "downloadFileName": null,
              "uri": "https://data.neonscience.org/api/v0/releases/RELEASE-2024/data/DP1.20107.001/HOPB/2019-10/NEON.D01.HOPB.DP1.20107.001.readme.20240127T000425Z.txt",
              "fileSizeBytes": 15429,
              "checksum": "85caec7869de171662af33ff8a8e8d68",
              "checksumAlgorithm": "MD5"
            },
            {
              "fileName": "NEON.D01.HOPB.DP1.20107.001.variables.20231227T163958Z.csv",
              "downloadFileName": null,
              "uri": "https://data.neonscience.org/api/v0/releases/RELEASE-2024/data/DP1.20107.001/HOPB/2019-10/NEON.D01.HOPB.DP1.20107.001.variables.20231227T163958Z.csv",
              "fileSizeBytes": 22626,
              "checksum": "a33e1f4b77e0b3d19aa4fb6e1af46ba3",
              "checksumAlgorithm": "MD5"
            }
          ]
        },
        {
          "release": "RELEASE-2024",
          "productCode": "DP1.20107.001",
          "domainCode": "D01",
          "siteCode": "HOPB",
          "month": "2020-10",
          "packageType": "basic",
          "generationDate": "2024-01-27T00:04:25Z",
          "files": [
            {
              "fileName": "NEON.D01.HOPB.DP1.20107.001.readme.20240127T000425Z.txt",
              "downloadFileName": null,
              "uri": "https://data.neonscience.org/api/v0/releases/RELEASE-2024/data/DP1.20107.001/HOPB/2020-10/NEON.D01.HOPB.DP1.20107.001.readme.20240127T000425Z.txt",
              "fileSizeBytes": 15429,
              "checksum": "a4b80430ac64947b05e8799219295a5e",
              "checksumAlgorithm": "MD5"
            },
            {
              "fileName": "NEON.D01.HOPB.DP1.20107.001.fsh_fieldData.2020-10.basic.20231227T225111Z.csv",
              "downloadFileName": null,
              "uri": "https://data.neonscience.org/api/v0/releases/RELEASE-2024/data/DP1.20107.001/HOPB/2020-10/NEON.D01.HOPB.DP1.20107.001.fsh_fieldData.2020-10.basic.20231227T225111Z.csv",
              "fileSizeBytes": 2202,
              "checksum": "7301aedee347208ca2a7e17788710848",
              "checksumAlgorithm": "MD5"
            },
            {
              "fileName": "NEON.D01.HOPB.DP1.20107.001.fsh_bulkCount.2020-10.basic.20231227T225111Z.csv",
              "downloadFileName": null,
              "uri": "https://data.neonscience.org/api/v0/releases/RELEASE-2024/data/DP1.20107.001/HOPB/2020-10/NEON.D01.HOPB.DP1.20107.001.fsh_bulkCount.2020-10.basic.20231227T225111Z.csv",
              "fileSizeBytes": 1071,
              "checksum": "6e7da1dbefa284f1039412106cd7d429",
              "checksumAlgorithm": "MD5"
            },
            {
              "fileName": "NEON.D01.HOPB.DP1.20107.001.fsh_perPass.2020-10.basic.20231227T225111Z.csv",
              "downloadFileName": null,
              "uri": "https://data.neonscience.org/api/v0/releases/RELEASE-2024/data/DP1.20107.001/HOPB/2020-10/NEON.D01.HOPB.DP1.20107.001.fsh_perPass.2020-10.basic.20231227T225111Z.csv",
              "fileSizeBytes": 3826,
              "checksum": "663f964047106466e02bcc8c115cb915",
              "checksumAlgorithm": "MD5"
            },
            {
              "fileName": "NEON.D01.HOPB.DP0.20107.001.validation.20231227T225111Z.csv",
              "downloadFileName": null,
              "uri": "https://data.neonscience.org/api/v0/releases/RELEASE-2024/data/DP1.20107.001/HOPB/2020-10/NEON.D01.HOPB.DP0.20107.001.validation.20231227T225111Z.csv",
              "fileSizeBytes": 36416,
              "checksum": "fd906cbbc9025813ed9afb233a07759d",
              "checksumAlgorithm": "MD5"
            },
            {
              "fileName": "NEON.D01.HOPB.DP0.20107.001.categoricalCodes.20231227T225111Z.csv",
              "downloadFileName": null,
              "uri": "https://data.neonscience.org/api/v0/releases/RELEASE-2024/data/DP1.20107.001/HOPB/2020-10/NEON.D01.HOPB.DP0.20107.001.categoricalCodes.20231227T225111Z.csv",
              "fileSizeBytes": 18546,
              "checksum": "c8aaf1d227bd0dbf985b1d1e32fc6083",
              "checksumAlgorithm": "MD5"
            },
            {
              "fileName": "NEON.D01.HOPB.DP1.20107.001.fsh_perFish.2020-10.basic.20231227T225111Z.csv",
              "downloadFileName": null,
              "uri": "https://data.neonscience.org/api/v0/releases/RELEASE-2024/data/DP1.20107.001/HOPB/2020-10/NEON.D01.HOPB.DP1.20107.001.fsh_perFish.2020-10.basic.20231227T225111Z.csv",
              "fileSizeBytes": 180480,
              "checksum": "b2c97934e3c415e347a7b04f5bcec4fb",
              "checksumAlgorithm": "MD5"
            },
            {
              "fileName": "NEON.D01.HOPB.DP1.20107.001.variables.20231227T225111Z.csv",
              "downloadFileName": null,
              "uri": "https://data.neonscience.org/api/v0/releases/RELEASE-2024/data/DP1.20107.001/HOPB/2020-10/NEON.D01.HOPB.DP1.20107.001.variables.20231227T225111Z.csv",
              "fileSizeBytes": 22626,
              "checksum": "a33e1f4b77e0b3d19aa4fb6e1af46ba3",
              "checksumAlgorithm": "MD5"
            },
            {
              "fileName": "NEON.D01.HOPB.DP1.20107.001.EML.20201026-20201029.20240127T000425Z.xml",
              "downloadFileName": null,
              "uri": "https://data.neonscience.org/api/v0/releases/RELEASE-2024/data/DP1.20107.001/HOPB/2020-10/NEON.D01.HOPB.DP1.20107.001.EML.20201026-20201029.20240127T000425Z.xml",
              "fileSizeBytes": 253882,
              "checksum": "83d631677eba942930da65ae740b7b31",
              "checksumAlgorithm": "MD5"
            }
          ]
        },
        {
          "release": "RELEASE-2024",
          "productCode": "DP1.20107.001",
          "domainCode": "D01",
          "siteCode": "HOPB",
          "month": "2021-05",
          "packageType": "basic",
          "generationDate": "2024-01-27T00:04:25Z",
          "files": [
            {
              "fileName": "NEON.D01.HOPB.DP0.20107.001.validation.20231227T232520Z.csv",
              "downloadFileName": null,
              "uri": "https://data.neonscience.org/api/v0/releases/RELEASE-2024/data/DP1.20107.001/HOPB/2021-05/NEON.D01.HOPB.DP0.20107.001.validation.20231227T232520Z.csv",
              "fileSizeBytes": 36416,
              "checksum": "fd906cbbc9025813ed9afb233a07759d",
              "checksumAlgorithm": "MD5"
            },
            {
              "fileName": "NEON.D01.HOPB.DP1.20107.001.fsh_fieldData.2021-05.basic.20231227T232520Z.csv",
              "downloadFileName": null,
              "uri": "https://data.neonscience.org/api/v0/releases/RELEASE-2024/data/DP1.20107.001/HOPB/2021-05/NEON.D01.HOPB.DP1.20107.001.fsh_fieldData.2021-05.basic.20231227T232520Z.csv",
              "fileSizeBytes": 2283,
              "checksum": "4a042989b277675e928e1fd4ce251f82",
              "checksumAlgorithm": "MD5"
            },
            {
              "fileName": "NEON.D01.HOPB.DP1.20107.001.fsh_perPass.2021-05.basic.20231227T232520Z.csv",
              "downloadFileName": null,
              "uri": "https://data.neonscience.org/api/v0/releases/RELEASE-2024/data/DP1.20107.001/HOPB/2021-05/NEON.D01.HOPB.DP1.20107.001.fsh_perPass.2021-05.basic.20231227T232520Z.csv",
              "fileSizeBytes": 1927,
              "checksum": "875a85f42eea870756ce25cfd92a675e",
              "checksumAlgorithm": "MD5"
            },
            {
              "fileName": "NEON.D01.HOPB.DP1.20107.001.readme.20240127T000425Z.txt",
              "downloadFileName": null,
              "uri": "https://data.neonscience.org/api/v0/releases/RELEASE-2024/data/DP1.20107.001/HOPB/2021-05/NEON.D01.HOPB.DP1.20107.001.readme.20240127T000425Z.txt",
              "fileSizeBytes": 15314,
              "checksum": "c53e5d4ff8d22b68c62f7b3ab3cbab4b",
              "checksumAlgorithm": "MD5"
            },
            {
              "fileName": "NEON.D01.HOPB.DP1.20107.001.variables.20231227T232520Z.csv",
              "downloadFileName": null,
              "uri": "https://data.neonscience.org/api/v0/releases/RELEASE-2024/data/DP1.20107.001/HOPB/2021-05/NEON.D01.HOPB.DP1.20107.001.variables.20231227T232520Z.csv",
              "fileSizeBytes": 22626,
              "checksum": "a33e1f4b77e0b3d19aa4fb6e1af46ba3",
              "checksumAlgorithm": "MD5"
            },
            {
              "fileName": "NEON.D01.HOPB.DP1.20107.001.fsh_perFish.2021-05.basic.20231227T232520Z.csv",
              "downloadFileName": null,
              "uri": "https://data.neonscience.org/api/v0/releases/RELEASE-2024/data/DP1.20107.001/HOPB/2021-05/NEON.D01.HOPB.DP1.20107.001.fsh_perFish.2021-05.basic.20231227T232520Z.csv",
              "fileSizeBytes": 38773,
              "checksum": "583883b14c87840bf87e16950744cb85",
              "checksumAlgorithm": "MD5"
            },
            {
              "fileName": "NEON.D01.HOPB.DP1.20107.001.EML.20210503-20210506.20240127T000425Z.xml",
              "downloadFileName": null,
              "uri": "https://data.neonscience.org/api/v0/releases/RELEASE-2024/data/DP1.20107.001/HOPB/2021-05/NEON.D01.HOPB.DP1.20107.001.EML.20210503-20210506.20240127T000425Z.xml",
              "fileSizeBytes": 225907,
              "checksum": "44b571b3ac61eab016b31fcbe2b755be",
              "checksumAlgorithm": "MD5"
            },
            {
              "fileName": "NEON.D01.HOPB.DP0.20107.001.categoricalCodes.20231227T232520Z.csv",
              "downloadFileName": null,
              "uri": "https://data.neonscience.org/api/v0/releases/RELEASE-2024/data/DP1.20107.001/HOPB/2021-05/NEON.D01.HOPB.DP0.20107.001.categoricalCodes.20231227T232520Z.csv",
              "fileSizeBytes": 18546,
              "checksum": "4a8ea71d3702cf59adb1072c2b00c71d",
              "checksumAlgorithm": "MD5"
            }
          ]
        },
        {
          "release": "RELEASE-2024",
          "productCode": "DP1.20107.001",
          "domainCode": "D01",
          "siteCode": "HOPB",
          "month": "2021-10",
          "packageType": "basic",
          "generationDate": "2024-01-27T00:04:25Z",
          "files": [
            {
              "fileName": "NEON.D01.HOPB.DP1.20107.001.fsh_perPass.2021-10.basic.20231227T232851Z.csv",
              "downloadFileName": null,
              "uri": "https://data.neonscience.org/api/v0/releases/RELEASE-2024/data/DP1.20107.001/HOPB/2021-10/NEON.D01.HOPB.DP1.20107.001.fsh_perPass.2021-10.basic.20231227T232851Z.csv",
              "fileSizeBytes": 1362,
              "checksum": "bd18c6a667e9e62906e807ae435e1b6d",
              "checksumAlgorithm": "MD5"
            },
            {
              "fileName": "NEON.D01.HOPB.DP1.20107.001.variables.20231227T232851Z.csv",
              "downloadFileName": null,
              "uri": "https://data.neonscience.org/api/v0/releases/RELEASE-2024/data/DP1.20107.001/HOPB/2021-10/NEON.D01.HOPB.DP1.20107.001.variables.20231227T232851Z.csv",
              "fileSizeBytes": 22626,
              "checksum": "a33e1f4b77e0b3d19aa4fb6e1af46ba3",
              "checksumAlgorithm": "MD5"
            },
            {
              "fileName": "NEON.D01.HOPB.DP1.20107.001.fsh_perFish.2021-10.basic.20231227T232851Z.csv",
              "downloadFileName": null,
              "uri": "https://data.neonscience.org/api/v0/releases/RELEASE-2024/data/DP1.20107.001/HOPB/2021-10/NEON.D01.HOPB.DP1.20107.001.fsh_perFish.2021-10.basic.20231227T232851Z.csv",
              "fileSizeBytes": 17676,
              "checksum": "1adeb8645d4dcc2c90b62215b42624d0",
              "checksumAlgorithm": "MD5"
            },
            {
              "fileName": "NEON.D01.HOPB.DP1.20107.001.EML.20211029-20211029.20240127T000425Z.xml",
              "downloadFileName": null,
              "uri": "https://data.neonscience.org/api/v0/releases/RELEASE-2024/data/DP1.20107.001/HOPB/2021-10/NEON.D01.HOPB.DP1.20107.001.EML.20211029-20211029.20240127T000425Z.xml",
              "fileSizeBytes": 225906,
              "checksum": "bff05875fd19687bbbb8d07612c296da",
              "checksumAlgorithm": "MD5"
            },
            {
              "fileName": "NEON.D01.HOPB.DP0.20107.001.validation.20231227T232851Z.csv",
              "downloadFileName": null,
              "uri": "https://data.neonscience.org/api/v0/releases/RELEASE-2024/data/DP1.20107.001/HOPB/2021-10/NEON.D01.HOPB.DP0.20107.001.validation.20231227T232851Z.csv",
              "fileSizeBytes": 36416,
              "checksum": "fd906cbbc9025813ed9afb233a07759d",
              "checksumAlgorithm": "MD5"
            },
            {
              "fileName": "NEON.D01.HOPB.DP0.20107.001.categoricalCodes.20231227T232851Z.csv",
              "downloadFileName": null,
              "uri": "https://data.neonscience.org/api/v0/releases/RELEASE-2024/data/DP1.20107.001/HOPB/2021-10/NEON.D01.HOPB.DP0.20107.001.categoricalCodes.20231227T232851Z.csv",
              "fileSizeBytes": 18546,
              "checksum": "4a8ea71d3702cf59adb1072c2b00c71d",
              "checksumAlgorithm": "MD5"
            },
            {
              "fileName": "NEON.D01.HOPB.DP1.20107.001.readme.20240127T000425Z.txt",
              "downloadFileName": null,
              "uri": "https://data.neonscience.org/api/v0/releases/RELEASE-2024/data/DP1.20107.001/HOPB/2021-10/NEON.D01.HOPB.DP1.20107.001.readme.20240127T000425Z.txt",
              "fileSizeBytes": 15314,
              "checksum": "30fbb70f4f2a5905440f28a8b3e600ee",
              "checksumAlgorithm": "MD5"
            },
            {
              "fileName": "NEON.D01.HOPB.DP1.20107.001.fsh_fieldData.2021-10.basic.20231227T232851Z.csv",
              "downloadFileName": null,
              "uri": "https://data.neonscience.org/api/v0/releases/RELEASE-2024/data/DP1.20107.001/HOPB/2021-10/NEON.D01.HOPB.DP1.20107.001.fsh_fieldData.2021-10.basic.20231227T232851Z.csv",
              "fileSizeBytes": 971,
              "checksum": "ded32ac75dc27c8de40de11dd898439e",
              "checksumAlgorithm": "MD5"
            }
          ]
        },
        {
          "release": "RELEASE-2024",
          "productCode": "DP1.20107.001",
          "domainCode": "D01",
          "siteCode": "HOPB",
          "month": "2021-11",
          "packageType": "basic",
          "generationDate": "2024-01-27T00:04:25Z",
          "files": [
            {
              "fileName": "NEON.D01.HOPB.DP1.20107.001.fsh_fieldData.2021-11.basic.20231228T004656Z.csv",
              "downloadFileName": null,
              "uri": "https://data.neonscience.org/api/v0/releases/RELEASE-2024/data/DP1.20107.001/HOPB/2021-11/NEON.D01.HOPB.DP1.20107.001.fsh_fieldData.2021-11.basic.20231228T004656Z.csv",
              "fileSizeBytes": 1606,
              "checksum": "39109ee92a36824ab2790c4969320363",
              "checksumAlgorithm": "MD5"
            },
            {
              "fileName": "NEON.D01.HOPB.DP0.20107.001.validation.20231228T004656Z.csv",
              "downloadFileName": null,
              "uri": "https://data.neonscience.org/api/v0/releases/RELEASE-2024/data/DP1.20107.001/HOPB/2021-11/NEON.D01.HOPB.DP0.20107.001.validation.20231228T004656Z.csv",
              "fileSizeBytes": 36416,
              "checksum": "fd906cbbc9025813ed9afb233a07759d",
              "checksumAlgorithm": "MD5"
            },
            {
              "fileName": "NEON.D01.HOPB.DP0.20107.001.categoricalCodes.20231228T004656Z.csv",
              "downloadFileName": null,
              "uri": "https://data.neonscience.org/api/v0/releases/RELEASE-2024/data/DP1.20107.001/HOPB/2021-11/NEON.D01.HOPB.DP0.20107.001.categoricalCodes.20231228T004656Z.csv",
              "fileSizeBytes": 18546,
              "checksum": "cdfe294cf676398754aa20dceda0606f",
              "checksumAlgorithm": "MD5"
            },
            {
              "fileName": "NEON.D01.HOPB.DP1.20107.001.EML.20211112-20211112.20240127T000425Z.xml",
              "downloadFileName": null,
              "uri": "https://data.neonscience.org/api/v0/releases/RELEASE-2024/data/DP1.20107.001/HOPB/2021-11/NEON.D01.HOPB.DP1.20107.001.EML.20211112-20211112.20240127T000425Z.xml",
              "fileSizeBytes": 111789,
              "checksum": "dc1d9fc3d1c94e8d115bd1783dd58360",
              "checksumAlgorithm": "MD5"
            },
            {
              "fileName": "NEON.D01.HOPB.DP1.20107.001.readme.20240127T000425Z.txt",
              "downloadFileName": null,
              "uri": "https://data.neonscience.org/api/v0/releases/RELEASE-2024/data/DP1.20107.001/HOPB/2021-11/NEON.D01.HOPB.DP1.20107.001.readme.20240127T000425Z.txt",
              "fileSizeBytes": 15079,
              "checksum": "5770af290925e38997d7127dd55ce812",
              "checksumAlgorithm": "MD5"
            },
            {
              "fileName": "NEON.D01.HOPB.DP1.20107.001.variables.20231228T004656Z.csv",
              "downloadFileName": null,
              "uri": "https://data.neonscience.org/api/v0/releases/RELEASE-2024/data/DP1.20107.001/HOPB/2021-11/NEON.D01.HOPB.DP1.20107.001.variables.20231228T004656Z.csv",
              "fileSizeBytes": 22626,
              "checksum": "a33e1f4b77e0b3d19aa4fb6e1af46ba3",
              "checksumAlgorithm": "MD5"
            }
          ]
        }
      ]
    }
  ]
}