uid,domainID,siteID,namedLocation,passStartTime,passEndTime,eventID,passNumber,specimenNumber,taxonID,scientificName,taxonRank,morphospeciesID,morphospeciesIDRemarks,identificationQualifier,fishTotalLength,fishWeight,delt,efMortality,efInjury,fishLifeStage,sampleTypeCollected,voucherSampleID,dnaSampleID,identifiedBy,remarks
"6363fb40-809f-49f3-addb-c43e800272a9","D01","HOPB","HOPB.AOS.fish.point.04","2018-04-30T15:19Z","2018-04-30T16:26Z","HOPB.20180430.04.1.e-fisher",1,6,"RHIATR","Rhinichthys atratulus","species",,,,63,2.3,,,,"adult","no sample",,,"rwilliams@battelleecology.org",
"0a65ca96-1fec-4ac3-b3c9-a39a3a56ed91","D01","HOPB","HOPB.AOS.fish.point.04","2018-04-30T15:19Z","2018-04-30T16:26Z","HOPB.20180430.04.1.e-fisher",1,15,"RHIATR","Rhinichthys atratulus","species",,,,55,1.7,,,,"adult","no sample",,,"rwilliams@battelleecology.org",
"168f49e0-9803-4826-8927-3b707dcf1d86","D01","HOPB","HOPB.AOS.fish.point.04","2018-04-30T15:19Z","2018-04-30T16:26Z","HOPB.20180430.04.1.e-fisher",1,10,"RHIATR","Rhinichthys atratulus","species",,,,22,0.3,,,,"young of year","no sample",,,"rwilliams@battelleecology.org",
"75b31143-6134-4473-9bfa-6abdb7ef4ddc","D01","HOPB","HOPB.AOS.fish.point.04","2018-04-30T15:19Z","2018-04-30T16:26Z","HOPB.20180430.04.1.e-fisher",1,3,"RHIATR","Rhinichthys atratulus","species",,,,32,0.3,,,,,"no sample",,,"rwilliams@battelleecology.org",
"6bb966c7-7c07-45e3-9c07-db862d63c019","D01","HOPB","HOPB.AOS.fish.point.04","2018-04-30T15:19Z","2018-04-30T16:26Z","HOPB.20180430.04.1.e-fisher",1,13,"RHIATR","Rhinichthys atratulus","species",,,,30,0.3,,,,,"no sample",,,"rwilliams@battelleecology.org",
"95691157-fc60-4d3e-a799-845e9284f914","D01","HOPB","HOPB.AOS.fish.point.04","2018-04-30T15:19Z","2018-04-30T16:26Z","HOPB.20180430.04.1.e-fisher",1,11,"RHIATR","Rhinichthys atratulus","species",,,,32,0.6,,,,"juvenile","no sample",,,"rwilliams@battelleecology.org",
"e8f811ee-d1f4-4b91-b3b6-e437ccca1dad","D01","HOPB","HOPB.AOS.fish.point.04","2018-04-30T15:19Z","2018-04-30T16:26Z","HOPB.20180430.04.1.e-fisher",1,2,"SALFON","Salvelinus fontinalis","species",,,,155,33.3,,,,,"no sample",,,"rwilliams@battelleecology.org",
"404a5821-c060-4f7c-aa2f-ab65102bac7f","D01","HOPB","HOPB.AOS.fish.point.04","2018-04-30T15:19Z","2018-04-30T16:26Z","HOPB.20180430.04.1.e-fisher",1,12,"RHIATR","Rhinichthys atratulus","species",,,,62,2.3,,,,"adult","no sample",,,"rwilliams@battelleecology.org",
"52f50774-e039-4257-9962-ff6204a7d438","D01","HOPB","HOPB.AOS.fish.point.04","2018-04-30T15:19Z","2018-04-30T16:26Z","HOPB.20180430.04.1.e-fisher",1,4,"RHIATR","Rhinichthys atratulus","species",,,,28,0.3,,,,,"no sample",,,"rwilliams@battelleecology.org",
"3a9466ab-a948-4add-a87a-9091fad41003","D01","HOPB","HOPB.AOS.fish.point.04","2018-04-30T15:19Z","2018-04-30T16:26Z","HOPB.20180430.04.1.e-fisher",1,16,"SEMATR","Semotilus atromaculatus","species",,,,87,5.8,,,,"adult","no sample",,,"rwilliams@battelleecology.org",
"60afd433-081d-45dc-9065-f028810fd03d","D01","HOPB","HOPB.AOS.fish.point.04","2018-04-30T15:19Z","2018-04-30T16:26Z","HOPB.20180430.04.1.e-fisher",1,1,"SALFON","Salvelinus fontinalis","species",,,,161,45.6,,,,,"no sample",,,"rwilliams@battelleecology.org",
"11f12ad6-0158-4fb8-8072-337bbfb5e3d0","D01","HOPB","HOPB.AOS.fish.point.04","2018-04-30T15:19Z","2018-04-30T16:26Z","HOPB.20180430.04.1.e-fisher",1,9,"RHIATR","Rhinichthys atratulus","species",,,,33,0.3,,,,,"no sample",,,"rwilliams@battelleecology.org",
"86d26614-13dc-4c47-a8f4-4aed9368eb6c","D01","HOPB","HOPB.AOS.fish.point.04","2018-04-30T15:19Z","2018-04-30T16:26Z","HOPB.20180430.04.1.e-fisher",1,5,"RHIATR","Rhinichthys atratulus","species",,,,55,1.3,"Eroded fins","Y",,"adult","voucher sample only","FSH.HOPB.04.20180430.1.0005",,"rwilliams@battelleecology.org",
"3a8c379b-b251-452b-abd8-5e8e807e19c3","D01","HOPB","HOPB.AOS.fish.point.04","2018-04-30T15:19Z","2018-04-30T16:26Z","HOPB.20180430.04.1.e-fisher",1,14,"RHIATR","Rhinichthys atratulus","species",,,,37,0.6,,,,"juvenile","no sample",,,"rwilliams@battelleecology.org",
"087c0a44-3119-4a27-84a1-218f73388805","D01","HOPB","HOPB.AOS.fish.point.04","2018-04-30T15:19Z","2018-04-30T16:26Z","HOPB.20180430.04.1.e-fisher",1,8,"RHIATR","Rhinichthys atratulus","species",,,,78,4.9,,,,"adult","no sample",,,"rwilliams@battelleecology.org",
"9b117e6a-c06c-4a99-835b-d19d7a89a827","D01","HOPB","HOPB.AOS.fish.point.04","2018-04-30T15:19Z","2018-04-30T16:26Z","HOPB.20180430.04.1.e-fisher",1,17,"RHIATR","Rhinichthys atratulus","species",,,,17,0.3,,,,"young of year","no sample",,,"rwilliams@battelleecology.org",
"93a689e8-8b5e-437e-b8c0-0cd608f1b174","D01","HOPB","HOPB.AOS.fish.point.04","2018-04-30T15:19Z","2018-04-30T16:26Z","HOPB.20180430.04.1.e-fisher",1,7,"SEMATR","Semotilus atromaculatus","species",,,,96,9.9,,,,"adult","no sample",,,"rwilliams@battelleecology.org",
"b61803cf-8613-4d4d-8235-2eef438c3fb3","D01","HOPB","HOPB.AOS.fish.point.04","2018-04-30T17:53Z","2018-04-30T18:49Z","HOPB.20180430.04.2.e-fisher",2,4,"RHIATR","Rhinichthys atratulus","species",,,,65,2.3,,,,"adult","no sample",,,"rwilliams@battelleecology.org",
"908b1a05-e84f-4893-b1b1-0083cef5e850","D01","HOPB","HOPB.AOS.fish.point.04","2018-04-30T17:53Z","2018-04-30T18:49Z","HOPB.20180430.04.2.e-fisher",2,8,"RHIATR","Rhinichthys atratulus","species",,,,59,1.2,,,,"adult","no sample",,,"rwilliams@battelleecology.org",
"9a836cf9-ddb6-493d-9627-b66a108d6677","D01","HOPB","HOPB.AOS.fish.point.04","2018-04-30T17:53Z","2018-04-30T18:49Z","HOPB.20180430.04.2.e-fisher",2,2,"RHIATR","Rhinichthys atratulus","species",,,,50,1.0,,,,"juvenile","no sample",,,"rwilliams@battelleecology.org",
"f33eb40a-e0e5-443d-a40f-58d9cf58b695","D01","HOPB","HOPB.AOS.fish.point.04","2018-04-30T17:53Z","2018-04-30T18:49Z","HOPB.20180430.04.2.e-fisher",2,1,"RHIATR","Rhinichthys atratulus","species",,,,75,3.5,,,,"adult","no sample",,,"rwilliams@battelleecology.org",
"81da421d-7afc-41e9-a47d-0b7605b4d3fa","D01","HOPB","HOPB.AOS.fish.point.04","2018-04-30T17:53Z","2018-04-30T18:49Z","HOPB.20180430.04.2.e-fisher",2,9,"SALFON","Salvelinus fontinalis","species",,,,132,23.3,,,,,"no sample",,,"rwilliams@battelleecology.org",
"85551bf4-0b87-46ce-98de-521a122d1146","D01","HOPB","HOPB.AOS.fish.point.04","2018-04-30T17:53Z","2018-04-30T18:49Z","HOPB.20180430.04.2.e-fisher",2,7,"RHIATR","Rhinichthys atratulus","species",,,,55,1.4,,,,"juvenile","no sample",,,"rwilliams@battelleecology.org",
"43d5d45e-67a7-4482-b32f-48aec4694b79","D01","HOPB","HOPB.AOS.fish.point.04","2018-04-30T17:53Z","2018-04-30T18:49Z","HOPB.20180430.04.2.e-fisher",2,6,"RHIATR","Rhinichthys atratulus","species",,,,44,0.6,,,,"juvenile","no sample",,,"rwilliams@battelleecology.org",
"bab8b1c4-a7f0-49ab-a39f-3c629a3947f6","D01","HOPB","HOPB.AOS.fish.point.04","2018-04-30T17:53Z","2018-04-30T18:49Z","HOPB.20180430.04.2.e-fisher",2,3,"RHIATR","Rhinichthys atratulus","species",,,,49,1.0,,,,"juvenile","no sample",,,"rwilliams@battelleecology.org",
"dae78adc-5148-4fd5-9c10-5feb4272a596","D01","HOPB","HOPB.AOS.fish.point.04","2018-04-30T17:53Z","2018-04-30T18:49Z","HOPB.20180430.04.2.e-fisher",2,10,"SALFON","Salvelinus fontinalis","species",,,,164,42.1,,,,,"no sample",,,"rwilliams@battelleecology.org",
"8c8c64c1-dbd1-4bd5-9999-f7292b6e1b4e","D01","HOPB","HOPB.AOS.fish.point.04","2018-04-30T17:53Z","2018-04-30T18:49Z","HOPB.20180430.04.2.e-fisher",2,5,"RHIATR","Rhinichthys atratulus","species",,,,50,0.8,,,,"juvenile","no sample",,,"rwilliams@battelleecology.org",
"a30fa0cb-fa30-4562-9958-7c7a65ed2280","D01","HOPB","HOPB.AOS.fish.point.04","2018-04-30T19:38Z","2018-04-30T20:30Z","HOPB.20180430.04.3.e-fisher",3,2,"SEMATR","Semotilus atromaculatus","species",,,,72,3.7,,,,"juvenile","no sample",,,"rwilliams@battelleecology.org",
"02d5e241-3476-44fe-9865-6942b6cc406a","D01","HOPB","HOPB.AOS.fish.point.04","2018-04-30T19:38Z","2018-04-30T20:30Z","HOPB.20180430.04.3.e-fisher",3,10,"RHIATR","Rhinichthys atratulus","species",,,,48,0.9,,,,"juvenile","no sample",,,"rwilliams@battelleecology.org",
"5417def3-a3d7-409c-8f11-fe23e476acd7","D01","HOPB","HOPB.AOS.fish.point.04","2018-04-30T19:38Z","2018-04-30T20:30Z","HOPB.20180430.04.3.e-fisher",3,13,"RHIATR","Rhinichthys atratulus","species",,,,48,1.0,,,,"juvenile","no sample",,,"rwilliams@battelleecology.org",
"17b8f1ae-3591-4cba-8095-887e3c88ef04","D01","HOPB","HOPB.AOS.fish.point.04","2018-04-30T19:38Z","2018-04-30T20:30Z","HOPB.20180430.04.3.e-fisher",3,3,"SEMATR","Semotilus atromaculatus","species",,,,90,6.6,,,,"juvenile","no sample",,,"rwilliams@battelleecology.org",
"fa7b6e32-6ed8-428b-ac7a-6f58ba9012a9","D01","HOPB","HOPB.AOS.fish.point.04","2018-04-30T19:38Z","2018-04-30T20:30Z","HOPB.20180430.04.3.e-fisher",3,5,"RHIATR","Rhinichthys atratulus","species",,,,35,0.7,,,,"juvenile","no sample",,,"rwilliams@battelleecology.org",
"86552943-f2ac-4669-8a65-2fcae6291764","D01","HOPB","HOPB.AOS.fish.point.04","2018-04-30T19:38Z","2018-04-30T20:30Z","HOPB.20180430.04.3.e-fisher",3,9,"RHIATR","Rhinichthys atratulus","species",,,,51,1.1,,,,"juvenile","no sample",,,"rwilliams@battelleecology.org",
"12bb86e8-ec84-4ae3-a2d5-e700837f7ba4","D01","HOPB","HOPB.AOS.fish.point.04","2018-04-30T19:38Z","2018-04-30T20:30Z","HOPB.20180430.04.3.e-fisher",3,7,"SEMATR","Semotilus atromaculatus","species",,,,93,6.2,,,,"juvenile","no sample",,,"rwilliams@battelleecology.org",
"84d50cf5-06d0-4a65-8e2b-023d210ee7fd","D01","HOPB","HOPB.AOS.fish.point.04","2018-04-30T19:38Z","2018-04-30T20:30Z","HOPB.20180430.04.3.e-fisher",3,4,"RHIATR","Rhinichthys atratulus","species",,,,25,0.3,,,,"young of year","no sample",,,"rwilliams@battelleecology.org",
"b2a9dd90-f013-4da0-81ec-83b2969886de","D01","HOPB","HOPB.AOS.fish.point.04","2018-04-30T19:38Z","2018-04-30T20:30Z","HOPB.20180430.04.3.e-fisher",3,8,"RHIATR","Rhinichthys atratulus","species",,,,56,1.3,,,,"adult","no sample",,,"rwilliams@battelleecology.org",
"b51c8883-ad83-4669-8ea5-c1d41e598dfa","D01","HOPB","HOPB.AOS.fish.point.04","2018-04-30T19:38Z","2018-04-30T20:30Z","HOPB.20180430.04.3.e-fisher",3,1,"RHIATR","Rhinichthys atratulus","species",,,,63,2.2,,,,"adult","no sample",,,"rwilliams@battelleecology.org",
"6893d0d4-52d3-45f1-adfb-b8aee77082d2","D01","HOPB","HOPB.AOS.fish.point.04","2018-04-30T19:38Z","2018-04-30T20:30Z","HOPB.20180430.04.3.e-fisher",3,12,"RHIATR","Rhinichthys atratulus","species",,,,49,0.9,,,,"juvenile","no sample",,,"rwilliams@battelleecology.org",
"cca3e5b1-8540-4e71-94f4-469d2af9a600","D01","HOPB","HOPB.AOS.fish.point.04","2018-04-30T19:38Z","2018-04-30T20:30Z","HOPB.20180430.04.3.e-fisher",3,11,"SALFON","Salvelinus fontinalis","species",,,,154,37.1,,,,"juvenile","no sample",,,"rwilliams@battelleecology.org",
"8608ac8d-a162-4efd-8f44-51afccbfc8ae","D01","HOPB","HOPB.AOS.fish.point.04","2018-04-30T19:38Z","2018-04-30T20:30Z","HOPB.20180430.04.3.e-fisher",3,6,"SEMATR","Semotilus atromaculatus","species",,,,67,2.7,,,,"juvenile","no sample",,,"rwilliams@battelleecology.org",
