uid,domainID,siteID,namedLocation,passStartTime,passEndTime,eventID,passNumber,specimenNumber,taxonID,scientificName,taxonRank,morphospeciesID,morphospeciesIDRemarks,identificationQualifier,fishTotalLength,fishWeight,delt,efMortality,efInjury,fishLifeStage,sampleTypeCollected,voucherSampleID,dnaSampleID,identifiedBy,remarks
"64de448c-34c8-410c-81dd-943a0162b464","D01","HOPB","HOPB.AOS.fish.point.02","2017-10-23T06:15Z","2017-10-23T19:30Z","HOPB.20171023.02.1.e-fisher",1,73,"SEMATR","Semotilus atromaculatus","species",,,,83,5.6,,"N","N",,"no sample",,,"adavila@battelleecology.org",
"f35c9338-d0fd-4a87-a218-72cb88fac3e0","D01","HOPB","HOPB.AOS.fish.point.02","2017-10-23T06:15Z","2017-10-23T19:30Z","HOPB.20171023.02.1.e-fisher",1,52,"RHIATR","Rhinichthys atratulus","species",,,,32,1.2,,"N","N",,"no sample",,,"adavila@battelleecology.org",
"11c7f1ec-4a26-4102-bf2d-a20abb9ff383","D01","HOPB","HOPB.AOS.fish.point.02","2017-10-23T06:15Z","2017-10-23T19:30Z","HOPB.20171023.02.1.e-fisher",1,47,"RHIATR","Rhinichthys atratulus","species",,,,23,0.3,,"N","N",,"no sample",,,"adavila@battelleecology.org",
"9b7bfaca-b521-497d-b157-1e3ff8973cb7","D01","HOPB","HOPB.AOS.fish.point.02","2017-10-23T06:15Z","2017-10-23T19:30Z","HOPB.20171023.02.1.e-fisher",1,14,"SALTRU","Salmo trutta","species",,,,138,20.0,,"N","N",,"no sample",,,"adavila@battelleecology.org",
"7b633480-6727-469c-aaa6-959bea818abc","D01","HOPB","HOPB.AOS.fish.point.02","2017-10-23T06:15Z","2017-10-23T19:30Z","HOPB.20171023.02.1.e-fisher",1,29,"SALFON","Salvelinus fontinalis","species",,,,135,23.8,,"N","N",,"no sample",,,"adavila@battelleecology.org",
"3b5d3f44-2e73-4827-9470-53908e19c4f9","D01","HOPB","HOPB.AOS.fish.point.02","2017-10-23T06:15Z","2017-10-23T19:30Z","HOPB.20171023.02.1.e-fisher",1,40,"RHIATR","Rhinichthys atratulus","species",,,,49,1.4,,"N","N",,"no sample",,,"adavila@battelleecology.org",
"21a749eb-d222-405d-b136-335d779530fe","D01","HOPB","HOPB.AOS.fish.point.02","2017-10-23T06:15Z","2017-10-23T19:30Z","HOPB.20171023.02.1.e-fisher",1,3,"RHIATR","Rhinichthys atratulus","species",,,,30,0.5,,"N","N",,"no sample",,,"adavila@battelleecology.org",
"205d9d04-07bd-4ac0-bc68-c19b7cb53b5f","D01","HOPB","HOPB.AOS.fish.point.02","2017-10-23T06:15Z","2017-10-23T19:30Z","HOPB.20171023.02.1.e-fisher",1,51,"RHIATR","Rhinichthys atratulus","species",,,,23,0.3,,"N","N",,"no sample",,,"adavila@battelleecology.org",
"1e235cc4-ac70-4356-818c-30560452024c","D01","HOPB","HOPB.AOS.fish.point.02","2017-10-23T06:15Z","2017-10-23T19:30Z","HOPB.20171023.02.1.e-fisher",1,23,"RHIATR","Rhinichthys atratulus","species",,,,47,1.2,,"N","N",,"no sample",,,"adavila@battelleecology.org",
"5b51f2ed-313e-4aac-b915-17698123372e","D01","HOPB","HOPB.AOS.fish.point.02","2017-10-23T06:15Z","2017-10-23T19:30Z","HOPB.20171023.02.1.e-fisher",1,19,"SALFON","Salvelinus fontinalis","species",,,,84,4.8,,"N","N",,"no sample",,,"adavila@battelleecology.org",
"b292a30a-e256-48d9-913f-b0ef72e458a5","D01","HOPB","HOPB.AOS.fish.point.02","2017-10-23T06:15Z","2017-10-23T19:30Z","HOPB.20171023.02.1.e-fisher",1,10,"RHIATR","Rhinichthys atratulus","species",,,,44,0.8,,"N","N",,"no sample",,,"adavila@battelleecology.org",
"d5e0a089-7cee-4f1e-96a2-d7b1ee8b58a2","D01","HOPB","HOPB.AOS.fish.point.02","2017-10-23T06:15Z","2017-10-23T19:30Z","HOPB.20171023.02.1.e-fisher",1,5,"RHIATR","Rhinichthys atratulus","species",,,,34,0.6,,"N","N",,"no sample",,,"adavila@battelleecology.org",
"71c2f85a-0d55-4955-8daa-53f84c1e4a2d","D01","HOPB","HOPB.AOS.fish.point.02","2017-10-23T06:15Z","2017-10-23T19:30Z","HOPB.20171023.02.1.e-fisher",1,13,"RHIATR","Rhinichthys atratulus","species",,,,40,0.3,,"N","N",,"no sample",,,"adavila@battelleecology.org",
"31250c21-792a-4aff-89c1-719ef9142a1c","D01","HOPB","HOPB.AOS.fish.point.02","2017-10-23T06:15Z","2017-10-23T19:30Z","HOPB.20171023.02.1.e-fisher",1,38,"RHIATR","Rhinichthys atratulus","species",,,,84,3.5,,"N","N",,"no sample",,,"adavila@battelleecology.org",
"aea7c111-88b1-4302-8cd4-3f46f3444949","D01","HOPB","HOPB.AOS.fish.point.02","2017-10-23T06:15Z","2017-10-23T19:30Z","HOPB.20171023.02.1.e-fisher",1,6,"RHIATR","Rhinichthys atratulus","species",,,,48,0.9,,"N","N",,"no sample",,,"adavila@battelleecology.org",
"56b9f66b-fe7c-4fe7-a233-04c8185c2cf8","D01","HOPB","HOPB.AOS.fish.point.02","2017-10-23T06:15Z","2017-10-23T19:30Z","HOPB.20171023.02.1.e-fisher",1,17,"RHIATR","Rhinichthys atratulus","species",,,,23,0.5,,"N","Y",,"no sample",,,"adavila@battelleecology.org","Broken spine"
"b46b017e-1833-401c-b08c-bc3f641973b1","D01","HOPB","HOPB.AOS.fish.point.02","2017-10-23T06:15Z","2017-10-23T19:30Z","HOPB.20171023.02.1.e-fisher",1,9,"RHIATR","Rhinichthys atratulus","species",,,,50,1.2,,"N","N",,"no sample",,,"adavila@battelleecology.org",
"da526b26-f3ca-4d14-96ea-d3306b80e6f6","D01","HOPB","HOPB.AOS.fish.point.02","2017-10-23T06:15Z","2017-10-23T19:30Z","HOPB.20171023.02.1.e-fisher",1,27,"RHIATR","Rhinichthys atratulus","species",,,,30,0.3,,"N","N",,"no sample",,,"adavila@battelleecology.org",
"9a2ead5b-4dd5-469c-b017-032a8c6b6d09","D01","HOPB","HOPB.AOS.fish.point.02","2017-10-23T06:15Z","2017-10-23T19:30Z","HOPB.20171023.02.1.e-fisher",1,12,"SEMATR","Semotilus atromaculatus","species",,,,72,3.3,,"N","N",,"no sample",,,"adavila@battelleecology.org",
"cdf9041f-0f9e-4e77-b2ce-f30de6a1071d","D01","HOPB","HOPB.AOS.fish.point.02","2017-10-23T06:15Z","2017-10-23T19:30Z","HOPB.20171023.02.1.e-fisher",1,11,"SALFON","Salvelinus fontinalis","species",,,,101,10.2,,"N","N",,"no sample",,,"adavila@battelleecology.org",
"0fab3390-a6a6-45f7-bad2-0b6f605817a4","D01","HOPB","HOPB.AOS.fish.point.02","2017-10-23T06:15Z","2017-10-23T19:30Z","HOPB.20171023.02.1.e-fisher",1,16,"SALFON","Salvelinus fontinalis","species",,,,144,21.4,,"N","N",,"no sample",,,"adavila@battelleecology.org",
"0cc7bed9-b244-46bd-9012-9a4f593c4e12","D01","HOPB","HOPB.AOS.fish.point.02","2017-10-23T06:15Z","2017-10-23T19:30Z","HOPB.20171023.02.1.e-fisher",1,37,"RHIATR","Rhinichthys atratulus","species",,,,28,0.3,,"N","N",,"no sample",,,"adavila@battelleecology.org",
"606d31ef-8751-4869-a06a-13a08d7d84e6","D01","HOPB","HOPB.AOS.fish.point.02","2017-10-23T06:15Z","2017-10-23T19:30Z","HOPB.20171023.02.1.e-fisher",1,33,"SEMATR","Semotilus atromaculatus","species",,,,65,2.9,,"N","N",,"no sample",,,"adavila@battelleecology.org",
"90559d69-b330-4b0a-ae84-e01134771aa3","D01","HOPB","HOPB.AOS.fish.point.02","2017-10-23T06:15Z","2017-10-23T19:30Z","HOPB.20171023.02.1.e-fisher",1,22,"SEMATR","Semotilus atromaculatus","species",,,,66,2.8,,"N","N",,"no sample",,,"adavila@battelleecology.org",
"af1e670d-450f-49a9-8a57-ae3dad6ac495","D01","HOPB","HOPB.AOS.fish.point.02","2017-10-23T06:15Z","2017-10-23T19:30Z","HOPB.20171023.02.1.e-fisher",1,50,"RHIATR","Rhinichthys atratulus","species",,,,54,1.5,,"N","N",,"no sample",,,"adavila@battelleecology.org",
"97904012-2ba8-48ae-8d99-ad289f147bae","D01","HOPB","HOPB.AOS.fish.point.02","2017-10-23T06:15Z","2017-10-23T19:30Z","HOPB.20171023.02.1.e-fisher",1,43,"RHIATR","Rhinichthys atratulus","species",,,,22,0.3,,"N","N",,"no sample",,,"adavila@battelleecology.org",
"94448685-71b3-40af-8619-abdd1c680792","D01","HOPB","HOPB.AOS.fish.point.02","2017-10-23T06:15Z","2017-10-23T19:30Z","HOPB.20171023.02.1.e-fisher",1,15,"RHIATR","Rhinichthys atratulus","species",,,,50,1.3,,"N","N",,"no sample",,,"adavila@battelleecology.org",
"eed79958-84c4-4f62-b092-dd63244de440","D01","HOPB","HOPB.AOS.fish.point.02","2017-10-23T06:15Z","2017-10-23T19:30Z","HOPB.20171023.02.1.e-fisher",1,49,"RHIATR","Rhinichthys atratulus","species",,,,22,0.3,,"N","N",,"no sample",,,"adavila@battelleecology.org",
"2e4906a3-b089-4334-b0a5-0f4e183f80c2","D01","HOPB","HOPB.AOS.fish.point.02","2017-10-23T06:15Z","2017-10-23T19:30Z","HOPB.20171023.02.1.e-fisher",1,35,"RHIATR","Rhinichthys atratulus","species",,,,45,1.0,,"N","N",,"no sample",,,"adavila@battelleecology.org",
"614ff6d0-d292-4d17-84c2-678fc0ce25bc","D01","HOPB","HOPB.AOS.fish.point.02","2017-10-23T06:15Z","2017-10-23T19:30Z","HOPB.20171023.02.1.e-fisher",1,36,"SEMATR","Semotilus atromaculatus","species",,,,75,3.4,,"N","N",,"no sample",,,"adavila@battelleecology.org",
"b53d773d-00d4-4e96-9a63-c3ea87980cfe","D01","HOPB","HOPB.AOS.fish.point.02","2017-10-23T06:15Z","2017-10-23T19:30Z","HOPB.20171023.02.1.e-fisher",1,32,"RHIATR","Rhinichthys atratulus","species",,,,60,3.0,,"N","N",,"no sample",,,"adavila@battelleecology.org",
"f6969032-01e5-472b-adf7-d95d86b40307","D01","HOPB","HOPB.AOS.fish.point.02","2017-10-23T06:15Z","2017-10-23T19:30Z","HOPB.20171023.02.1.e-fisher",1,2,"RHIATR","Rhinichthys atratulus","species",,,,45,0.9,,"N","N",,"no sample",,,"adavila@battelleecology.org",
"682784d4-e2af-465f-8557-08b94cbe96c1","D01","HOPB","HOPB.AOS.fish.point.02","2017-10-23T06:15Z","2017-10-23T19:30Z","HOPB.20171023.02.1.e-fisher",1,25,"RHIATR","Rhinichthys atratulus","species",,,,70,3.3,,"N","N",,"no sample",,,"adavila@battelleecology.org",
"15f0b84a-1eb8-4ec9-b7ac-37c9c680fea3","D01","HOPB","HOPB.AOS.fish.point.02","2017-10-23T06:15Z","2017-10-23T19:30Z","HOPB.20171023.02.1.e-fisher",1,42,"SALFON","Salvelinus fontinalis","species",,,,124,16.5,,"N","N",,"no sample",,,"adavila@battelleecology.org",
"3d658169-ad02-4df4-a1e5-748af9b5af86","D01","HOPB","HOPB.AOS.fish.point.02","2017-10-23T06:15Z","2017-10-23T19:30Z","HOPB.20171023.02.1.e-fisher",1,24,"RHIATR","Rhinichthys atratulus","species",,,,45,0.9,,"N","N",,"no sample",,,"adavila@battelleecology.org",
"be1ad2c3-894e-446c-b138-a334c7669de4","D01","HOPB","HOPB.AOS.fish.point.02","2017-10-23T06:15Z","2017-10-23T19:30Z","HOPB.20171023.02.1.e-fisher",1,34,"RHIATR","Rhinichthys atratulus","species",,,,52,1.2,,"N","N",,"no sample",,,"adavila@battelleecology.org",
"3db5a79b-3b42-4c3f-9214-a91230546fdd","D01","HOPB","HOPB.AOS.fish.point.02","2017-10-23T06:15Z","2017-10-23T19:30Z","HOPB.20171023.02.1.e-fisher",1,18,"RHIATR","Rhinichthys atratulus","species",,,,80,4.0,,"N","N",,"no sample",,,"adavila@battelleecology.org",
"e79b5511-6ee2-4b03-bc62-cccc892f5817","D01","HOPB","HOPB.AOS.fish.point.02","2017-10-23T06:15Z","2017-10-23T19:30Z","HOPB.20171023.02.1.e-fisher",1,1,"SEMATR","Semotilus atromaculatus","species",,,,80,4.9,,"N","N",,"no sample",,,"adavila@battelleecology.org",
"687d55b6-4133-447d-85c7-508fbf05d773","D01","HOPB","HOPB.AOS.fish.point.02","2017-10-23T06:15Z","2017-10-23T19:30Z","HOPB.20171023.02.1.e-fisher",1,31,"RHIATR","Rhinichthys atratulus","species",,,,56,2.4,,"N","N",,"no sample",,,"adavila@battelleecology.org",
"03845f96-07f4-4775-aa74-b569ad8c2e3b","D01","HOPB","HOPB.AOS.fish.point.02","2017-10-23T06:15Z","2017-10-23T19:30Z","HOPB.20171023.02.1.e-fisher",1,8,"SEMATR","Semotilus atromaculatus","species",,,,64,2.3,,"N","N",,"no sample",,,"adavila@battelleecology.org",
"38589a1e-2a0c-4533-a2b2-3593d0e28f60","D01","HOPB","HOPB.AOS.fish.point.02","2017-10-23T06:15Z","2017-10-23T19:30Z","HOPB.20171023.02.1.e-fisher",1,7,"RHIATR","Rhinichthys atratulus","species",,,,81,3.7,,"N","N",,"no sample",,,"adavila@battelleecology.org",
"79f342e7-3b06-47c6-9148-d4f1efd7a0b4","D01","HOPB","HOPB.AOS.fish.point.02","2017-10-23T06:15Z","2017-10-23T19:30Z","HOPB.20171023.02.1.e-fisher",1,26,"RHIATR","Rhinichthys atratulus","species",,,,76,4.0,,"N","N",,"no sample",,,"adavila@battelleecology.org",
"8d77fcfa-b8f6-484d-a611-1c60ba0937ea","D01","HOPB","HOPB.AOS.fish.point.02","2017-10-23T06:15Z","2017-10-23T19:30Z","HOPB.20171023.02.1.e-fisher",1,21,"RHIATR","Rhinichthys atratulus","species",,,,50,1.1,,"N","N",,"no sample",,,"adavila@battelleecology.org",
"c68cdffd-2995-48b6-a426-a079b03c124b","D01","HOPB","HOPB.AOS.fish.point.02","2017-10-23T06:15Z","2017-10-23T19:30Z","HOPB.20171023.02.1.e-fisher",1,48,"RHIATR","Rhinichthys atratulus","species",,,,40,0.9,,"N","N",,"no sample",,,"adavila@battelleecology.org",
"228b02c5-dc1a-42ea-890f-75eae866e79d","D01","HOPB","HOPB.AOS.fish.point.02","2017-10-23T06:15Z","2017-10-23T19:30Z","HOPB.20171023.02.1.e-fisher",1,41,"SEMATR","Semotilus atromaculatus","species",,,,67,2.6,,"N","N",,"no sample",,,"adavila@battelleecology.org",
"b1dbef03-2447-4220-9710-9774e837af70","D01","HOPB","HOPB.AOS.fish.point.02","2017-10-23T06:15Z","2017-10-23T19:30Z","HOPB.20171023.02.1.e-fisher",1,20,"RHIATR","Rhinichthys atratulus","species",,,,75,3.9,,"N","N",,"no sample",,,"adavila@battelleecology.org",
"46a2db4d-774c-4d74-9a89-d0ed81f41787","D01","HOPB","HOPB.AOS.fish.point.02","2017-10-23T06:15Z","2017-10-23T19:30Z","HOPB.20171023.02.1.e-fisher",1,44,"RHIATR","Rhinichthys atratulus","species",,,,74,4.0,,"N","N",,"no sample",,,"adavila@battelleecology.org",
"27cc766f-883b-4299-b2a3-c227203e4223","D01","HOPB","HOPB.AOS.fish.point.02","2017-10-23T06:15Z","2017-10-23T19:30Z","HOPB.20171023.02.1.e-fisher",1,4,"SALTRU","Salmo trutta","species",,,,135,20.5,,"N","N",,"no sample",,,"adavila@battelleecology.org",
"59ad83ea-1842-42c8-818c-4278c95ec47f","D01","HOPB","HOPB.AOS.fish.point.02","2017-10-23T06:15Z","2017-10-23T19:30Z","HOPB.20171023.02.1.e-fisher",1,46,"RHIATR","Rhinichthys atratulus","species",,,,35,0.3,,"N","N",,"no sample",,,"adavila@battelleecology.org",
"9c2899da-8a47-4263-b5fe-77291cc3589d","D01","HOPB","HOPB.AOS.fish.point.02","2017-10-23T06:15Z","2017-10-23T19:30Z","HOPB.20171023.02.1.e-fisher",1,45,"RHIATR","Rhinichthys atratulus","species",,,,60,1.7,,"N","N",,"no sample",,,"adavila@battelleecology.org",
"cff1666f-47f7-43af-b731-91fb56895eaf","D01","HOPB","HOPB.AOS.fish.point.02","2017-10-23T06:15Z","2017-10-23T19:30Z","HOPB.20171023.02.1.e-fisher",1,28,"SEMATR","Semotilus atromaculatus","species",,,,81,4.7,,"N","N",,"no sample",,,"adavila@battelleecology.org",
"c2c3f5e5-faff-43d8-b924-e1d4ac81306b","D01","HOPB","HOPB.AOS.fish.point.02","2017-10-23T06:15Z","2017-10-23T19:30Z","HOPB.20171023.02.1.e-fisher",1,39,"RHIATR","Rhinichthys atratulus","species",,,,75,4.0,,"N","N",,"no sample",,,"adavila@battelleecology.org",
"407d0645-1f0e-4a25-b326-f9e93f8e6d17","D01","HOPB","HOPB.AOS.fish.point.02","2017-10-23T06:15Z","2017-10-23T19:30Z","HOPB.20171023.02.1.e-fisher",1,30,"RHIATR","Rhinichthys atratulus","species",,,,88,7.0,,"N","N",,"no sample",,,"adavila@battelleecology.org",
"684f8832-5d8f-4b5f-b575-0bfef6f02463","D01","HOPB","HOPB.AOS.fish.point.02","2017-10-23T06:15Z","2017-10-23T19:30Z","HOPB.20171023.02.1.e-fisher",1,70,"RHIATR","Rhinichthys atratulus","species",,,,41,0.8,,"N","N",,"no sample",,,"adavila@battelleecology.org",
"c0e87ae1-6e0d-4dbc-8f33-b58f0ff02c3c","D01","HOPB","HOPB.AOS.fish.point.02","2017-10-23T06:15Z","2017-10-23T19:30Z","HOPB.20171023.02.1.e-fisher",1,66,"RHIATR","Rhinichthys atratulus","species",,,,66,2.8,,"N","N",,"no sample",,,"adavila@battelleecology.org",
"4336b974-c0bf-4f73-8025-6e05c81bc7b9","D01","HOPB","HOPB.AOS.fish.point.02","2017-10-23T06:15Z","2017-10-23T19:30Z","HOPB.20171023.02.1.e-fisher",1,65,"RHIATR","Rhinichthys atratulus","species",,,,45,1.0,,"N","N",,"no sample",,,"adavila@battelleecology.org",
"13595319-c12b-4c0d-9a36-dcc019534144","D01","HOPB","HOPB.AOS.fish.point.02","2017-10-23T06:15Z","2017-10-23T19:30Z","HOPB.20171023.02.1.e-fisher",1,63,"SEMATR","Semotilus atromaculatus","species",,,,54,4.6,,"N","N",,"no sample",,,"adavila@battelleecology.org",
"7451eebf-94ce-49b6-9bb2-5332dec0d7e2","D01","HOPB","HOPB.AOS.fish.point.02","2017-10-23T06:15Z","2017-10-23T19:30Z","HOPB.20171023.02.1.e-fisher",1,77,"SEMATR","Semotilus atromaculatus","species",,,,64,2.6,,"N","N",,"no sample",,,"adavila@battelleecology.org",
"e4cd2f59-b22b-410c-9d64-6d8fa6da3048","D01","HOPB","HOPB.AOS.fish.point.02","2017-10-23T06:15Z","2017-10-23T19:30Z","HOPB.20171023.02.1.e-fisher",1,68,"RHIATR","Rhinichthys atratulus","species",,,,68,2.4,,"N","N",,"no sample",,,"adavila@battelleecology.org",
"12d5c8ce-071e-464b-a63d-5fc243d6457b","D01","HOPB","HOPB.AOS.fish.point.02","2017-10-23T06:15Z","2017-10-23T19:30Z","HOPB.20171023.02.1.e-fisher",1,64,"RHIATR","Rhinichthys atratulus","species",,,,62,2.2,,"N","N",,"no sample",,,"adavila@battelleecology.org",
"868c5277-0978-4590-9c8d-7ba62fb3d2e6","D01","HOPB","HOPB.AOS.fish.point.02","2017-10-23T06:15Z","2017-10-23T19:30Z","HOPB.20171023.02.1.e-fisher",1,84,"SEMATR","Semotilus atromaculatus","species",,,,86,5.9,,"N","N",,"no sample",,,"adavila@battelleecology.org",
"a52ec4a1-70fd-4f29-9566-d5ac304bf006","D01","HOPB","HOPB.AOS.fish.point.02","2017-10-23T06:15Z","2017-10-23T19:30Z","HOPB.20171023.02.1.e-fisher",1,87,"RHIATR","Rhinichthys atratulus","species",,,,,,,,,,"no sample",,,"adavila@battelleecology.org","No measurements taken thought we had 50 but only had 49"
"9b0e9c37-4e92-43f5-8a9e-b37d66fb2a44","D01","HOPB","HOPB.AOS.fish.point.02","2017-10-23T06:15Z","2017-10-23T19:30Z","HOPB.20171023.02.1.e-fisher",1,61,"SALFON","Salvelinus fontinalis","species",,,,123,15.4,,"N","N",,"no sample",,,"adavila@battelleecology.org",
"a1b2ad13-efed-486d-abd0-e7259b1f6df9","D01","HOPB","HOPB.AOS.fish.point.02","2017-10-23T06:15Z","2017-10-23T19:30Z","HOPB.20171023.02.1.e-fisher",1,67,"SALFON","Salvelinus fontinalis","species",,,,120,16.7,,"N","N",,"no sample",,,"adavila@battelleecology.org",
"9586260e-fd60-42db-b7c8-43b7cc8c3879","D01","HOPB","HOPB.AOS.fish.point.02","2017-10-23T06:15Z","2017-10-23T19:30Z","HOPB.20171023.02.1.e-fisher",1,85,"SEMATR","Semotilus atromaculatus","species",,,,40,0.9,,"N","N",,"no sample",,,"adavila@battelleecology.org",
"8cd69b50-7ac3-4b5c-a971-85aed4a27b08","D01","HOPB","HOPB.AOS.fish.point.02","2017-10-23T06:15Z","2017-10-23T19:30Z","HOPB.20171023.02.1.e-fisher",1,62,"RHIATR","Rhinichthys atratulus","species",,,,54,1.5,,"N","N",,"no sample",,,"adavila@battelleecology.org",
"2b95a559-2080-4ad3-bb10-4df47f8c8493","D01","HOPB","HOPB.AOS.fish.point.02","2017-10-23T06:15Z","2017-10-23T19:30Z","HOPB.20171023.02.1.e-fisher",1,58,"RHIATR","Rhinichthys atratulus","species",,,,81,4.5,,"N","N",,"no sample",,,"adavila@battelleecology.org",
"0c21b893-1969-4873-a152-bdb469c9e084","D01","HOPB","HOPB.AOS.fish.point.02","2017-10-23T06:15Z","2017-10-23T19:30Z","HOPB.20171023.02.1.e-fisher",1,81,"SEMATR","Semotilus atromaculatus","species",,,,105,10.5,,"N","N",,"no sample",,,"adavila@battelleecology.org",
"2cfafbdd-eb5b-466a-8a6f-d6a986394021","D01","HOPB","HOPB.AOS.fish.point.02","2017-10-23T06:15Z","2017-10-23T19:30Z","HOPB.20171023.02.1.e-fisher",1,78,"SEMATR","Semotilus atromaculatus","species",,,,69,3.0,,"N","N",,"no sample",,,"adavila@battelleecology.org",
"08c65303-d286-4fe7-bf75-ee6178235638","D01","HOPB","HOPB.AOS.fish.point.02","2017-10-23T06:15Z","2017-10-23T19:30Z","HOPB.20171023.02.1.e-fisher",1,75,"SEMATR","Semotilus atromaculatus","species",,,,65,2.4,,"N","N",,"no sample",,,"adavila@battelleecology.org",
"c7aee026-47bb-4e82-a110-cf2c76fc6b27","D01","HOPB","HOPB.AOS.fish.point.02","2017-10-23T06:15Z","2017-10-23T19:30Z","HOPB.20171023.02.1.e-fisher",1,79,"SALTRU","Salmo trutta","species",,,,132,16.9,,"N","N",,"no sample",,,"adavila@battelleecology.org",
"1961ff4e-e8d8-452c-8fb7-70aed274b876","D01","HOPB","HOPB.AOS.fish.point.02","2017-10-23T06:15Z","2017-10-23T19:30Z","HOPB.20171023.02.1.e-fisher",1,72,"SALTRU","Salmo trutta","species",,,,134,16.4,,"N","N",,"no sample",,,"adavila@battelleecology.org",
"c6faed6b-edcc-4831-82e4-b1585d9a7d83","D01","HOPB","HOPB.AOS.fish.point.02","2017-10-23T06:15Z","2017-10-23T19:30Z","HOPB.20171023.02.1.e-fisher",1,57,"SALFON","Salvelinus fontinalis","species",,,,146,20.5,,"N","N",,"no sample",,,"adavila@battelleecology.org",
"0b9658b6-a8fd-4c6c-9c27-cb34b8bd37ec","D01","HOPB","HOPB.AOS.fish.point.02","2017-10-23T06:15Z","2017-10-23T19:30Z","HOPB.20171023.02.1.e-fisher",1,86,"SEMATR","Semotilus atromaculatus","species",,,,94,7.6,,"N","N",,"no sample",,,"adavila@battelleecology.org",
"ebfa394b-79df-4e4f-9938-1f269a0afacb","D01","HOPB","HOPB.AOS.fish.point.02","2017-10-23T06:15Z","2017-10-23T19:30Z","HOPB.20171023.02.1.e-fisher",1,76,"SALTRU","Salmo trutta","species",,,,123,13.4,,"N","N",,"no sample",,,"adavila@battelleecology.org",
"65c75707-8c7d-4a62-a35a-83ed1cad0f91","D01","HOPB","HOPB.AOS.fish.point.02","2017-10-23T06:15Z","2017-10-23T19:30Z","HOPB.20171023.02.1.e-fisher",1,83,"SEMATR","Semotilus atromaculatus","species",,,,106,11.5,,"N","N",,"no sample",,,"adavila@battelleecology.org",
"ec7a6439-dff3-4f0b-9685-91a4b91def35","D01","HOPB","HOPB.AOS.fish.point.02","2017-10-23T06:15Z","2017-10-23T19:30Z","HOPB.20171023.02.1.e-fisher",1,56,"SEMATR","Semotilus atromaculatus","species",,,,60,2.0,,"N","N",,"no sample",,,"adavila@battelleecology.org",
"8a58a4e6-bf7f-4558-aaf8-ab93153f4047","D01","HOPB","HOPB.AOS.fish.point.02","2017-10-23T06:15Z","2017-10-23T19:30Z","HOPB.20171023.02.1.e-fisher",1,71,"RHIATR","Rhinichthys atratulus","species",,,,46,1.1,,"N","N",,"no sample",,,"adavila@battelleecology.org",
"9576e516-8462-4217-a9bd-8340387b0b39","D01","HOPB","HOPB.AOS.fish.point.02","2017-10-23T06:15Z","2017-10-23T19:30Z","HOPB.20171023.02.1.e-fisher",1,74,"SEMATR","Semotilus atromaculatus","species",,,,81,5.2,,"N","N",,"no sample",,,"adavila@battelleecology.org",
"dbd81aee-4cda-48d6-8b7a-fa45c7ecb672","D01","HOPB","HOPB.AOS.fish.point.02","2017-10-23T06:15Z","2017-10-23T19:30Z","HOPB.20171023.02.1.e-fisher",1,60,"SEMATR","Semotilus atromaculatus","species",,,,100,8.3,,"N","N",,"no sample",,,"adavila@battelleecology.org",
"5f6fff7c-6b7f-4b67-baa6-7877889910ee","D01","HOPB","HOPB.AOS.fish.point.02","2017-10-23T06:15Z","2017-10-23T19:30Z","HOPB.20171023.02.1.e-fisher",1,82,"SALTRU","Salmo trutta","species",,,,146,22.9,,"N","N",,"no sample",,,"adavila@battelleecology.org",
"8eaf5132-7426-459a-a375-17feaf67b07d","D01","HOPB","HOPB.AOS.fish.point.02","2017-10-23T06:15Z","2017-10-23T19:30Z","HOPB.20171023.02.1.e-fisher",1,54,"RHIATR","Rhinichthys atratulus","species",,,,79,4.5,,"N","N",,"no sample",,,"adavila@battelleecology.org",
"540120fa-f712-4afc-a1fd-8b9964ec42d2","D01","HOPB","HOPB.AOS.fish.point.02","2017-10-23T06:15Z","2017-10-23T19:30Z","HOPB.20171023.02.1.e-fisher",1,55,"RHIATR","Rhinichthys atratulus","species",,,,44,1.2,,"N","N",,"no sample",,,"adavila@battelleecology.org",
"1ee52db4-3eef-457a-8327-ebe5015ff221","D01","HOPB","HOPB.AOS.fish.point.02","2017-10-23T06:15Z","2017-10-23T19:30Z","HOPB.20171023.02.1.e-fisher",1,69,"RHIATR","Rhinichthys atratulus","species",,,,20,0.5,,"N","N",,"no sample",,,"adavila@battelleecology.org",
"917e724c-2c08-4016-87f4-d4b11da0532d","D01","HOPB","HOPB.AOS.fish.point.02","2017-10-23T06:15Z","2017-10-23T19:30Z","HOPB.20171023.02.1.e-fisher",1,59,"RHIATR","Rhinichthys atratulus","species",,,,51,1.4,,"N","N",,"no sample",,,"adavila@battelleecology.org",
"56522bfe-8a99-4944-bf9a-0ba0f6349040","D01","HOPB","HOPB.AOS.fish.point.02","2017-10-23T06:15Z","2017-10-23T19:30Z","HOPB.20171023.02.1.e-fisher",1,53,"RHIATR","Rhinichthys atratulus","species",,,,29,0.3,,"N","N",,"no sample",,,"adavila@battelleecology.org",
"68d89c0e-12aa-4d03-a604-b65a5210f09a","D01","HOPB","HOPB.AOS.fish.point.02","2017-10-23T06:15Z","2017-10-23T19:30Z","HOPB.20171023.02.1.e-fisher",1,80,"SEMATR","Semotilus atromaculatus","species",,,,68,2.8,,"N","N",,"no sample",,,"adavila@battelleecology.org",
"db66f451-0293-457e-a54a-59f08126d9c6","D01","HOPB","HOPB.AOS.fish.point.01","2017-10-23T15:30Z","2017-10-23T16:15Z","HOPB.20171023.01.1.e-fisher",1,22,"RHIATR","Rhinichthys atratulus","species",,,,43,1.3,,"N","N",,"no sample",,,"adavila@battelleecology.org",
"3106046e-6583-41fc-a252-8f1fe33a2a28","D01","HOPB","HOPB.AOS.fish.point.01","2017-10-23T15:30Z","2017-10-23T16:15Z","HOPB.20171023.01.1.e-fisher",1,20,"RHIATR","Rhinichthys atratulus","species",,,,54,30.0,,"N","N",,"no sample",,,"adavila@battelleecology.org",
"af53352f-1a67-464e-b38d-9dd6e18a8bf3","D01","HOPB","HOPB.AOS.fish.point.01","2017-10-23T15:30Z","2017-10-23T16:15Z","HOPB.20171023.01.1.e-fisher",1,16,"SALTRU","Salmo trutta","species",,,,82,6.0,,"N","N",,"no sample",,,"adavila@battelleecology.org",
"020020bb-6441-4643-9378-a6ee914357f6","D01","HOPB","HOPB.AOS.fish.point.01","2017-10-23T15:30Z","2017-10-23T16:15Z","HOPB.20171023.01.1.e-fisher",1,33,"RHIATR","Rhinichthys atratulus","species",,,,26,0.3,,"N","N",,"no sample",,,"adavila@battelleecology.org",
"0e8e726c-503b-4d0e-9456-13df5875e421","D01","HOPB","HOPB.AOS.fish.point.01","2017-10-23T15:30Z","2017-10-23T16:15Z","HOPB.20171023.01.1.e-fisher",1,12,"SALTRU","Salmo trutta","species",,,,112,13.0,,"N","N",,"no sample",,,"adavila@battelleecology.org",
"7ceadc3a-c304-4d63-9a3c-8a5debac905e","D01","HOPB","HOPB.AOS.fish.point.01","2017-10-23T15:30Z","2017-10-23T16:15Z","HOPB.20171023.01.1.e-fisher",1,17,"SALTRU","Salmo trutta","species",,,,136,23.5,,"N","N",,"no sample",,,"adavila@battelleecology.org",
"6d51c86f-b3b8-4e6f-90ba-7e1f4c358943","D01","HOPB","HOPB.AOS.fish.point.01","2017-10-23T15:30Z","2017-10-23T16:15Z","HOPB.20171023.01.1.e-fisher",1,15,"RHIATR","Rhinichthys atratulus","species",,,,53,1.3,,"N","N",,"no sample",,,"adavila@battelleecology.org",
"99e080b9-e0ca-4be4-8e13-b19251f18ce0","D01","HOPB","HOPB.AOS.fish.point.01","2017-10-23T15:30Z","2017-10-23T16:15Z","HOPB.20171023.01.1.e-fisher",1,37,"RHIATR","Rhinichthys atratulus","species",,,,32,0.7,,"N","N",,"no sample",,,"adavila@battelleecology.org",
"4c42eedf-14a0-4727-9b4e-dc2ac80f4dbe","D01","HOPB","HOPB.AOS.fish.point.01","2017-10-23T15:30Z","2017-10-23T16:15Z","HOPB.20171023.01.1.e-fisher",1,8,"SEMATR","Semotilus atromaculatus","species",,,,76,5.0,,"N","N",,"no sample",,,"adavila@battelleecology.org",
"4926c489-476b-42c0-b9e9-61e3490270d3","D01","HOPB","HOPB.AOS.fish.point.01","2017-10-23T15:30Z","2017-10-23T16:15Z","HOPB.20171023.01.1.e-fisher",1,28,"RHIATR","Rhinichthys atratulus","species",,,,32,0.8,,"N","N",,"no sample",,,"adavila@battelleecology.org",
"df832e02-b825-4c6c-9e93-5afa05a66a68","D01","HOPB","HOPB.AOS.fish.point.01","2017-10-23T15:30Z","2017-10-23T16:15Z","HOPB.20171023.01.1.e-fisher",1,41,"RHIATR","Rhinichthys atratulus","species",,,,31,3.1,,"N","N",,"no sample",,,"adavila@battelleecology.org",
"92fd972d-2d79-4953-9c70-6997d32bfdc2","D01","HOPB","HOPB.AOS.fish.point.01","2017-10-23T15:30Z","2017-10-23T16:15Z","HOPB.20171023.01.1.e-fisher",1,21,"SALTRU","Salmo trutta","species",,,,134,18.8,,"N","N",,"no sample",,,"adavila@battelleecology.org",
"ccf532ec-d6fd-455b-9d3f-0ec7c78e28d2","D01","HOPB","HOPB.AOS.fish.point.01","2017-10-23T15:30Z","2017-10-23T16:15Z","HOPB.20171023.01.1.e-fisher",1,45,"RHIATR","Rhinichthys atratulus","species",,,,28,0.3,,"N","N",,"no sample",,,"adavila@battelleecology.org",
"a0b2667f-158d-4aff-b16b-cba0516b3c99","D01","HOPB","HOPB.AOS.fish.point.01","2017-10-23T15:30Z","2017-10-23T16:15Z","HOPB.20171023.01.1.e-fisher",1,1,"SEMATR","Semotilus atromaculatus","species",,,,102,12.0,,"N","N",,"no sample",,,"adavila@battelleecology.org",
"6b2bdee7-477b-41f2-850c-9263589db5f1","D01","HOPB","HOPB.AOS.fish.point.01","2017-10-23T15:30Z","2017-10-23T16:15Z","HOPB.20171023.01.1.e-fisher",1,6,"SALFON","Salvelinus fontinalis","species",,,,89,6.0,,"N",,,"no sample",,,"adavila@battelleecology.org",
"a29ae767-c662-4044-a55e-ec91d1cd6232","D01","HOPB","HOPB.AOS.fish.point.01","2017-10-23T15:30Z","2017-10-23T16:15Z","HOPB.20171023.01.1.e-fisher",1,29,"RHIATR","Rhinichthys atratulus","species",,,,42,1.2,,"N","N",,"no sample",,,"adavila@battelleecology.org",
"494537f4-66c1-415a-933b-38b258f293d0","D01","HOPB","HOPB.AOS.fish.point.01","2017-10-23T15:30Z","2017-10-23T16:15Z","HOPB.20171023.01.1.e-fisher",1,5,"SALFON","Salvelinus fontinalis","species",,,,108,14.2,,"N","N",,"no sample",,,"adavila@battelleecology.org",
"7cccbfe8-1ca3-41eb-9bc7-f6b775abc36a","D01","HOPB","HOPB.AOS.fish.point.01","2017-10-23T15:30Z","2017-10-23T16:15Z","HOPB.20171023.01.1.e-fisher",1,7,"RHIATR","Rhinichthys atratulus","species",,,,49,1.5,,"N","N",,"no sample",,,"adavila@battelleecology.org",
"ea053265-1138-4221-b306-0709321482fa","D01","HOPB","HOPB.AOS.fish.point.01","2017-10-23T15:30Z","2017-10-23T16:15Z","HOPB.20171023.01.1.e-fisher",1,34,"RHIATR","Rhinichthys atratulus","species",,,,78,4.9,,"N","N",,"no sample",,,"adavila@battelleecology.org",
"48ddfca2-2756-4bcd-b444-49fef6079ddb","D01","HOPB","HOPB.AOS.fish.point.01","2017-10-23T15:30Z","2017-10-23T16:15Z","HOPB.20171023.01.1.e-fisher",1,26,"RHIATR","Rhinichthys atratulus","species",,,,53,2.9,,"N","N",,"no sample",,,"adavila@battelleecology.org",
"9b3a2c7f-a32c-4642-83a5-58576bd92e7e","D01","HOPB","HOPB.AOS.fish.point.01","2017-10-23T15:30Z","2017-10-23T16:15Z","HOPB.20171023.01.1.e-fisher",1,23,"SALFON","Salvelinus fontinalis","species",,,,129,17.0,,"N","N",,"no sample",,,"adavila@battelleecology.org",
"a2942125-2496-431b-a115-323741a1e49c","D01","HOPB","HOPB.AOS.fish.point.01","2017-10-23T15:30Z","2017-10-23T16:15Z","HOPB.20171023.01.1.e-fisher",1,9,"SALTRU","Salmo trutta","species",,,,153,26.7,,"N","N",,"no sample",,,"adavila@battelleecology.org",
"b622c457-7e8f-48e2-a71c-a711c7d821e5","D01","HOPB","HOPB.AOS.fish.point.01","2017-10-23T15:30Z","2017-10-23T16:15Z","HOPB.20171023.01.1.e-fisher",1,39,"SEMATR","Semotilus atromaculatus","species",,,,41,0.7,,"N","N",,"no sample",,,"adavila@battelleecology.org",
"eb7b8b48-9ca7-43ec-8616-677e63308065","D01","HOPB","HOPB.AOS.fish.point.01","2017-10-23T15:30Z","2017-10-23T16:15Z","HOPB.20171023.01.1.e-fisher",1,25,"RHIATR","Rhinichthys atratulus","species",,,,72,4.2,,"N","N",,"no sample",,,"adavila@battelleecology.org",
"94813487-6a82-4dde-a055-7a14e8d8b0c6","D01","HOPB","HOPB.AOS.fish.point.01","2017-10-23T15:30Z","2017-10-23T16:15Z","HOPB.20171023.01.1.e-fisher",1,35,"RHIATR","Rhinichthys atratulus","species",,,,77,4.3,,"N","N",,"no sample",,,"adavila@battelleecology.org",
"79802152-4594-46e3-894f-5f8539a778ad","D01","HOPB","HOPB.AOS.fish.point.01","2017-10-23T15:30Z","2017-10-23T16:15Z","HOPB.20171023.01.1.e-fisher",1,32,"RHIATR","Rhinichthys atratulus","species",,,,56,1.4,,"N","N",,"no sample",,,"adavila@battelleecology.org",
"5f7c4f73-cfa9-47d8-88a1-729e05d628f9","D01","HOPB","HOPB.AOS.fish.point.01","2017-10-23T15:30Z","2017-10-23T16:15Z","HOPB.20171023.01.1.e-fisher",1,44,"RHIATR","Rhinichthys atratulus","species",,,,33,0.3,,"N","N",,"no sample",,,"adavila@battelleecology.org",
"b82eb73a-88ee-402c-bde6-fcee67ae3c1d","D01","HOPB","HOPB.AOS.fish.point.01","2017-10-23T15:30Z","2017-10-23T16:15Z","HOPB.20171023.01.1.e-fisher",1,4,"RHIATR","Rhinichthys atratulus","species",,,,70,4.0,,"N","N",,"no sample",,,"adavila@battelleecology.org",
"201d17b7-8ff6-4105-8aca-d8549be2bfb7","D01","HOPB","HOPB.AOS.fish.point.01","2017-10-23T15:30Z","2017-10-23T16:15Z","HOPB.20171023.01.1.e-fisher",1,11,"SALTRU","Salmo trutta","species",,,,140,23.0,,"N","N",,"no sample",,,"adavila@battelleecology.org",
"16d8a102-4f2d-4b24-8cb5-c5341b2d91c5","D01","HOPB","HOPB.AOS.fish.point.01","2017-10-23T15:30Z","2017-10-23T16:15Z","HOPB.20171023.01.1.e-fisher",1,30,"RHIATR","Rhinichthys atratulus","species",,,,53,1.4,,"N","N",,"no sample",,,"adavila@battelleecology.org",
"9da0f4b4-641d-4fd7-95c2-2a81b997c644","D01","HOPB","HOPB.AOS.fish.point.01","2017-10-23T15:30Z","2017-10-23T16:15Z","HOPB.20171023.01.1.e-fisher",1,13,"RHIATR","Rhinichthys atratulus","species",,,,51,1.6,,"N","N",,"no sample",,,"adavila@battelleecology.org",
"08a1480b-47a0-464a-8c9a-826fb7da7a0c","D01","HOPB","HOPB.AOS.fish.point.01","2017-10-23T15:30Z","2017-10-23T16:15Z","HOPB.20171023.01.1.e-fisher",1,10,"RHIATR","Rhinichthys atratulus","species",,,,42,1.3,,"N","N",,"no sample",,,"adavila@battelleecology.org",
"cfdbaa05-cd42-406c-83af-c8383f99084d","D01","HOPB","HOPB.AOS.fish.point.01","2017-10-23T15:30Z","2017-10-23T16:15Z","HOPB.20171023.01.1.e-fisher",1,40,"RHIATR","Rhinichthys atratulus","species",,,,81,5.0,,"N","N",,"no sample",,,"adavila@battelleecology.org",
"0f121db7-88a1-4c72-8b1b-2aa7d63afb77","D01","HOPB","HOPB.AOS.fish.point.01","2017-10-23T15:30Z","2017-10-23T16:15Z","HOPB.20171023.01.1.e-fisher",1,19,"SEMATR","Semotilus atromaculatus","species",,,,99,7.4,,"N","N",,"no sample",,,"adavila@battelleecology.org",
"1a8e4457-a86f-4daa-9c83-b7567c5e17c9","D01","HOPB","HOPB.AOS.fish.point.01","2017-10-23T15:30Z","2017-10-23T16:15Z","HOPB.20171023.01.1.e-fisher",1,24,"SALTRU","Salmo trutta","species",,,,132,22.0,,"N","N",,"no sample",,,"adavila@battelleecology.org",
"416d3f91-0c3c-4ffa-b2e9-56c3821817af","D01","HOPB","HOPB.AOS.fish.point.01","2017-10-23T15:30Z","2017-10-23T16:15Z","HOPB.20171023.01.1.e-fisher",1,31,"RHIATR","Rhinichthys atratulus","species",,,,47,1.1,,"N","N",,"no sample",,,"adavila@battelleecology.org",
"dddc0d3c-de9a-4264-911e-56afa7760d9f","D01","HOPB","HOPB.AOS.fish.point.01","2017-10-23T15:30Z","2017-10-23T16:15Z","HOPB.20171023.01.1.e-fisher",1,42,"RHIATR","Rhinichthys atratulus","species",,,,29,0.6,,"N","N",,"no sample",,,"adavila@battelleecology.org",
"b5cab09b-e5d8-4e84-bee4-f1172565a8dc","D01","HOPB","HOPB.AOS.fish.point.01","2017-10-23T15:30Z","2017-10-23T16:15Z","HOPB.20171023.01.1.e-fisher",1,3,"SEMATR","Semotilus atromaculatus","species",,,,107,11.0,,"N","N",,"no sample",,,"adavila@battelleecology.org",
"51127f8f-2f6f-408d-b414-e1b106fdb5f7","D01","HOPB","HOPB.AOS.fish.point.01","2017-10-23T15:30Z","2017-10-23T16:15Z","HOPB.20171023.01.1.e-fisher",1,43,"RHIATR","Rhinichthys atratulus","species",,,,30,1.0,,"N","N",,"no sample",,,"adavila@battelleecology.org",
"3d35fcdd-5e8e-4fe8-8390-9570104e783e","D01","HOPB","HOPB.AOS.fish.point.01","2017-10-23T15:30Z","2017-10-23T16:15Z","HOPB.20171023.01.1.e-fisher",1,36,"RHIATR","Rhinichthys atratulus","species",,,,40,0.7,,"N","N",,"no sample",,,"adavila@battelleecology.org",
"bbc5c3e5-2ff8-430b-9719-52c242fdda6e","D01","HOPB","HOPB.AOS.fish.point.01","2017-10-23T15:30Z","2017-10-23T16:15Z","HOPB.20171023.01.1.e-fisher",1,27,"RHIATR","Rhinichthys atratulus","species",,,,44,2.1,,"N","N",,"no sample",,,"adavila@battelleecology.org",
"16c8533c-9be5-4e71-b2a1-6d581d940142","D01","HOPB","HOPB.AOS.fish.point.01","2017-10-23T15:30Z","2017-10-23T16:15Z","HOPB.20171023.01.1.e-fisher",1,14,"SEMATR","Semotilus atromaculatus","species",,,,75,5.0,,"N","N",,"no sample",,,"adavila@battelleecology.org",
"433ad9a3-a223-490e-9408-0bc269377025","D01","HOPB","HOPB.AOS.fish.point.01","2017-10-23T15:30Z","2017-10-23T16:15Z","HOPB.20171023.01.1.e-fisher",1,2,"RHIATR","Rhinichthys atratulus","species",,,,81,4.2,,"N","N",,"no sample",,,"adavila@battelleecology.org",
"79a8045b-3c3d-4f11-b245-f8de9cae4807","D01","HOPB","HOPB.AOS.fish.point.01","2017-10-23T15:30Z","2017-10-23T16:15Z","HOPB.20171023.01.1.e-fisher",1,18,"RHIATR","Rhinichthys atratulus","species",,,,77,5.0,,"N","N",,"no sample",,,"adavila@battelleecology.org",
"e03621de-f85c-4b71-b76f-14a7e8f7c7de","D01","HOPB","HOPB.AOS.fish.point.01","2017-10-23T15:30Z","2017-10-23T16:15Z","HOPB.20171023.01.1.e-fisher",1,38,"RHIATR","Rhinichthys atratulus","species",,,,31,0.3,,"N","N",,"no sample",,,"adavila@battelleecology.org",
"ba9f2c5b-aabe-4e62-9e38-ca48575b24bd","D01","HOPB","HOPB.AOS.fish.point.04","2017-10-24T14:27Z","2017-10-24T14:45Z","HOPB.20171024.04.1.e-fisher",1,46,"SEMATR","Semotilus atromaculatus","species",,,,32,0.3,,"N","N",,"no sample",,,"adavila@battelleecology.org",
"b6e13f9a-87af-4323-890a-f5f20346c5f9","D01","HOPB","HOPB.AOS.fish.point.04","2017-10-24T14:27Z","2017-10-24T14:45Z","HOPB.20171024.04.1.e-fisher",1,43,"RHIATR","Rhinichthys atratulus","species",,,,26,0.3,,"N","N",,"no sample",,,"adavila@battelleecology.org",
"5d8ae890-ea57-46e1-8b63-a2c046fbf0c4","D01","HOPB","HOPB.AOS.fish.point.04","2017-10-24T14:27Z","2017-10-24T14:45Z","HOPB.20171024.04.1.e-fisher",1,37,"SEMATR","Semotilus atromaculatus","species",,,,72,3.2,,"N","N",,"no sample",,,"adavila@battelleecology.org",
"9114a21a-d9ae-47a1-bd31-7cf347d9c6e3","D01","HOPB","HOPB.AOS.fish.point.04","2017-10-24T14:27Z","2017-10-24T14:45Z","HOPB.20171024.04.1.e-fisher",1,36,"RHIATR","Rhinichthys atratulus","species",,,,22,0.3,,"N","N",,"no sample",,,"adavila@battelleecology.org",
"6cd74857-3606-4ec1-b50c-c61df8af0dcb","D01","HOPB","HOPB.AOS.fish.point.04","2017-10-24T14:27Z","2017-10-24T14:45Z","HOPB.20171024.04.1.e-fisher",1,22,"SEMATR","Semotilus atromaculatus","species",,,,60,1.8,,"N","N",,"no sample",,,"adavila@battelleecology.org",
"f4321e64-0ea6-49b2-9379-c59fd16c6649","D01","HOPB","HOPB.AOS.fish.point.04","2017-10-24T14:27Z","2017-10-24T14:45Z","HOPB.20171024.04.1.e-fisher",1,2,"SEMATR","Semotilus atromaculatus","species",,,,85,5.1,,"N","N",,"no sample",,,"adavila@battelleecology.org",
"05ce62d1-b0ce-4fe9-8c9e-edd79eac72ad","D01","HOPB","HOPB.AOS.fish.point.04","2017-10-24T14:27Z","2017-10-24T14:45Z","HOPB.20171024.04.1.e-fisher",1,3,"RHIATR","Rhinichthys atratulus","species",,,,54,1.5,,"N","N",,"no sample",,,"adavila@battelleecology.org",
"31d9d626-b996-4436-b915-12d8da2f4eed","D01","HOPB","HOPB.AOS.fish.point.04","2017-10-24T14:27Z","2017-10-24T14:45Z","HOPB.20171024.04.1.e-fisher",1,14,"RHIATR","Rhinichthys atratulus","species",,,,38,0.3,,"N","N",,"no sample",,,"adavila@battelleecology.org",
"6971b32b-d459-45ce-8fb8-d77720f7b321","D01","HOPB","HOPB.AOS.fish.point.04","2017-10-24T14:27Z","2017-10-24T14:45Z","HOPB.20171024.04.1.e-fisher",1,21,"SEMATR","Semotilus atromaculatus","species",,,,72,2.3,,"N","N",,"no sample",,,"adavila@battelleecology.org",
"f512e568-e9c7-4e4d-8f5c-2463fcdfb7ae","D01","HOPB","HOPB.AOS.fish.point.04","2017-10-24T14:27Z","2017-10-24T14:45Z","HOPB.20171024.04.1.e-fisher",1,17,"SEMATR","Semotilus atromaculatus","species",,,,85,5.7,,"N","N",,"no sample",,,"adavila@battelleecology.org",
"1c827a3c-3740-4913-8e35-b4e6e98f76f1","D01","HOPB","HOPB.AOS.fish.point.04","2017-10-24T14:27Z","2017-10-24T14:45Z","HOPB.20171024.04.1.e-fisher",1,19,"SEMATR","Semotilus atromaculatus","species",,,,67,2.8,,"N","N",,"no sample",,,"adavila@battelleecology.org",
"d536e535-fb78-4167-a69f-f9e1dd695a7e","D01","HOPB","HOPB.AOS.fish.point.04","2017-10-24T14:27Z","2017-10-24T14:45Z","HOPB.20171024.04.1.e-fisher",1,45,"SEMATR","Semotilus atromaculatus","species",,,,97,6.7,,"N","N",,"no sample",,,"adavila@battelleecology.org",
"db4c2a8b-023e-4983-8d5f-1bce1a84abe4","D01","HOPB","HOPB.AOS.fish.point.04","2017-10-24T14:27Z","2017-10-24T14:45Z","HOPB.20171024.04.1.e-fisher",1,49,"RHIATR","Rhinichthys atratulus","species",,,,26,0.3,,"N","N",,"no sample",,,"adavila@battelleecology.org",
"edae6f6f-3cd8-415e-a090-9d44ad56cb57","D01","HOPB","HOPB.AOS.fish.point.04","2017-10-24T14:27Z","2017-10-24T14:45Z","HOPB.20171024.04.1.e-fisher",1,16,"SALTRU","Salmo trutta","species",,,,123,13.8,,"N","N",,"no sample",,,"adavila@battelleecology.org",
"fa87338f-bb39-4c20-b20d-8fdb9d5a080f","D01","HOPB","HOPB.AOS.fish.point.04","2017-10-24T14:27Z","2017-10-24T14:45Z","HOPB.20171024.04.1.e-fisher",1,48,"RHIATR","Rhinichthys atratulus","species",,,,27,0.3,,"N","N",,"no sample",,,"adavila@battelleecology.org",
"5b051442-8e76-4651-8e40-ba2dc41fdd00","D01","HOPB","HOPB.AOS.fish.point.04","2017-10-24T14:27Z","2017-10-24T14:45Z","HOPB.20171024.04.1.e-fisher",1,29,"RHIATR","Rhinichthys atratulus","species",,,,46,0.6,,"N","N",,"no sample",,,"adavila@battelleecology.org",
"a14d73d0-f9aa-4e9f-bba8-9517685370bb","D01","HOPB","HOPB.AOS.fish.point.04","2017-10-24T14:27Z","2017-10-24T14:45Z","HOPB.20171024.04.1.e-fisher",1,42,"SEMATR","Semotilus atromaculatus","species",,,,66,2.7,,"N","N",,"no sample",,,"adavila@battelleecology.org",
"6bbcb08f-f1fe-4298-9325-ad3f47901eeb","D01","HOPB","HOPB.AOS.fish.point.04","2017-10-24T14:27Z","2017-10-24T14:45Z","HOPB.20171024.04.1.e-fisher",1,31,"RHIATR","Rhinichthys atratulus","species",,,,49,1.3,,"N","N",,"no sample",,,"adavila@battelleecology.org",
"9b700d6b-f009-416f-8a27-d594fd1af76a","D01","HOPB","HOPB.AOS.fish.point.04","2017-10-24T14:27Z","2017-10-24T14:45Z","HOPB.20171024.04.1.e-fisher",1,33,"SEMATR","Semotilus atromaculatus","species",,,,66,2.5,,"N","N",,"no sample",,,"adavila@battelleecology.org",
"6f0674e0-a9f3-4965-b691-6c6a7b8b38d3","D01","HOPB","HOPB.AOS.fish.point.04","2017-10-24T14:27Z","2017-10-24T14:45Z","HOPB.20171024.04.1.e-fisher",1,1,"SEMATR","Semotilus atromaculatus","species",,,,69,1.8,,"N","N",,"no sample",,,"adavila@battelleecology.org",
"94024a0f-ca8b-4e6e-8bcd-2affe2941a94","D01","HOPB","HOPB.AOS.fish.point.04","2017-10-24T14:27Z","2017-10-24T14:45Z","HOPB.20171024.04.1.e-fisher",1,4,"RHIATR","Rhinichthys atratulus","species",,,,49,1.0,,"N","N",,"no sample",,,"adavila@battelleecology.org",
"8b737bb0-0fae-44fc-a189-76fad083e8e9","D01","HOPB","HOPB.AOS.fish.point.04","2017-10-24T14:27Z","2017-10-24T14:45Z","HOPB.20171024.04.1.e-fisher",1,13,"SALFON","Salvelinus fontinalis","species",,,,155,31.4,,"N","N",,"no sample",,,"adavila@battelleecology.org",
"a8969dc8-d800-4c8a-8b64-a654bea3422e","D01","HOPB","HOPB.AOS.fish.point.04","2017-10-24T14:27Z","2017-10-24T14:45Z","HOPB.20171024.04.1.e-fisher",1,27,"SEMATR","Semotilus atromaculatus","species",,,,71,3.4,,"N","N",,"no sample",,,"adavila@battelleecology.org",
"81389512-95f2-410f-ab3e-ad587b62f697","D01","HOPB","HOPB.AOS.fish.point.04","2017-10-24T14:27Z","2017-10-24T14:45Z","HOPB.20171024.04.1.e-fisher",1,34,"RHIATR","Rhinichthys atratulus","species",,,,56,1.6,,"N","N",,"no sample",,,"adavila@battelleecology.org",
"b0bacc18-1b97-4240-91a3-97203ed63513","D01","HOPB","HOPB.AOS.fish.point.04","2017-10-24T14:27Z","2017-10-24T14:45Z","HOPB.20171024.04.1.e-fisher",1,30,"RHIATR","Rhinichthys atratulus","species",,,,30,0.8,,"N","N",,"no sample",,,"adavila@battelleecology.org",
"284f59dd-dfee-454e-9d0c-9b4663ab8664","D01","HOPB","HOPB.AOS.fish.point.04","2017-10-24T14:27Z","2017-10-24T14:45Z","HOPB.20171024.04.1.e-fisher",1,41,"RHIATR","Rhinichthys atratulus","species",,,,70,3.1,,"N","N",,"no sample",,,"adavila@battelleecology.org",
"e486e934-5764-458b-bf83-e4ea95a5a238","D01","HOPB","HOPB.AOS.fish.point.04","2017-10-24T14:27Z","2017-10-24T14:45Z","HOPB.20171024.04.1.e-fisher",1,10,"SEMATR","Semotilus atromaculatus","species",,,,75,3.6,,"N","N",,"no sample",,,"adavila@battelleecology.org",
"2e8838aa-2846-4d30-a3cf-08da4d4cb8d4","D01","HOPB","HOPB.AOS.fish.point.04","2017-10-24T14:27Z","2017-10-24T14:45Z","HOPB.20171024.04.1.e-fisher",1,40,"SEMATR","Semotilus atromaculatus","species",,,,100,7.5,,"N","N",,"no sample",,,"adavila@battelleecology.org",
"08aac9d6-af5e-41b8-a56e-279bf26cb379","D01","HOPB","HOPB.AOS.fish.point.04","2017-10-24T14:27Z","2017-10-24T14:45Z","HOPB.20171024.04.1.e-fisher",1,8,"SALFON","Salvelinus fontinalis","species",,,,121,14.3,,"N","N",,"no sample",,,"adavila@battelleecology.org",
"0888fd84-0858-4faa-907f-30eaf38ed53f","D01","HOPB","HOPB.AOS.fish.point.04","2017-10-24T14:27Z","2017-10-24T14:45Z","HOPB.20171024.04.1.e-fisher",1,6,"SEMATR","Semotilus atromaculatus","species",,,,37,0.7,,"N","N",,"no sample",,,"adavila@battelleecology.org",
"ea24a85d-ef78-4fc9-aece-2e7213074082","D01","HOPB","HOPB.AOS.fish.point.04","2017-10-24T14:27Z","2017-10-24T14:45Z","HOPB.20171024.04.1.e-fisher",1,18,"RHIATR","Rhinichthys atratulus","species",,,,36,0.5,,"N","N",,"no sample",,,"adavila@battelleecology.org",
"4c1e60cd-9b39-4082-bcf5-ef3966bb0dfe","D01","HOPB","HOPB.AOS.fish.point.04","2017-10-24T14:27Z","2017-10-24T14:45Z","HOPB.20171024.04.1.e-fisher",1,35,"RHIATR","Rhinichthys atratulus","species",,,,48,0.3,,"N","N",,"no sample",,,"adavila@battelleecology.org",
"ab1eaff1-2c7d-4d9a-8586-5334164a1c1b","D01","HOPB","HOPB.AOS.fish.point.04","2017-10-24T14:27Z","2017-10-24T14:45Z","HOPB.20171024.04.1.e-fisher",1,7,"SEMATR","Semotilus atromaculatus","species",,,,109,11.6,,"N","N",,"no sample",,,"adavila@battelleecology.org",
"9c8864c3-6453-496f-9a96-74a9dffe77ab","D01","HOPB","HOPB.AOS.fish.point.04","2017-10-24T14:27Z","2017-10-24T14:45Z","HOPB.20171024.04.1.e-fisher",1,9,"RHIATR","Rhinichthys atratulus","species",,,,39,0.9,,"N","N",,"no sample",,,"adavila@battelleecology.org",
"067a3189-e598-4209-84c0-57ab60d6f8bf","D01","HOPB","HOPB.AOS.fish.point.04","2017-10-24T14:27Z","2017-10-24T14:45Z","HOPB.20171024.04.1.e-fisher",1,28,"RHIATR","Rhinichthys atratulus","species",,,,30,0.3,,"N","N",,"no sample",,,"adavila@battelleecology.org",
"928686b9-c65e-40c1-889b-b3d5a37bbacf","D01","HOPB","HOPB.AOS.fish.point.04","2017-10-24T14:27Z","2017-10-24T14:45Z","HOPB.20171024.04.1.e-fisher",1,12,"RHIATR","Rhinichthys atratulus","species",,,,42,0.6,,"N","N",,"no sample",,,"adavila@battelleecology.org",
"d1842ca0-4ef0-4bc9-813e-548d13d7d2d6","D01","HOPB","HOPB.AOS.fish.point.04","2017-10-24T14:27Z","2017-10-24T14:45Z","HOPB.20171024.04.1.e-fisher",1,24,"SALFON","Salvelinus fontinalis","species",,,,145,28.6,,"N","N",,"no sample",,,"adavila@battelleecology.org",
"2a596744-4a7c-4286-953b-240821e3d0ee","D01","HOPB","HOPB.AOS.fish.point.04","2017-10-24T14:27Z","2017-10-24T14:45Z","HOPB.20171024.04.1.e-fisher",1,20,"SEMATR","Semotilus atromaculatus","species",,,,61,3.2,,"N","N",,"no sample",,,"adavila@battelleecology.org",
"c23b9392-65e7-40f4-82a2-5b7c1733885a","D01","HOPB","HOPB.AOS.fish.point.04","2017-10-24T14:27Z","2017-10-24T14:45Z","HOPB.20171024.04.1.e-fisher",1,5,"SALTRU","Salmo trutta","species",,,,122,14.1,,"N","N",,"no sample",,,"adavila@battelleecology.org",
"01342f1b-e726-4644-b4b1-1aaa9b01c0dd","D01","HOPB","HOPB.AOS.fish.point.04","2017-10-24T14:27Z","2017-10-24T14:45Z","HOPB.20171024.04.1.e-fisher",1,23,"SEMATR","Semotilus atromaculatus","species",,,,152,31.2,,"N","N",,"no sample",,,"adavila@battelleecology.org",
"a4b7d5cd-f678-47e4-b531-2643cdb6b336","D01","HOPB","HOPB.AOS.fish.point.04","2017-10-24T14:27Z","2017-10-24T14:45Z","HOPB.20171024.04.1.e-fisher",1,44,"SEMATR","Semotilus atromaculatus","species",,,,99,8.7,,"N","N",,"no sample",,,"adavila@battelleecology.org",
"d9edce98-335f-4d0f-9a80-e7eb2d8fcde1","D01","HOPB","HOPB.AOS.fish.point.04","2017-10-24T14:27Z","2017-10-24T14:45Z","HOPB.20171024.04.1.e-fisher",1,47,"RHIATR","Rhinichthys atratulus","species",,,,32,0.3,,"N","N",,"no sample",,,"adavila@battelleecology.org",
"e5cc6a27-e8e5-46d3-81e1-a1e7ffdd31c6","D01","HOPB","HOPB.AOS.fish.point.04","2017-10-24T14:27Z","2017-10-24T14:45Z","HOPB.20171024.04.1.e-fisher",1,39,"SEMATR","Semotilus atromaculatus","species",,,,35,0.5,,"N","N",,"no sample",,,"adavila@battelleecology.org",
"f1b57b8f-7e09-49d8-910e-a47fabd92c20","D01","HOPB","HOPB.AOS.fish.point.04","2017-10-24T14:27Z","2017-10-24T14:45Z","HOPB.20171024.04.1.e-fisher",1,32,"SEMATR","Semotilus atromaculatus","species",,,,111,14.4,,"N","N",,"no sample",,,"adavila@battelleecology.org",
"b606b64a-562c-4e29-979d-c846b98c1f7b","D01","HOPB","HOPB.AOS.fish.point.04","2017-10-24T14:27Z","2017-10-24T14:45Z","HOPB.20171024.04.1.e-fisher",1,15,"RHIATR","Rhinichthys atratulus","species",,,,42,0.7,,"N","N",,"no sample",,,"adavila@battelleecology.org",
"5e630c9f-5f36-4423-ad84-9f0c90025133","D01","HOPB","HOPB.AOS.fish.point.04","2017-10-24T14:27Z","2017-10-24T14:45Z","HOPB.20171024.04.1.e-fisher",1,11,"RHIATR","Rhinichthys atratulus","species",,,,37,0.8,,"N","N",,"no sample",,,"adavila@battelleecology.org",
"54712d65-89d1-4d41-bd28-aa86ac1caaf3","D01","HOPB","HOPB.AOS.fish.point.04","2017-10-24T14:27Z","2017-10-24T14:45Z","HOPB.20171024.04.1.e-fisher",1,25,"RHIATR","Rhinichthys atratulus","species",,,,52,2.6,,"N","N",,"no sample",,,"adavila@battelleecology.org",
"ee509141-b66d-4bc3-91d6-8c30746fe5d2","D01","HOPB","HOPB.AOS.fish.point.04","2017-10-24T14:27Z","2017-10-24T14:45Z","HOPB.20171024.04.1.e-fisher",1,26,"RHIATR","Rhinichthys atratulus","species",,,,75,3.6,,"N","N",,"no sample",,,"adavila@battelleecology.org",
"a9c44412-c177-45bd-b3cc-58216371b9dd","D01","HOPB","HOPB.AOS.fish.point.04","2017-10-24T14:27Z","2017-10-24T14:45Z","HOPB.20171024.04.1.e-fisher",1,38,"RHIATR","Rhinichthys atratulus","species",,,,45,1.2,,"N","N",,"no sample",,,"adavila@battelleecology.org",
"1e743c6b-e0fd-48a2-956f-47309c6c8700","D01","HOPB","HOPB.AOS.fish.point.04","2017-10-24T15:20Z","2017-10-24T16:00Z","HOPB.20171024.04.2.e-fisher",2,3,"SEMATR","Semotilus atromaculatus","species",,,,86,5.8,,"N","N",,"no sample",,,"adavila@battelleecology.org",
"17096411-cade-4892-b3a5-b76a4f809411","D01","HOPB","HOPB.AOS.fish.point.04","2017-10-24T15:20Z","2017-10-24T16:00Z","HOPB.20171024.04.2.e-fisher",2,25,"RHIATR","Rhinichthys atratulus","species",,,,34,0.9,,"N","N",,"no sample",,,"adavila@battelleecology.org",
"3b94ad8e-f505-442a-bc43-c68f336ee807","D01","HOPB","HOPB.AOS.fish.point.04","2017-10-24T15:20Z","2017-10-24T16:00Z","HOPB.20171024.04.2.e-fisher",2,11,"SEMATR","Semotilus atromaculatus","species",,,,53,1.3,,"N","N",,"no sample",,,"adavila@battelleecology.org",
"29bad4ab-140a-41f6-b328-469bc417fdb4","D01","HOPB","HOPB.AOS.fish.point.04","2017-10-24T15:20Z","2017-10-24T16:00Z","HOPB.20171024.04.2.e-fisher",2,5,"RHIATR","Rhinichthys atratulus","species",,,,61,1.4,,"N","N",,"no sample",,,"adavila@battelleecology.org",
"9ee79577-7d6b-45b7-8923-bd3dcac5dc7d","D01","HOPB","HOPB.AOS.fish.point.04","2017-10-24T15:20Z","2017-10-24T16:00Z","HOPB.20171024.04.2.e-fisher",2,7,"RHIATR","Rhinichthys atratulus","species",,,,30,0.3,,"N","N",,"no sample",,,"adavila@battelleecology.org",
"52e88e60-343e-4764-83f6-6257efb8678d","D01","HOPB","HOPB.AOS.fish.point.04","2017-10-24T15:20Z","2017-10-24T16:00Z","HOPB.20171024.04.2.e-fisher",2,12,"SALFON","Salvelinus fontinalis","species",,,,126,15.1,,"N","N",,"no sample",,,"adavila@battelleecology.org",
"949ad614-8780-49cb-9b42-74306e54c4b2","D01","HOPB","HOPB.AOS.fish.point.04","2017-10-24T15:20Z","2017-10-24T16:00Z","HOPB.20171024.04.2.e-fisher",2,19,"RHIATR","Rhinichthys atratulus","species",,,,62,1.7,,"N","N",,"no sample",,,"adavila@battelleecology.org",
"e91b3442-8d6e-41f2-953b-627c1d615d4c","D01","HOPB","HOPB.AOS.fish.point.04","2017-10-24T15:20Z","2017-10-24T16:00Z","HOPB.20171024.04.2.e-fisher",2,20,"RHIATR","Rhinichthys atratulus","species",,,,27,0.3,,"N","N",,"no sample",,,"adavila@battelleecology.org",
"7d97028f-ca01-471a-a1ae-520c1ed77c73","D01","HOPB","HOPB.AOS.fish.point.04","2017-10-24T15:20Z","2017-10-24T16:00Z","HOPB.20171024.04.2.e-fisher",2,24,"SALTRU","Salmo trutta","species",,,,134,20.7,,"N","N",,"no sample",,,"adavila@battelleecology.org",
"05190c12-97c4-4c4a-9d94-8fa287ef496b","D01","HOPB","HOPB.AOS.fish.point.04","2017-10-24T15:20Z","2017-10-24T16:00Z","HOPB.20171024.04.2.e-fisher",2,22,"SALFON","Salvelinus fontinalis","species",,,,130,18.6,,"N","N",,"no sample",,,"adavila@battelleecology.org",
"a23f6fca-ad52-4fce-b405-aeaf3061b22d","D01","HOPB","HOPB.AOS.fish.point.04","2017-10-24T15:20Z","2017-10-24T16:00Z","HOPB.20171024.04.2.e-fisher",2,8,"RHIATR","Rhinichthys atratulus","species",,,,76,3.4,,"N","N",,"no sample",,,"adavila@battelleecology.org",
"6f9a685f-1d1b-4404-9aa2-9f9f7ce82e29","D01","HOPB","HOPB.AOS.fish.point.04","2017-10-24T15:20Z","2017-10-24T16:00Z","HOPB.20171024.04.2.e-fisher",2,21,"SALFON","Salvelinus fontinalis","species",,,,140,22.5,,"N","N",,"no sample",,,"adavila@battelleecology.org",
"46a1b177-ff8d-408a-b7ac-b780be6306b6","D01","HOPB","HOPB.AOS.fish.point.04","2017-10-24T15:20Z","2017-10-24T16:00Z","HOPB.20171024.04.2.e-fisher",2,18,"RHIATR","Rhinichthys atratulus","species",,,,31,0.3,,"N","N",,"no sample",,,"adavila@battelleecology.org",
"a454ba64-c7e3-46a2-ac88-4af615dbbe93","D01","HOPB","HOPB.AOS.fish.point.04","2017-10-24T15:20Z","2017-10-24T16:00Z","HOPB.20171024.04.2.e-fisher",2,4,"RHIATR","Rhinichthys atratulus","species",,,,34,0.3,,"N","N",,"no sample",,,"adavila@battelleecology.org",
"b2d4912c-faea-4289-bc59-769d5099a587","D01","HOPB","HOPB.AOS.fish.point.04","2017-10-24T15:20Z","2017-10-24T16:00Z","HOPB.20171024.04.2.e-fisher",2,13,"RHIATR","Rhinichthys atratulus","species",,,,29,0.3,,"N","N",,"no sample",,,"adavila@battelleecology.org",
"03fb7d2e-0fc3-4f5e-ae1f-59a02439b1f4","D01","HOPB","HOPB.AOS.fish.point.04","2017-10-24T15:20Z","2017-10-24T16:00Z","HOPB.20171024.04.2.e-fisher",2,16,"RHIATR","Rhinichthys atratulus","species",,,,31,0.3,,"N","N",,"no sample",,,"adavila@battelleecology.org",
"26f706cb-16e2-4121-92e6-a6129167e7d3","D01","HOPB","HOPB.AOS.fish.point.04","2017-10-24T15:20Z","2017-10-24T16:00Z","HOPB.20171024.04.2.e-fisher",2,15,"RHIATR","Rhinichthys atratulus","species",,,,49,1.0,,"N","N",,"no sample",,,"adavila@battelleecology.org",
"9a97b56f-bbf8-4f7f-98cd-a6e776ee880a","D01","HOPB","HOPB.AOS.fish.point.04","2017-10-24T15:20Z","2017-10-24T16:00Z","HOPB.20171024.04.2.e-fisher",2,14,"RHIATR","Rhinichthys atratulus","species",,,,29,0.3,,"N","N",,"no sample",,,"adavila@battelleecology.org",
"da1f5ffa-6989-43ad-ba2d-71a081bece00","D01","HOPB","HOPB.AOS.fish.point.04","2017-10-24T15:20Z","2017-10-24T16:00Z","HOPB.20171024.04.2.e-fisher",2,10,"RHIATR","Rhinichthys atratulus","species",,,,33,0.3,,"N","N",,"no sample",,,"adavila@battelleecology.org",
"d4c5ec6a-5612-4f80-9980-9f944b4aa6fd","D01","HOPB","HOPB.AOS.fish.point.04","2017-10-24T15:20Z","2017-10-24T16:00Z","HOPB.20171024.04.2.e-fisher",2,6,"RHIATR","Rhinichthys atratulus","species",,,,35,0.3,,"N","N",,"no sample",,,"adavila@battelleecology.org",
"0a22f1e2-0216-4a55-b9c0-0125d56a49dd","D01","HOPB","HOPB.AOS.fish.point.04","2017-10-24T15:20Z","2017-10-24T16:00Z","HOPB.20171024.04.2.e-fisher",2,1,"SEMATR","Semotilus atromaculatus","species",,,,92,8.0,,"N","N",,"no sample",,,"adavila@battelleecology.org",
"628ce8dd-a477-4131-8530-7834060ba100","D01","HOPB","HOPB.AOS.fish.point.04","2017-10-24T15:20Z","2017-10-24T16:00Z","HOPB.20171024.04.2.e-fisher",2,23,"SEMATR","Semotilus atromaculatus","species",,,,102,9.2,,"N","N",,"no sample",,,"adavila@battelleecology.org",
"664258e2-e43a-40a8-a057-6c9e357cd0ce","D01","HOPB","HOPB.AOS.fish.point.04","2017-10-24T15:20Z","2017-10-24T16:00Z","HOPB.20171024.04.2.e-fisher",2,9,"SEMATR","Semotilus atromaculatus","species",,,,92,6.6,,"N","N",,"no sample",,,"adavila@battelleecology.org",
"09b50c38-19a6-499b-aad7-2911acfbc4e4","D01","HOPB","HOPB.AOS.fish.point.04","2017-10-24T15:20Z","2017-10-24T16:00Z","HOPB.20171024.04.2.e-fisher",2,17,"RHIATR","Rhinichthys atratulus","species",,,,35,0.3,,"N","N",,"no sample",,,"adavila@battelleecology.org",
"5532c9b3-86da-470c-9699-9f758d0eec18","D01","HOPB","HOPB.AOS.fish.point.04","2017-10-24T15:20Z","2017-10-24T16:00Z","HOPB.20171024.04.2.e-fisher",2,2,"RHIATR","Rhinichthys atratulus","species",,,,58,2.5,,"N","N",,"no sample",,,"adavila@battelleecology.org",
"0c5b17ec-bd75-4141-9b94-b4bb72b0e9b0","D01","HOPB","HOPB.AOS.fish.point.04","2017-10-24T16:40Z","2017-10-24T17:15Z","HOPB.20171024.04.3.e-fisher",3,5,"RHIATR","Rhinichthys atratulus","species",,,,28,0.3,,"N","N",,"no sample",,,"adavila@battelleecology.org",
"834b2699-18a2-4f16-b552-983deb254a39","D01","HOPB","HOPB.AOS.fish.point.04","2017-10-24T16:40Z","2017-10-24T17:15Z","HOPB.20171024.04.3.e-fisher",3,14,"RHIATR","Rhinichthys atratulus","species",,,,36,0.7,,"N","N",,"no sample",,,"adavila@battelleecology.org",
"4f706d87-12a8-4640-ad39-e8635c44aaaa","D01","HOPB","HOPB.AOS.fish.point.04","2017-10-24T16:40Z","2017-10-24T17:15Z","HOPB.20171024.04.3.e-fisher",3,6,"SEMATR","Semotilus atromaculatus","species",,,,34,0.3,,"N","N",,"no sample",,,"adavila@battelleecology.org",
"bc98c677-afc2-4a02-9412-4c0aeaffe693","D01","HOPB","HOPB.AOS.fish.point.04","2017-10-24T16:40Z","2017-10-24T17:15Z","HOPB.20171024.04.3.e-fisher",3,17,"SEMATR","Semotilus atromaculatus","species",,,,99,8.8,,"N","N",,"no sample",,,"adavila@battelleecology.org",
"2013639e-b790-463c-bca3-2a017c0d3491","D01","HOPB","HOPB.AOS.fish.point.04","2017-10-24T16:40Z","2017-10-24T17:15Z","HOPB.20171024.04.3.e-fisher",3,10,"RHIATR","Rhinichthys atratulus","species",,,,29,0.3,,"N","N",,"no sample",,,"adavila@battelleecology.org",
"b729c361-41cf-4ad7-afaa-afddd4f854d1","D01","HOPB","HOPB.AOS.fish.point.04","2017-10-24T16:40Z","2017-10-24T17:15Z","HOPB.20171024.04.3.e-fisher",3,9,"SEMATR","Semotilus atromaculatus","species",,,,87,5.9,,"N","N",,"no sample",,,"adavila@battelleecology.org",
"8ac84ee1-d3c3-407f-bea6-01dcfa5b55a2","D01","HOPB","HOPB.AOS.fish.point.04","2017-10-24T16:40Z","2017-10-24T17:15Z","HOPB.20171024.04.3.e-fisher",3,15,"SALFON","Salvelinus fontinalis","species",,,,161,34.6,,"N","N",,"no sample",,,"adavila@battelleecology.org",
"d25076c2-e43e-44fa-9c78-f7969a9e9ca9","D01","HOPB","HOPB.AOS.fish.point.04","2017-10-24T16:40Z","2017-10-24T17:15Z","HOPB.20171024.04.3.e-fisher",3,8,"SALFON","Salvelinus fontinalis","species",,,,135,24.3,,"N","N",,"no sample",,,"adavila@battelleecology.org",
"acea874d-7cef-4ffa-a74d-d92b0daaa768","D01","HOPB","HOPB.AOS.fish.point.04","2017-10-24T16:40Z","2017-10-24T17:15Z","HOPB.20171024.04.3.e-fisher",3,2,"SEMATR","Semotilus atromaculatus","species",,,,67,2.4,,"N","N",,"no sample",,,"adavila@battelleecology.org",
"d4cfc512-ab3f-48ea-aae1-29ca1979ab7c","D01","HOPB","HOPB.AOS.fish.point.04","2017-10-24T16:40Z","2017-10-24T17:15Z","HOPB.20171024.04.3.e-fisher",3,18,"SALFON","Salvelinus fontinalis","species",,,,132,22.8,,"N","N",,"no sample",,,"adavila@battelleecology.org",
"c30c2ef0-4fab-4ba8-9f52-a453f1473825","D01","HOPB","HOPB.AOS.fish.point.04","2017-10-24T16:40Z","2017-10-24T17:15Z","HOPB.20171024.04.3.e-fisher",3,19,"SALTRU","Salmo trutta","species",,,,140,20.9,,"N",,,"no sample",,,"adavila@battelleecology.org",
"a1b3d8e3-8ea5-479f-92fa-b5b9619c9066","D01","HOPB","HOPB.AOS.fish.point.04","2017-10-24T16:40Z","2017-10-24T17:15Z","HOPB.20171024.04.3.e-fisher",3,12,"SEMATR","Semotilus atromaculatus","species",,,,68,2.2,,"N","N",,"no sample",,,"adavila@battelleecology.org",
"b4ba587d-87a9-4017-83a9-07c4e6163321","D01","HOPB","HOPB.AOS.fish.point.04","2017-10-24T16:40Z","2017-10-24T17:15Z","HOPB.20171024.04.3.e-fisher",3,20,"RHIATR","Rhinichthys atratulus","species",,,,43,0.6,,"N","N",,"no sample",,,"adavila@battelleecology.org",
"9356418a-3379-4a44-9bf9-3ec34dc24e0f","D01","HOPB","HOPB.AOS.fish.point.04","2017-10-24T16:40Z","2017-10-24T17:15Z","HOPB.20171024.04.3.e-fisher",3,11,"RHIATR","Rhinichthys atratulus","species",,,,51,1.8,,"N","N",,"no sample",,,"adavila@battelleecology.org",
"755308aa-763b-4987-98b9-493e34a903d2","D01","HOPB","HOPB.AOS.fish.point.04","2017-10-24T16:40Z","2017-10-24T17:15Z","HOPB.20171024.04.3.e-fisher",3,16,"SEMATR","Semotilus atromaculatus","species",,,,109,15.8,,"N","N",,"no sample",,,"adavila@battelleecology.org",
"b4f50f94-82fe-4e21-b81d-e2272150cf94","D01","HOPB","HOPB.AOS.fish.point.04","2017-10-24T16:40Z","2017-10-24T17:15Z","HOPB.20171024.04.3.e-fisher",3,4,"SEMATR","Semotilus atromaculatus","species",,,,71,2.1,,"N","N",,"no sample",,,"adavila@battelleecology.org",
"71a12684-64ad-41b8-8f15-3bab3ac64689","D01","HOPB","HOPB.AOS.fish.point.04","2017-10-24T16:40Z","2017-10-24T17:15Z","HOPB.20171024.04.3.e-fisher",3,3,"RHIATR","Rhinichthys atratulus","species",,,,54,1.2,,"N","N",,"no sample",,,"adavila@battelleecology.org",
"6e82e2d9-6b80-46e2-b154-2294ee55c077","D01","HOPB","HOPB.AOS.fish.point.04","2017-10-24T16:40Z","2017-10-24T17:15Z","HOPB.20171024.04.3.e-fisher",3,1,"SEMATR","Semotilus atromaculatus","species",,,,110,8.5,,"N","N",,"no sample",,,"adavila@battelleecology.org",
"973954b4-8275-4767-94bc-e1815af7bd59","D01","HOPB","HOPB.AOS.fish.point.04","2017-10-24T16:40Z","2017-10-24T17:15Z","HOPB.20171024.04.3.e-fisher",3,7,"RHIATR","Rhinichthys atratulus","species",,,,34,0.3,,"N","N",,"no sample",,,"adavila@battelleecology.org",
"07874501-9b90-440c-b9ba-ce5734d5fb57","D01","HOPB","HOPB.AOS.fish.point.04","2017-10-24T16:40Z","2017-10-24T17:15Z","HOPB.20171024.04.3.e-fisher",3,13,"RHIATR","Rhinichthys atratulus","species",,,,76,4.2,,"N","N",,"no sample",,,"adavila@battelleecology.org",
"d8512b4a-67ae-416e-8dad-baa6e2a72404","D01","HOPB","HOPB.AOS.fish.point.04","2017-10-24T16:40Z","2017-10-24T17:15Z","HOPB.20171024.04.3.e-fisher",3,21,"RHIATR","Rhinichthys atratulus","species",,,,56,1.3,,"N","N",,"no sample",,,"adavila@battelleecology.org",
