uid,domainID,siteID,namedLocation,passStartTime,passEndTime,passNumber,reachID,eventID,waterTemp,dissolvedOxygen,specificConductance,samplerType,habitatType,subdominantHabitatType,initialFrequency,initialDutyCycle,initialVoltage,finalFrequency,finalDutyCycle,finalVoltage,efTime,settingsChanged,initialFrequency2,initialDutyCycle2,initialVoltage2,finalFrequency2,finalDutyCycle2,finalVoltage2,efTime2,settingsChanged2,netIntegrity,netSetTime,netEndTime,netDeploymentTime,netLength,netDepth,targetTaxaPresent,remarks
"5db9c000-98ad-442d-a2b8-905a01b32ee0","D01","HOPB","HOPB.AOS.fish.point.02","2017-10-23T06:15Z","2017-10-23T19:30Z",1,"HOPB.20171023.02","HOPB.20171023.02.1.e-fisher",11.9,10.2,131.6,"electrofisher","riffle","pool",30,10,300,30,10,300,1832,0,,,,,,,,,"Not compromised",,,,,,"Y",
"a74b9e6c-60c6-4c5a-af11-0f085c3ab6a6","D01","HOPB","HOPB.AOS.fish.point.01","2017-10-23T15:30Z","2017-10-23T16:15Z",1,"HOPB.20171023.01","HOPB.20171023.01.1.e-fisher",9.9,10.5,94.0,"electrofisher","riffle","pool",30,10,300,30,10,300,901,0,,,,,,,,,"Not compromised",,,,,,"Y",
"84fe308b-6c76-4aaa-ada4-ae67d9edf0ab","D01","HOPB","HOPB.AOS.fish.point.04","2017-10-24T14:27Z","2017-10-24T14:45Z",1,"HOPB.20171024.04","HOPB.20171024.04.1.e-fisher",13.8,9.9,145.5,"electrofisher","riffle","pool",30,10,300,30,10,300,1072,0,,,,,,,,,"Not compromised",,,,,,"Y",
"6cbfaa84-f3fb-4fee-b379-b16746462e6b","D01","HOPB","HOPB.AOS.fish.point.04","2017-10-24T15:20Z","2017-10-24T16:00Z",2,"HOPB.20171024.04","HOPB.20171024.04.2.e-fisher",15.2,9.5,145.7,"electrofisher","riffle","pool",30,10,300,30,10,300,699,0,,,,,,,,,"Not compromised",,,,,,"Y",
"356fac0f-7b6c-4f15-b894-821258f2d47c","D01","HOPB","HOPB.AOS.fish.point.04","2017-10-24T16:40Z","2017-10-24T17:15Z",3,"HOPB.20171024.04","HOPB.20171024.04.3.e-fisher",15.2,9.5,145.2,"electrofisher","riffle","pool",30,10,300,30,10,300,680,0,,,,,,,,,"Not compromised",,,,,,"Y",
