uid,domainID,siteID,namedLocation,passStartTime,passEndTime,eventID,passNumber,specimenNumber,taxonID,scientificName,taxonRank,morphospeciesID,morphospeciesIDRemarks,identificationQualifier,fishTotalLength,fishWeight,delt,efMortality,efInjury,fishLifeStage,sampleTypeCollected,voucherSampleID,dnaSampleID,identifiedBy,remarks
"61eefaaf-1a27-4849-8b2d-857679337b9e","D01","HOPB","HOPB.AOS.fish.point.01","2017-05-01T14:45Z","2017-05-01T15:35Z","HOPB.20170501.01.1.e-fisher",1,11,"RHIATR","Rhinichthys atratulus","species",,,,69,4.0,,"N","N","juvenile","no sample",,,"adavila@battelleecology.org",
"8db840bd-2a60-4b18-8223-040f0756a9a2","D01","HOPB","HOPB.AOS.fish.point.01","2017-05-01T14:45Z","2017-05-01T15:35Z","HOPB.20170501.01.1.e-fisher",1,8,"SALFON","Salvelinus fontinalis","species",,,,95,8.0,,"N","N","juvenile","no sample",,,"adavila@battelleecology.org",
"091ef8c7-8fb9-4478-a6d8-99ee7139348c","D01","HOPB","HOPB.AOS.fish.point.01","2017-05-01T14:45Z","2017-05-01T15:35Z","HOPB.20170501.01.1.e-fisher",1,4,"RHIATR","Rhinichthys atratulus","species",,,,74,6.0,,"N","N","adult","no sample",,,"adavila@battelleecology.org",
"6f9f9fae-a9f3-41cf-b435-7b5ef87a4ffd","D01","HOPB","HOPB.AOS.fish.point.01","2017-05-01T14:45Z","2017-05-01T15:35Z","HOPB.20170501.01.1.e-fisher",1,6,"SALTRU","Salmo trutta","species",,,,96,9.0,,"N","N","juvenile","no sample",,,"adavila@battelleecology.org",
"1e2238f2-f133-4e15-82fc-075824984940","D01","HOPB","HOPB.AOS.fish.point.01","2017-05-01T14:45Z","2017-05-01T15:35Z","HOPB.20170501.01.1.e-fisher",1,9,"SALFON","Salvelinus fontinalis","species",,,,140,3.0,,"N","N","adult","no sample",,,"adavila@battelleecology.org",
"384d4ae6-d860-4687-8d8e-6442e02b4548","D01","HOPB","HOPB.AOS.fish.point.01","2017-05-01T14:45Z","2017-05-01T15:35Z","HOPB.20170501.01.1.e-fisher",1,12,"RHIATR","Rhinichthys atratulus","species",,,,35,0.3,,"N","N","juvenile","no sample",,,"adavila@battelleecology.org",
"1be313e9-aa95-40eb-a86a-c299e10c27c2","D01","HOPB","HOPB.AOS.fish.point.01","2017-05-01T14:45Z","2017-05-01T15:35Z","HOPB.20170501.01.1.e-fisher",1,14,"SALFON","Salvelinus fontinalis","species",,,,86,5.0,,"N","N","juvenile","no sample",,,"adavila@battelleecology.org",
"35d23db1-2c93-4b8e-a529-8eef8d7f2eb0","D01","HOPB","HOPB.AOS.fish.point.01","2017-05-01T14:45Z","2017-05-01T15:35Z","HOPB.20170501.01.1.e-fisher",1,1,"SALFON","Salvelinus fontinalis","species",,,,94,8.0,,"N","N","juvenile","no sample",,,"adavila@battelleecology.org",
"f68a1ca6-cda6-4ad7-9241-7fccdf359a6b","D01","HOPB","HOPB.AOS.fish.point.01","2017-05-01T14:45Z","2017-05-01T15:35Z","HOPB.20170501.01.1.e-fisher",1,7,"SALTRU","Salmo trutta","species",,,,105,9.0,,"N","N",,"no sample",,,"adavila@battelleecology.org",
"c18c887b-de11-4d7d-bb4d-c6969920e054","D01","HOPB","HOPB.AOS.fish.point.01","2017-05-01T14:45Z","2017-05-01T15:35Z","HOPB.20170501.01.1.e-fisher",1,5,"SALTRU","Salmo trutta","species",,,,110,11.0,,"N","N","juvenile","no sample",,,"adavila@battelleecology.org","Photo No. 62-63"
"c61e897e-fb4d-4885-9434-7baedf03e15d","D01","HOPB","HOPB.AOS.fish.point.01","2017-05-01T14:45Z","2017-05-01T15:35Z","HOPB.20170501.01.1.e-fisher",1,15,"SALFON","Salvelinus fontinalis","species",,,,123,17.0,,"N","N","juvenile","no sample",,,"adavila@battelleecology.org",
"133d0206-61f6-4c9f-9776-2bf84e465fa7","D01","HOPB","HOPB.AOS.fish.point.01","2017-05-01T14:45Z","2017-05-01T15:35Z","HOPB.20170501.01.1.e-fisher",1,13,"SALTRU","Salmo trutta","species",,,,102,10.0,,"N","N","juvenile","no sample",,,"adavila@battelleecology.org",
"1ba094a8-cc86-47e4-8975-3fc57c589317","D01","HOPB","HOPB.AOS.fish.point.01","2017-05-01T14:45Z","2017-05-01T15:35Z","HOPB.20170501.01.1.e-fisher",1,10,"RHIATR","Rhinichthys atratulus","species",,,,72,3.0,,"N","N","adult","no sample",,,"adavila@battelleecology.org",
"db5605ed-657c-4914-a5f4-e78a98c46ae4","D01","HOPB","HOPB.AOS.fish.point.01","2017-05-01T14:45Z","2017-05-01T15:35Z","HOPB.20170501.01.1.e-fisher",1,2,"SALFON","Salvelinus fontinalis","species",,,,112,5.0,,"N","N","juvenile","no sample",,,"adavila@battelleecology.org",
"70a5a590-0870-414b-8a40-e3ca01ae52ae","D01","HOPB","HOPB.AOS.fish.point.02","2017-05-01T17:40Z","2017-05-01T18:05Z","HOPB.20170501.02.1.e-fisher",1,11,"RHIATR","Rhinichthys atratulus","species",,,,73,4.0,,"N","N","adult","no sample",,,"adavila@battelleecology.org",
"7ce4519e-c15b-4baa-b319-ec1742cfa02d","D01","HOPB","HOPB.AOS.fish.point.02","2017-05-01T17:40Z","2017-05-01T18:05Z","HOPB.20170501.02.1.e-fisher",1,10,"RHIATR","Rhinichthys atratulus","species",,,,67,4.0,,"N","N","adult","no sample",,,"adavila@battelleecology.org",
"a53084ea-2490-48a7-b24b-6155675f1660","D01","HOPB","HOPB.AOS.fish.point.02","2017-05-01T17:40Z","2017-05-01T18:05Z","HOPB.20170501.02.1.e-fisher",1,12,"SALFON","Salvelinus fontinalis","species",,,,91,7.0,,"N","N","juvenile","no sample",,,"adavila@battelleecology.org",
"95812afe-b67d-4cab-876c-264d6cc20193","D01","HOPB","HOPB.AOS.fish.point.02","2017-05-01T17:40Z","2017-05-01T18:05Z","HOPB.20170501.02.1.e-fisher",1,9,"RHIATR","Rhinichthys atratulus","species",,,,55,0.3,,"N","N","juvenile","no sample",,,"adavila@battelleecology.org",
"00f97d7d-9d1a-4290-8b38-4f908c03a158","D01","HOPB","HOPB.AOS.fish.point.02","2017-05-01T17:40Z","2017-05-01T18:05Z","HOPB.20170501.02.1.e-fisher",1,8,"SALTRU","Salmo trutta","species",,,,120,18.0,,"N","N","juvenile","no sample",,,"adavila@battelleecology.org",
"a887d76c-c2ba-45c5-b56e-987bdfbc8ee7","D01","HOPB","HOPB.AOS.fish.point.02","2017-05-01T17:40Z","2017-05-01T18:05Z","HOPB.20170501.02.1.e-fisher",1,4,"RHIATR","Rhinichthys atratulus","species",,,,40,0.3,,"N","N","juvenile","no sample",,,"adavila@battelleecology.org",
"a814c59f-3ea6-4fbc-9093-a5a9942e170f","D01","HOPB","HOPB.AOS.fish.point.02","2017-05-01T17:40Z","2017-05-01T18:05Z","HOPB.20170501.02.1.e-fisher",1,7,"SALFON","Salvelinus fontinalis","species",,,,88,7.0,,"N","N","juvenile","no sample",,,"adavila@battelleecology.org",
"0137c7e8-1f93-43f3-93e3-dced0f3b12ba","D01","HOPB","HOPB.AOS.fish.point.02","2017-05-01T17:40Z","2017-05-01T18:05Z","HOPB.20170501.02.1.e-fisher",1,13,"SALFON","Salvelinus fontinalis","species",,,,89,7.0,,"N","N","juvenile","no sample",,,"adavila@battelleecology.org",
"295922db-143b-463b-9ede-df0cb3633ab3","D01","HOPB","HOPB.AOS.fish.point.02","2017-05-01T17:40Z","2017-05-01T18:05Z","HOPB.20170501.02.1.e-fisher",1,1,"RHIATR","Rhinichthys atratulus","species",,,,71,3.0,,"N","N","adult","no sample",,,"adavila@battelleecology.org",
"4d63fddb-8b5d-4a46-849b-0bc9ecaab98c","D01","HOPB","HOPB.AOS.fish.point.02","2017-05-01T17:40Z","2017-05-01T18:05Z","HOPB.20170501.02.1.e-fisher",1,3,"RHIATR","Rhinichthys atratulus","species",,,,36,0.3,,"N","N","juvenile","no sample",,,"adavila@battelleecology.org",
"c7e79447-6773-484b-8481-fcf888167af8","D01","HOPB","HOPB.AOS.fish.point.02","2017-05-01T17:40Z","2017-05-01T18:05Z","HOPB.20170501.02.1.e-fisher",1,6,"RHIATR","Rhinichthys atratulus","species",,,,71,4.0,,"N","N","adult","no sample",,,"adavila@battelleecology.org",
"4ca71363-28a4-4d65-9898-49d9be16de0d","D01","HOPB","HOPB.AOS.fish.point.02","2017-05-01T17:40Z","2017-05-01T18:05Z","HOPB.20170501.02.1.e-fisher",1,5,"SALFON","Salvelinus fontinalis","species",,,,83,6.0,,"N","N","juvenile","no sample",,,"adavila@battelleecology.org",
"99e75244-cdf3-4985-81b1-4c26ec65182b","D01","HOPB","HOPB.AOS.fish.point.02","2017-05-01T17:40Z","2017-05-01T18:05Z","HOPB.20170501.02.1.e-fisher",1,2,"NOTGYR","Noturus gyrinus","species",,,,82,4.0,,"N","N","adult","no sample",,,"adavila@battelleecology.org",
"279417a1-ace2-46d5-83eb-031b799108dc","D01","HOPB","HOPB.AOS.fish.point.02","2017-05-01T17:40Z","2017-05-01T18:05Z","HOPB.20170501.02.1.e-fisher",1,14,"SALFON","Salvelinus fontinalis","species",,,,90,6.0,,"N","N","juvenile","no sample",,,"adavila@battelleecology.org",
"51bf94ae-2ab9-4919-ae60-ef109031b57b","D01","HOPB","HOPB.AOS.fish.point.04","2017-05-02T15:00Z","2017-05-02T15:50Z","HOPB.20170502.04.1.e-fisher",1,5,"RHIATR","Rhinichthys atratulus","species",,,,74,4.0,,"N","N","adult","no sample",,,"adavila@battelleecology.org",
"3ed2a530-1933-4f11-bee6-d2ce0fa3169b","D01","HOPB","HOPB.AOS.fish.point.04","2017-05-02T15:00Z","2017-05-02T15:50Z","HOPB.20170502.04.1.e-fisher",1,6,"RHIATR","Rhinichthys atratulus","species",,,,25,0.3,,"N","N","juvenile","no sample",,,"adavila@battelleecology.org",
"3156eb9b-2736-491b-b47d-70cd0904c7cb","D01","HOPB","HOPB.AOS.fish.point.04","2017-05-02T15:00Z","2017-05-02T15:50Z","HOPB.20170502.04.1.e-fisher",1,2,"RHIATR","Rhinichthys atratulus","species",,,,74,3.0,,"N","N","adult","no sample",,,"adavila@battelleecology.org",
"0f2cd4da-4bed-4c6b-8ecb-e96c58b00eb3","D01","HOPB","HOPB.AOS.fish.point.04","2017-05-02T15:00Z","2017-05-02T15:50Z","HOPB.20170502.04.1.e-fisher",1,1,"RHIATR","Rhinichthys atratulus","species",,,,89,5.0,,"N","N","adult","no sample",,,"adavila@battelleecology.org",
"8d2101ea-0d39-4538-92f4-8874f318825c","D01","HOPB","HOPB.AOS.fish.point.04","2017-05-02T15:00Z","2017-05-02T15:50Z","HOPB.20170502.04.1.e-fisher",1,7,"RHIATR","Rhinichthys atratulus","species",,,,32,0.3,,"N","N","juvenile","no sample",,,"adavila@battelleecology.org",
"408224cc-698b-41f5-925a-5579cec713af","D01","HOPB","HOPB.AOS.fish.point.04","2017-05-02T15:00Z","2017-05-02T15:50Z","HOPB.20170502.04.1.e-fisher",1,4,"SALTRU","Salmo trutta","species",,,,120,19.0,,"N","N","juvenile","no sample",,,"adavila@battelleecology.org",
"82165ea7-d776-46fb-9f81-91d4fe2bf115","D01","HOPB","HOPB.AOS.fish.point.04","2017-05-02T16:40Z","2017-05-02T17:30Z","HOPB.20170502.04.2.e-fisher",2,10,"RHIATR","Rhinichthys atratulus","species",,,,31,0.3,,"N","N","juvenile","no sample",,,"adavila@battelleecology.org",
"a52523b4-5534-478f-889b-fbeac1158db2","D01","HOPB","HOPB.AOS.fish.point.04","2017-05-02T16:40Z","2017-05-02T17:30Z","HOPB.20170502.04.2.e-fisher",2,9,"SEMATR","Semotilus atromaculatus","species",,,,125,20.0,,"N","N","adult","no sample",,,"adavila@battelleecology.org",
"d5b6b719-b583-48db-8e10-41e89df82d8f","D01","HOPB","HOPB.AOS.fish.point.04","2017-05-02T16:40Z","2017-05-02T17:30Z","HOPB.20170502.04.2.e-fisher",2,11,"RHIATR","Rhinichthys atratulus","species",,,,32,0.3,,"N","N","juvenile","no sample",,,"adavila@battelleecology.org",
"3b5f7552-6c0c-40d0-bd52-f0dadfa05db9","D01","HOPB","HOPB.AOS.fish.point.04","2017-05-02T16:40Z","2017-05-02T17:30Z","HOPB.20170502.04.2.e-fisher",2,8,"RHIATR","Rhinichthys atratulus","species",,,,70,3.0,,"N","N","adult","no sample",,,"adavila@battelleecology.org",
"2f91fe3b-1f48-4a3d-b3d1-9f61081c0747","D01","HOPB","HOPB.AOS.fish.point.04","2017-05-02T18:00Z","2017-05-02T18:45Z","HOPB.20170502.04.3.e-fisher",3,23,"RHIATR","Rhinichthys atratulus","species",,,,33,0.3,,"N","N","juvenile","no sample",,,"adavila@battelleecology.org",
"c430b632-b27c-4c04-a4f2-ec9f8b5612f9","D01","HOPB","HOPB.AOS.fish.point.04","2017-05-02T18:00Z","2017-05-02T18:45Z","HOPB.20170502.04.3.e-fisher",3,13,"SEMATR","Semotilus atromaculatus","species",,,,130,20.0,,"N","N","adult","no sample",,,"adavila@battelleecology.org",
"eb0f6e05-71f2-4ba6-b640-e54ee89bde3c","D01","HOPB","HOPB.AOS.fish.point.04","2017-05-02T18:00Z","2017-05-02T18:45Z","HOPB.20170502.04.3.e-fisher",3,21,"SEMATR","Semotilus atromaculatus","species",,,,47,1.0,,"N","N","juvenile","no sample",,,"adavila@battelleecology.org",
"4420bd6b-9cee-4889-83dc-df99265acfd6","D01","HOPB","HOPB.AOS.fish.point.04","2017-05-02T18:00Z","2017-05-02T18:45Z","HOPB.20170502.04.3.e-fisher",3,22,"SEMATR","Semotilus atromaculatus","species",,,,38,0.3,"Eroded fins","N","N","juvenile","no sample",,,"adavila@battelleecology.org","ng prey of coddalfin"
"4417dd47-f4e3-47da-8733-c244b1d4c515","D01","HOPB","HOPB.AOS.fish.point.04","2017-05-02T18:00Z","2017-05-02T18:45Z","HOPB.20170502.04.3.e-fisher",3,19,"RHIATR","Rhinichthys atratulus","species",,,,45,1.0,,"N","N","juvenile","no sample",,,"adavila@battelleecology.org",
"a8d5b55a-dee6-4088-b767-eb99c6957ee1","D01","HOPB","HOPB.AOS.fish.point.04","2017-05-02T18:00Z","2017-05-02T18:45Z","HOPB.20170502.04.3.e-fisher",3,14,"SALFON","Salvelinus fontinalis","species",,,,91,5.0,,"N","N","juvenile","no sample",,,"adavila@battelleecology.org",
"c4fe2b66-8d02-459b-b422-84fa6829e1f2","D01","HOPB","HOPB.AOS.fish.point.04","2017-05-02T18:00Z","2017-05-02T18:45Z","HOPB.20170502.04.3.e-fisher",3,17,"RHIATR","Rhinichthys atratulus","species",,,,32,0.3,,"N","N","juvenile","no sample",,,"adavila@battelleecology.org",
"c7b1de4a-d319-4354-8016-12c3e915a5eb","D01","HOPB","HOPB.AOS.fish.point.04","2017-05-02T18:00Z","2017-05-02T18:45Z","HOPB.20170502.04.3.e-fisher",3,20,"RHIATR","Rhinichthys atratulus","species",,,,36,0.3,,"N","N","juvenile","no sample",,,"adavila@battelleecology.org",
"5dede1a8-65ee-4f79-b9c7-5471ea850fc5","D01","HOPB","HOPB.AOS.fish.point.04","2017-05-02T18:00Z","2017-05-02T18:45Z","HOPB.20170502.04.3.e-fisher",3,15,"RHIATR","Rhinichthys atratulus","species",,,,38,0.3,,"N","N","juvenile","no sample",,,"adavila@battelleecology.org",
"ecb787d2-a222-4ef3-98f7-e67b85d2e603","D01","HOPB","HOPB.AOS.fish.point.04","2017-05-02T18:00Z","2017-05-02T18:45Z","HOPB.20170502.04.3.e-fisher",3,12,"SALFON","Salvelinus fontinalis","species",,,,151,29.0,,"N","N","juvenile","no sample",,,"adavila@battelleecology.org",
"a70bdeb8-5a3a-4979-9c43-559e0e997d86","D01","HOPB","HOPB.AOS.fish.point.04","2017-05-02T18:00Z","2017-05-02T18:45Z","HOPB.20170502.04.3.e-fisher",3,18,"SEMATR","Semotilus atromaculatus","species",,,,63,2.0,"Eroded fins","N","N","juvenile","no sample",,,"adavila@battelleecology.org","ng prey of coddalfin"
"8b87f720-578b-49a0-87f1-1c55f83879a3","D01","HOPB","HOPB.AOS.fish.point.04","2017-05-02T18:00Z","2017-05-02T18:45Z","HOPB.20170502.04.3.e-fisher",3,16,"SALFON","Salvelinus fontinalis","species",,,,94,8.0,,"N","N","juvenile","no sample",,,"adavila@battelleecology.org",
"b46ee03f-3c66-4463-b5b5-07929a3d7e81","D01","HOPB","HOPB.AOS.fish.point.06","2017-05-03T13:50Z","2017-05-03T14:45Z","HOPB.20170503.06.1.e-fisher",1,8,"SEMATR","Semotilus atromaculatus","species",,,,68,2.0,,"N","N","juvenile","no sample",,,"adavila@battelleecology.org",
"02868a6e-27ef-47a5-9f2b-7e7393aa2149","D01","HOPB","HOPB.AOS.fish.point.06","2017-05-03T13:50Z","2017-05-03T14:45Z","HOPB.20170503.06.1.e-fisher",1,7,"SEMATR","Semotilus atromaculatus","species",,,,38,0.3,,"N","N","juvenile","no sample",,,"adavila@battelleecology.org",
"a5fe2bf0-f7af-43c4-a1ef-ecfa016e1da4","D01","HOPB","HOPB.AOS.fish.point.06","2017-05-03T13:50Z","2017-05-03T14:45Z","HOPB.20170503.06.1.e-fisher",1,21,"SEMATR","Semotilus atromaculatus","species",,,,35,0.3,,"N","N","juvenile","no sample",,,"adavila@battelleecology.org",
"33596914-46c1-442a-92fb-dbe2ea0b7f8d","D01","HOPB","HOPB.AOS.fish.point.06","2017-05-03T13:50Z","2017-05-03T14:45Z","HOPB.20170503.06.1.e-fisher",1,4,"SEMATR","Semotilus atromaculatus","species",,,,69,4.0,,"N","N","juvenile","no sample",,,"adavila@battelleecology.org",
"6ae379de-e096-4dfd-ab7e-ea146873e158","D01","HOPB","HOPB.AOS.fish.point.06","2017-05-03T13:50Z","2017-05-03T14:45Z","HOPB.20170503.06.1.e-fisher",1,20,"RHIATR","Rhinichthys atratulus","species",,,,35,0.3,,"N","N","juvenile","no sample",,,"adavila@battelleecology.org",
"af8fb1be-21d8-47f0-9da0-f538aa5261f5","D01","HOPB","HOPB.AOS.fish.point.06","2017-05-03T13:50Z","2017-05-03T14:45Z","HOPB.20170503.06.1.e-fisher",1,12,"RHIATR","Rhinichthys atratulus","species",,,,32,0.3,,"N","N","juvenile","no sample",,,"adavila@battelleecology.org",
"b500a427-e2e2-4a5e-83b9-5cce6099985c","D01","HOPB","HOPB.AOS.fish.point.06","2017-05-03T13:50Z","2017-05-03T14:45Z","HOPB.20170503.06.1.e-fisher",1,22,"RHIATR","Rhinichthys atratulus","species",,,,63,2.0,,"N","N","adult","no sample",,,"adavila@battelleecology.org",
"953e214a-09b5-4a86-a276-566e35cda63a","D01","HOPB","HOPB.AOS.fish.point.06","2017-05-03T13:50Z","2017-05-03T14:45Z","HOPB.20170503.06.1.e-fisher",1,13,"SEMATR","Semotilus atromaculatus","species",,,,86,4.0,,"N","N","adult","no sample",,,"adavila@battelleecology.org",
"b17da292-6e29-479a-9c8f-1eb782162c61","D01","HOPB","HOPB.AOS.fish.point.06","2017-05-03T13:50Z","2017-05-03T14:45Z","HOPB.20170503.06.1.e-fisher",1,9,"RHIATR","Rhinichthys atratulus","species",,,,30,0.3,,"N","N","juvenile","no sample",,,"adavila@battelleecology.org",
"5fa7a8b9-3ff6-4dce-a2a0-e62d4b0f13ca","D01","HOPB","HOPB.AOS.fish.point.06","2017-05-03T13:50Z","2017-05-03T14:45Z","HOPB.20170503.06.1.e-fisher",1,15,"SEMATR","Semotilus atromaculatus","species",,,,100,9.0,,"N","N","adult","no sample",,,"adavila@battelleecology.org",
"798ff41d-564c-4727-a477-559043d497c1","D01","HOPB","HOPB.AOS.fish.point.06","2017-05-03T13:50Z","2017-05-03T14:45Z","HOPB.20170503.06.1.e-fisher",1,23,"SEMATR","Semotilus atromaculatus","species",,,,43,0.3,,"N","N","juvenile","no sample",,,"adavila@battelleecology.org",
"ada7eb3a-a15a-4978-997f-2acad707f886","D01","HOPB","HOPB.AOS.fish.point.06","2017-05-03T13:50Z","2017-05-03T14:45Z","HOPB.20170503.06.1.e-fisher",1,11,"SALFON","Salvelinus fontinalis","species",,,,106,11.0,,"N","N","juvenile","no sample",,,"adavila@battelleecology.org",
"0b29d188-9957-44b9-8ce1-e290ee615db3","D01","HOPB","HOPB.AOS.fish.point.06","2017-05-03T13:50Z","2017-05-03T14:45Z","HOPB.20170503.06.1.e-fisher",1,17,"RHIATR","Rhinichthys atratulus","species",,,,78,5.0,,"N","N","adult","no sample",,,"adavila@battelleecology.org",
"56dacc33-e09a-4c65-b966-32756d1f8e04","D01","HOPB","HOPB.AOS.fish.point.06","2017-05-03T13:50Z","2017-05-03T14:45Z","HOPB.20170503.06.1.e-fisher",1,1,"RHIATR","Rhinichthys atratulus","species",,,,75,4.0,,"N","N","adult","no sample",,,"adavila@battelleecology.org",
"bacfead5-9e94-467d-9db9-72f45df7e79c","D01","HOPB","HOPB.AOS.fish.point.06","2017-05-03T13:50Z","2017-05-03T14:45Z","HOPB.20170503.06.1.e-fisher",1,3,"SEMATR","Semotilus atromaculatus","species",,,,46,1.0,,"N","N","juvenile","no sample",,,"adavila@battelleecology.org",
"e9934a76-942e-4d04-9efd-3f2e0e9239e0","D01","HOPB","HOPB.AOS.fish.point.06","2017-05-03T13:50Z","2017-05-03T14:45Z","HOPB.20170503.06.1.e-fisher",1,24,"SALFON","Salvelinus fontinalis","species",,,,30,0.3,,"N","N","juvenile","no sample",,,"adavila@battelleecology.org",
"221dc0d9-0972-4dd0-a4a6-c4cdec05db23","D01","HOPB","HOPB.AOS.fish.point.06","2017-05-03T13:50Z","2017-05-03T14:45Z","HOPB.20170503.06.1.e-fisher",1,10,"RHIATR","Rhinichthys atratulus","species",,,,74,4.0,,"N","N","adult","no sample",,,"adavila@battelleecology.org",
"8b8beeed-a79b-4166-b675-87f7c88e64ff","D01","HOPB","HOPB.AOS.fish.point.06","2017-05-03T13:50Z","2017-05-03T14:45Z","HOPB.20170503.06.1.e-fisher",1,5,"RHIATR","Rhinichthys atratulus","species",,,,35,1.0,,"N","N","juvenile","no sample",,,"adavila@battelleecology.org",
"793ab9d2-1fae-4a81-894a-add91fec4bf3","D01","HOPB","HOPB.AOS.fish.point.06","2017-05-03T13:50Z","2017-05-03T14:45Z","HOPB.20170503.06.1.e-fisher",1,18,"RHIATR","Rhinichthys atratulus","species",,,,66,4.0,,"N","N","adult","no sample",,,"adavila@battelleecology.org",
"2856909b-0734-4845-a102-14cb3b84d9f2","D01","HOPB","HOPB.AOS.fish.point.06","2017-05-03T13:50Z","2017-05-03T14:45Z","HOPB.20170503.06.1.e-fisher",1,16,"RHIATR","Rhinichthys atratulus","species",,,,23,0.3,,"N","N","juvenile","no sample",,,"adavila@battelleecology.org",
"c1e45d02-1857-47e7-90af-23d90d0e42b9","D01","HOPB","HOPB.AOS.fish.point.06","2017-05-03T13:50Z","2017-05-03T14:45Z","HOPB.20170503.06.1.e-fisher",1,14,"RHIATR","Rhinichthys atratulus","species",,,,81,6.0,,"N","N","adult","no sample",,,"adavila@battelleecology.org",
"b011a11e-2088-43b8-88f0-4f39c49643ff","D01","HOPB","HOPB.AOS.fish.point.06","2017-05-03T13:50Z","2017-05-03T14:45Z","HOPB.20170503.06.1.e-fisher",1,19,"SALFON","Salvelinus fontinalis","species",,,,74,4.0,,"N","N","juvenile","no sample",,,"adavila@battelleecology.org",
"a8753039-aaa6-49cc-b872-141c9fdf462b","D01","HOPB","HOPB.AOS.fish.point.06","2017-05-03T13:50Z","2017-05-03T14:45Z","HOPB.20170503.06.1.e-fisher",1,6,"RHIATR","Rhinichthys atratulus","species",,,,31,0.3,,"N","N","juvenile","no sample",,,"adavila@battelleecology.org",
"63125c3b-780d-4a9f-9f18-68f6604b2586","D01","HOPB","HOPB.AOS.fish.point.06","2017-05-03T13:50Z","2017-05-03T14:45Z","HOPB.20170503.06.1.e-fisher",1,2,"SALTRU","Salmo trutta","species",,,,160,42.0,,"N","N","juvenile","no sample",,,"adavila@battelleecology.org",
"adf6de60-73c0-46b1-a407-b737b9f3f8b2","D01","HOPB","HOPB.AOS.fish.point.06","2017-05-03T13:50Z","2017-05-03T14:45Z","HOPB.20170503.06.1.e-fisher",1,25,"RHIATR","Rhinichthys atratulus","species",,,,25,0.3,,"N","N","juvenile","no sample",,,"adavila@battelleecology.org",
"d9d106ce-b4f5-43b8-bd2f-95acd6bb9832","D01","HOPB","HOPB.AOS.fish.point.06","2017-05-03T14:30Z","2017-05-03T16:00Z","HOPB.20170503.06.2.e-fisher",2,32,"RHIATR","Rhinichthys atratulus","species",,,,69,5.0,,"N","N","adult","no sample",,,"adavila@battelleecology.org",
"9e49f83c-94bd-443e-bda9-95d5ddc237aa","D01","HOPB","HOPB.AOS.fish.point.06","2017-05-03T14:30Z","2017-05-03T16:00Z","HOPB.20170503.06.2.e-fisher",2,27,"RHIATR","Rhinichthys atratulus","species",,,,77,4.0,,"N","N","adult","no sample",,,"adavila@battelleecology.org",
"b4b26aaf-74a4-4cef-b6f4-00e659de8cb9","D01","HOPB","HOPB.AOS.fish.point.06","2017-05-03T14:30Z","2017-05-03T16:00Z","HOPB.20170503.06.2.e-fisher",2,39,"SALFON","Salvelinus fontinalis","species",,,,181,42.0,,"N","N","juvenile","no sample",,,"adavila@battelleecology.org",
"c4d5720c-eb6e-424d-b49e-59eb2f21e58a","D01","HOPB","HOPB.AOS.fish.point.06","2017-05-03T14:30Z","2017-05-03T16:00Z","HOPB.20170503.06.2.e-fisher",2,33,"RHIATR","Rhinichthys atratulus","species",,,,84,5.0,,"N","N","adult","no sample",,,"adavila@battelleecology.org",
"277f3056-a3cb-465d-983a-b43e72efbb43","D01","HOPB","HOPB.AOS.fish.point.06","2017-05-03T14:30Z","2017-05-03T16:00Z","HOPB.20170503.06.2.e-fisher",2,38,"SALFON","Salvelinus fontinalis","species",,,,97,8.0,,"N","N","juvenile","no sample",,,"adavila@battelleecology.org",
"5ac80e3c-5273-4931-aa60-ca1ebdec70ee","D01","HOPB","HOPB.AOS.fish.point.06","2017-05-03T14:30Z","2017-05-03T16:00Z","HOPB.20170503.06.2.e-fisher",2,26,"SEMATR","Semotilus atromaculatus","species",,,,81,5.0,,"N","N","adult","no sample",,,"adavila@battelleecology.org",
"6add67ef-33eb-4a9a-aa87-c5bb58f55606","D01","HOPB","HOPB.AOS.fish.point.06","2017-05-03T14:30Z","2017-05-03T16:00Z","HOPB.20170503.06.2.e-fisher",2,34,"RHIATR","Rhinichthys atratulus","species",,,,66,4.0,,"N","N","adult","no sample",,,"adavila@battelleecology.org",
"93bad207-c0df-4860-a969-a90ad42fa8dd","D01","HOPB","HOPB.AOS.fish.point.06","2017-05-03T14:30Z","2017-05-03T16:00Z","HOPB.20170503.06.2.e-fisher",2,31,"RHIATR","Rhinichthys atratulus","species",,,,39,0.3,,"N","N","juvenile","no sample",,,"adavila@battelleecology.org",
"d2ec2036-ffd7-44d1-8ef5-793df0199e43","D01","HOPB","HOPB.AOS.fish.point.06","2017-05-03T14:30Z","2017-05-03T16:00Z","HOPB.20170503.06.2.e-fisher",2,37,"SALFON","Salvelinus fontinalis","species",,,,95,8.0,,"N","N","juvenile","no sample",,,"adavila@battelleecology.org",
"9f57a2dd-1e98-4e8b-9fe9-9f2af003f1a2","D01","HOPB","HOPB.AOS.fish.point.06","2017-05-03T14:30Z","2017-05-03T16:00Z","HOPB.20170503.06.2.e-fisher",2,30,"RHIATR","Rhinichthys atratulus","species",,,,69,5.0,,"N","N","adult","no sample",,,"adavila@battelleecology.org",
"cf26d2d5-a4d9-4012-8a6d-bbd8b869f5d5","D01","HOPB","HOPB.AOS.fish.point.06","2017-05-03T14:30Z","2017-05-03T16:00Z","HOPB.20170503.06.2.e-fisher",2,36,"SALTRU","Salmo trutta","species",,,,149,29.0,,"N","N","juvenile","no sample",,,"adavila@battelleecology.org",
"23aefaef-bce0-4c0a-882d-ec5ddb2c3df4","D01","HOPB","HOPB.AOS.fish.point.06","2017-05-03T14:30Z","2017-05-03T16:00Z","HOPB.20170503.06.2.e-fisher",2,29,"SALFON","Salvelinus fontinalis","species",,,,148,30.0,,"N","N","juvenile","no sample",,,"adavila@battelleecology.org",
"08e9adec-11d7-4982-9386-e6291645ee85","D01","HOPB","HOPB.AOS.fish.point.06","2017-05-03T14:30Z","2017-05-03T16:00Z","HOPB.20170503.06.2.e-fisher",2,35,"RHIATR","Rhinichthys atratulus","species",,,,49,0.3,,"N","N","juvenile","no sample",,,"adavila@battelleecology.org",
"efdd595d-3270-4388-8b09-3193efc1b228","D01","HOPB","HOPB.AOS.fish.point.06","2017-05-03T14:30Z","2017-05-03T16:00Z","HOPB.20170503.06.2.e-fisher",2,28,"SEMATR","Semotilus atromaculatus","species",,,,88,6.0,,"N","N","adult","no sample",,,"adavila@battelleecology.org",
"75b1f491-3e7e-4b52-9487-b198646ced31","D01","HOPB","HOPB.AOS.fish.point.06","2017-05-03T16:40Z","2017-05-03T17:05Z","HOPB.20170503.06.3.e-fisher",3,45,"RHIATR","Rhinichthys atratulus","species",,,,73,3.0,,"N","N","adult","no sample",,,"adavila@battelleecology.org",
"8a2e8eeb-e59f-405a-8fd8-272842f512b1","D01","HOPB","HOPB.AOS.fish.point.06","2017-05-03T16:40Z","2017-05-03T17:05Z","HOPB.20170503.06.3.e-fisher",3,44,"RHIATR","Rhinichthys atratulus","species",,,,30,0.3,,"N","N","juvenile","no sample",,,"adavila@battelleecology.org",
"4b1b5368-f7ed-4cd5-b69e-02aa7ac618aa","D01","HOPB","HOPB.AOS.fish.point.06","2017-05-03T16:40Z","2017-05-03T17:05Z","HOPB.20170503.06.3.e-fisher",3,46,"RHIATR","Rhinichthys atratulus","species",,,,27,0.3,,"N","N","juvenile","no sample",,,"adavila@battelleecology.org",
"2e7a628b-2baf-47d2-8eb5-c9d037eadda1","D01","HOPB","HOPB.AOS.fish.point.06","2017-05-03T16:40Z","2017-05-03T17:05Z","HOPB.20170503.06.3.e-fisher",3,47,"RHIATR","Rhinichthys atratulus","species",,,,26,0.3,,"N","N","juvenile","no sample",,,"adavila@battelleecology.org",
"37d98780-87f0-4e6a-87e5-00f26a5c16ca","D01","HOPB","HOPB.AOS.fish.point.06","2017-05-03T16:40Z","2017-05-03T17:05Z","HOPB.20170503.06.3.e-fisher",3,42,"RHIATR","Rhinichthys atratulus","species",,,,80,5.0,,"N","N","adult","no sample",,,"adavila@battelleecology.org",
"e2b5f2ab-8d0e-4d99-ad75-e1b1f2ded845","D01","HOPB","HOPB.AOS.fish.point.06","2017-05-03T16:40Z","2017-05-03T17:05Z","HOPB.20170503.06.3.e-fisher",3,43,"SEMATR","Semotilus atromaculatus","species",,,,94,8.0,,"N","N","adult","no sample",,,"adavila@battelleecology.org",
"b52d1291-df53-4db7-872f-029d549efe42","D01","HOPB","HOPB.AOS.fish.point.06","2017-05-03T16:40Z","2017-05-03T17:05Z","HOPB.20170503.06.3.e-fisher",3,41,"SEMATR","Semotilus atromaculatus","species",,,,75,4.0,,"N","N","adult","no sample",,,"adavila@battelleecology.org",
"0104a600-8401-480e-b238-ae339c7e6e0e","D01","HOPB","HOPB.AOS.fish.point.06","2017-05-03T16:40Z","2017-05-03T17:05Z","HOPB.20170503.06.3.e-fisher",3,40,"RHIATR","Rhinichthys atratulus","species",,,,72,4.0,,"N","N","adult","no sample",,,"adavila@battelleecology.org",
"a0ac1c61-0568-4077-b0e3-243ec5198733","D01","HOPB","HOPB.AOS.fish.point.08","2017-05-03T18:30Z","2017-05-03T19:40Z","HOPB.20170503.08.1.e-fisher",1,11,"SEMATR","Semotilus atromaculatus","species",,,,40,0.3,,"N","N","juvenile","no sample",,,"adavila@battelleecology.org",
"c1664888-f520-40cf-969e-52be11567726","D01","HOPB","HOPB.AOS.fish.point.08","2017-05-03T18:30Z","2017-05-03T19:40Z","HOPB.20170503.08.1.e-fisher",1,98,"SEMATR","Semotilus atromaculatus","species",,,,44,0.3,,"N","N","juvenile","no sample",,,"adavila@battelleecology.org",
"a6102c06-3e1b-49a7-8fb5-8bcf25dbcfd4","D01","HOPB","HOPB.AOS.fish.point.08","2017-05-03T18:30Z","2017-05-03T19:40Z","HOPB.20170503.08.1.e-fisher",1,92,"SEMATR","Semotilus atromaculatus","species",,,,37,2.0,,"N","N","juvenile","no sample",,,"adavila@battelleecology.org",
"51c93b01-1b29-483f-b893-dced0ec4b371","D01","HOPB","HOPB.AOS.fish.point.08","2017-05-03T18:30Z","2017-05-03T19:40Z","HOPB.20170503.08.1.e-fisher",1,94,"SEMATR","Semotilus atromaculatus","species",,,,63,1.0,,"N","N","juvenile","no sample",,,"adavila@battelleecology.org",
"39fc2da7-2608-47a4-b926-9ba46c240b68","D01","HOPB","HOPB.AOS.fish.point.08","2017-05-03T18:30Z","2017-05-03T19:40Z","HOPB.20170503.08.1.e-fisher",1,82,"SEMATR","Semotilus atromaculatus","species",,,,61,0.3,,"N","N","juvenile","no sample",,,"adavila@battelleecology.org",
"af10522b-aa7e-4808-bbf3-0fdecac47d69","D01","HOPB","HOPB.AOS.fish.point.08","2017-05-03T18:30Z","2017-05-03T19:40Z","HOPB.20170503.08.1.e-fisher",1,97,"SEMATR","Semotilus atromaculatus","species",,,,55,0.3,,"N","N","juvenile","no sample",,,"adavila@battelleecology.org",
"b29f467f-0c64-468a-9584-5a65bba0dffa","D01","HOPB","HOPB.AOS.fish.point.08","2017-05-03T18:30Z","2017-05-03T19:40Z","HOPB.20170503.08.1.e-fisher",1,101,"SEMATR","Semotilus atromaculatus","species",,,,42,0.3,,"N","N","juvenile","no sample",,,"adavila@battelleecology.org",
"05b962f9-b6d9-454d-9f12-63aa1a79f4c5","D01","HOPB","HOPB.AOS.fish.point.08","2017-05-03T18:30Z","2017-05-03T19:40Z","HOPB.20170503.08.1.e-fisher",1,86,"SEMATR","Semotilus atromaculatus","species",,,,110,12.0,,"N","N","adult","no sample",,,"adavila@battelleecology.org",
"5efaad9a-2bdd-42ca-a45c-ffefc68e7c5f","D01","HOPB","HOPB.AOS.fish.point.08","2017-05-03T18:30Z","2017-05-03T19:40Z","HOPB.20170503.08.1.e-fisher",1,83,"SEMATR","Semotilus atromaculatus","species",,,,38,1.0,,"N","Y","juvenile","no sample",,,"adavila@battelleecology.org",
"c23ceb0b-f382-4a5e-9f81-d1235b785f24","D01","HOPB","HOPB.AOS.fish.point.08","2017-05-03T18:30Z","2017-05-03T19:40Z","HOPB.20170503.08.1.e-fisher",1,89,"SEMATR","Semotilus atromaculatus","species",,,,38,0.3,,"N","N","juvenile","no sample",,,"adavila@battelleecology.org",
"51fd5c8f-f3b0-45d2-b486-bd972cd4e7a5","D01","HOPB","HOPB.AOS.fish.point.08","2017-05-03T18:30Z","2017-05-03T19:40Z","HOPB.20170503.08.1.e-fisher",1,93,"SEMATR","Semotilus atromaculatus","species",,,,32,0.3,,"N","N","juvenile","no sample",,,"adavila@battelleecology.org",
"f99313a1-71cf-41c8-adff-3bee8fadbd83","D01","HOPB","HOPB.AOS.fish.point.08","2017-05-03T18:30Z","2017-05-03T19:40Z","HOPB.20170503.08.1.e-fisher",1,85,"SEMATR","Semotilus atromaculatus","species",,,,41,0.3,,"N","N","juvenile","no sample",,,"adavila@battelleecology.org",
"b1176056-ad09-4d1f-9e6b-527ebf5facc8","D01","HOPB","HOPB.AOS.fish.point.08","2017-05-03T18:30Z","2017-05-03T19:40Z","HOPB.20170503.08.1.e-fisher",1,84,"SEMATR","Semotilus atromaculatus","species",,,,37,0.3,,"N","N","juvenile","no sample",,,"adavila@battelleecology.org",
"eb9854e4-f330-419b-b5c7-991055b63aca","D01","HOPB","HOPB.AOS.fish.point.08","2017-05-03T18:30Z","2017-05-03T19:40Z","HOPB.20170503.08.1.e-fisher",1,100,"SEMATR","Semotilus atromaculatus","species",,,,40,2.0,"Eroded fins","N","N","juvenile","no sample",,,"adavila@battelleecology.org",
"963d919d-ff36-4f4e-a7a3-50f70ed7e1c2","D01","HOPB","HOPB.AOS.fish.point.08","2017-05-03T18:30Z","2017-05-03T19:40Z","HOPB.20170503.08.1.e-fisher",1,95,"NOTCRY","Notemigonus crysoleucas","species",,,,66,2.0,,"N","N","juvenile","no sample",,,"adavila@battelleecology.org",
"bcb63721-7f1d-48c7-8d80-cb8de192b8bb","D01","HOPB","HOPB.AOS.fish.point.08","2017-05-03T18:30Z","2017-05-03T19:40Z","HOPB.20170503.08.1.e-fisher",1,87,"SEMATR","Semotilus atromaculatus","species",,,,40,2.0,,"N","N","juvenile","no sample",,,"adavila@battelleecology.org",
"c8355008-b1c5-4745-adc1-85600bbdf0cb","D01","HOPB","HOPB.AOS.fish.point.08","2017-05-03T18:30Z","2017-05-03T19:40Z","HOPB.20170503.08.1.e-fisher",1,88,"SEMATR","Semotilus atromaculatus","species",,,,42,0.3,,"N","N","juvenile","no sample",,,"adavila@battelleecology.org",
"905deb2d-07d8-4af3-95b0-54a9fdcd59cf","D01","HOPB","HOPB.AOS.fish.point.08","2017-05-03T18:30Z","2017-05-03T19:40Z","HOPB.20170503.08.1.e-fisher",1,91,"SEMATR","Semotilus atromaculatus","species",,,,54,2.0,,"N","N","juvenile","no sample",,,"adavila@battelleecology.org",
"b166dd34-5035-4016-90dd-229be295bc17","D01","HOPB","HOPB.AOS.fish.point.08","2017-05-03T18:30Z","2017-05-03T19:40Z","HOPB.20170503.08.1.e-fisher",1,103,"SEMATR","Semotilus atromaculatus","species",,,,40,0.3,,"N","N","juvenile","no sample",,,"adavila@battelleecology.org",
"2167d0c3-e187-4ab9-a735-89b360814f26","D01","HOPB","HOPB.AOS.fish.point.08","2017-05-03T18:30Z","2017-05-03T19:40Z","HOPB.20170503.08.1.e-fisher",1,99,"SEMATR","Semotilus atromaculatus","species",,,,40,0.3,,"N","N","juvenile","no sample",,,"adavila@battelleecology.org",
"bf51be35-eae6-466f-8fe3-5e1e6cd08a5e","D01","HOPB","HOPB.AOS.fish.point.08","2017-05-03T18:30Z","2017-05-03T19:40Z","HOPB.20170503.08.1.e-fisher",1,96,"SEMATR","Semotilus atromaculatus","species",,,,65,2.0,,"N","N","juvenile","no sample",,,"adavila@battelleecology.org",
"60b10294-3c45-4568-809b-820cb0e71769","D01","HOPB","HOPB.AOS.fish.point.08","2017-05-03T18:30Z","2017-05-03T19:40Z","HOPB.20170503.08.1.e-fisher",1,90,"SEMATR","Semotilus atromaculatus","species",,,,63,2.0,,"N","N","juvenile","no sample",,,"adavila@battelleecology.org",
"47fc7bd1-27ee-4aab-8a1d-aeefe346328d","D01","HOPB","HOPB.AOS.fish.point.08","2017-05-03T18:30Z","2017-05-03T19:40Z","HOPB.20170503.08.1.e-fisher",1,102,"SEMATR","Semotilus atromaculatus","species",,,,40,0.3,,"N","N","juvenile","no sample",,,"adavila@battelleecology.org",
"58cceb7f-e631-4171-910f-9393251b9dbf","D01","HOPB","HOPB.AOS.fish.point.08","2017-05-03T18:30Z","2017-05-03T19:40Z","HOPB.20170503.08.1.e-fisher",1,65,"RHIATR","Rhinichthys atratulus","species",,,,65,2.0,,"N","N","adult","no sample",,,"adavila@battelleecology.org",
"1fa3083c-063c-41d3-9deb-1ffc55bc3b65","D01","HOPB","HOPB.AOS.fish.point.08","2017-05-03T18:30Z","2017-05-03T19:40Z","HOPB.20170503.08.1.e-fisher",1,81,"SEMATR","Semotilus atromaculatus","species",,,,37,0.3,"Eroded fins","N","N","juvenile","no sample",,,"adavila@battelleecology.org",
"ba3d6da2-fc5e-4e12-9c48-ccb245be93bb","D01","HOPB","HOPB.AOS.fish.point.08","2017-05-03T18:30Z","2017-05-03T19:40Z","HOPB.20170503.08.1.e-fisher",1,68,"SEMATR","Semotilus atromaculatus","species",,,,31,1.0,,"N","N","juvenile","no sample",,,"adavila@battelleecology.org",
"f96f2344-95f0-4758-a7fd-ae62b2de0ead","D01","HOPB","HOPB.AOS.fish.point.08","2017-05-03T18:30Z","2017-05-03T19:40Z","HOPB.20170503.08.1.e-fisher",1,80,"SEMATR","Semotilus atromaculatus","species",,,,50,1.0,,"N","N","juvenile","no sample",,,"adavila@battelleecology.org",
"013a5b0e-251f-40c4-8ef4-86b465514ebc","D01","HOPB","HOPB.AOS.fish.point.08","2017-05-03T18:30Z","2017-05-03T19:40Z","HOPB.20170503.08.1.e-fisher",1,77,"SEMATR","Semotilus atromaculatus","species",,,,82,6.0,,"N","N","adult","no sample",,,"adavila@battelleecology.org",
"5ca4c838-a1a8-410d-8f24-996fefbb5ae1","D01","HOPB","HOPB.AOS.fish.point.08","2017-05-03T18:30Z","2017-05-03T19:40Z","HOPB.20170503.08.1.e-fisher",1,62,"RHIATR","Rhinichthys atratulus","species",,,,26,0.3,,"N","N","juvenile","no sample",,,"adavila@battelleecology.org",
"99a0e6cb-2919-4508-9346-bc24ae6d78f9","D01","HOPB","HOPB.AOS.fish.point.08","2017-05-03T18:30Z","2017-05-03T19:40Z","HOPB.20170503.08.1.e-fisher",1,54,"RHIATR","Rhinichthys atratulus","species",,,,27,0.3,,"N","N","juvenile","no sample",,,"adavila@battelleecology.org",
"709cea4e-716a-446e-9737-f698d3e0e1c4","D01","HOPB","HOPB.AOS.fish.point.08","2017-05-03T18:30Z","2017-05-03T19:40Z","HOPB.20170503.08.1.e-fisher",1,71,"SEMATR","Semotilus atromaculatus","species",,,,38,0.3,,"N","N","juvenile","no sample",,,"adavila@battelleecology.org",
"2cdd86ab-92a8-4cb7-a7b1-aebae4f0b9c8","D01","HOPB","HOPB.AOS.fish.point.08","2017-05-03T18:30Z","2017-05-03T19:40Z","HOPB.20170503.08.1.e-fisher",1,55,"SEMATR","Semotilus atromaculatus","species",,,,56,0.3,,"N","N","juvenile","no sample",,,"adavila@battelleecology.org",
"c328b991-89a3-447f-a4fe-b30424eaa5b4","D01","HOPB","HOPB.AOS.fish.point.08","2017-05-03T18:30Z","2017-05-03T19:40Z","HOPB.20170503.08.1.e-fisher",1,56,"RHIATR","Rhinichthys atratulus","species",,,,30,0.3,"Eroded fins","N","N","juvenile","no sample",,,"adavila@battelleecology.org",
"42e6b313-aea5-4170-9930-557895e6370e","D01","HOPB","HOPB.AOS.fish.point.08","2017-05-03T18:30Z","2017-05-03T19:40Z","HOPB.20170503.08.1.e-fisher",1,66,"RHIATR","Rhinichthys atratulus","species",,,,67,4.0,,"N","N","adult","no sample",,,"adavila@battelleecology.org",
"7951f834-c3bb-4660-90a2-8f2220b71267","D01","HOPB","HOPB.AOS.fish.point.08","2017-05-03T18:30Z","2017-05-03T19:40Z","HOPB.20170503.08.1.e-fisher",1,61,"SEMATR","Semotilus atromaculatus","species",,,,77,4.0,,"N","N","adult","no sample",,,"adavila@battelleecology.org",
"31f8e38a-f1a8-49c9-890b-aa677c31cf1f","D01","HOPB","HOPB.AOS.fish.point.08","2017-05-03T18:30Z","2017-05-03T19:40Z","HOPB.20170503.08.1.e-fisher",1,57,"RHIATR","Rhinichthys atratulus","species",,,,34,0.3,,"N","N","juvenile","no sample",,,"adavila@battelleecology.org",
"9ec84a15-76f0-4f07-ab47-58155e51221b","D01","HOPB","HOPB.AOS.fish.point.08","2017-05-03T18:30Z","2017-05-03T19:40Z","HOPB.20170503.08.1.e-fisher",1,58,"RHIATR","Rhinichthys atratulus","species",,,,31,0.3,,"N","Y","juvenile","no sample",,,"adavila@battelleecology.org",
"398e8a2e-8d71-420f-8100-9b66f1e044e1","D01","HOPB","HOPB.AOS.fish.point.08","2017-05-03T18:30Z","2017-05-03T19:40Z","HOPB.20170503.08.1.e-fisher",1,63,"RHIATR","Rhinichthys atratulus","species",,,,35,0.3,,"N","N","juvenile","no sample",,,"adavila@battelleecology.org",
"c9d1c2ac-3e05-4cbc-a9b2-b8b13edce681","D01","HOPB","HOPB.AOS.fish.point.08","2017-05-03T18:30Z","2017-05-03T19:40Z","HOPB.20170503.08.1.e-fisher",1,73,"SEMATR","Semotilus atromaculatus","species",,,,59,2.0,,"N","N","juvenile","no sample",,,"adavila@battelleecology.org",
"5c1657b1-d8fc-4130-8c6e-8671c2e6bde8","D01","HOPB","HOPB.AOS.fish.point.08","2017-05-03T18:30Z","2017-05-03T19:40Z","HOPB.20170503.08.1.e-fisher",1,76,"SEMATR","Semotilus atromaculatus","species",,,,37,0.3,"Eroded fins","N","N","juvenile","no sample",,,"adavila@battelleecology.org",
"aacc1471-3f01-4405-aa2a-827fa658abae","D01","HOPB","HOPB.AOS.fish.point.08","2017-05-03T18:30Z","2017-05-03T19:40Z","HOPB.20170503.08.1.e-fisher",1,69,"SEMATR","Semotilus atromaculatus","species",,,,74,3.0,,"N","N","adult","no sample",,,"adavila@battelleecology.org",
"e6f9430e-8cf2-497c-ae8a-a5bde6d4b30c","D01","HOPB","HOPB.AOS.fish.point.08","2017-05-03T18:30Z","2017-05-03T19:40Z","HOPB.20170503.08.1.e-fisher",1,75,"SEMATR","Semotilus atromaculatus","species",,,,41,2.0,,"N","N","juvenile","no sample",,,"adavila@battelleecology.org",
"68fbbcb2-05b7-42b0-a9a4-d5a541792b98","D01","HOPB","HOPB.AOS.fish.point.08","2017-05-03T18:30Z","2017-05-03T19:40Z","HOPB.20170503.08.1.e-fisher",1,64,"RHIATR","Rhinichthys atratulus","species",,,,66,2.0,"Deformities","N","N","adult","no sample",,,"adavila@battelleecology.org",
"7df7ab11-6ecb-45cb-b304-bd3095ab69c3","D01","HOPB","HOPB.AOS.fish.point.08","2017-05-03T18:30Z","2017-05-03T19:40Z","HOPB.20170503.08.1.e-fisher",1,74,"SEMATR","Semotilus atromaculatus","species",,,,64,3.0,,"N","N","juvenile","no sample",,,"adavila@battelleecology.org",
"cd45c9e3-1ffd-4c49-91bc-b3fa7a7723a6","D01","HOPB","HOPB.AOS.fish.point.08","2017-05-03T18:30Z","2017-05-03T19:40Z","HOPB.20170503.08.1.e-fisher",1,79,"SEMATR","Semotilus atromaculatus","species",,,,39,0.3,,"N","N","juvenile","no sample",,,"adavila@battelleecology.org",
"02288731-8bd6-4927-aed5-4255c8404b2f","D01","HOPB","HOPB.AOS.fish.point.08","2017-05-03T18:30Z","2017-05-03T19:40Z","HOPB.20170503.08.1.e-fisher",1,59,"SEMATR","Semotilus atromaculatus","species",,,,55,1.0,,"N","N","juvenile","no sample",,,"adavila@battelleecology.org",
"90d66331-c790-4b98-8d40-afc51b765802","D01","HOPB","HOPB.AOS.fish.point.08","2017-05-03T18:30Z","2017-05-03T19:40Z","HOPB.20170503.08.1.e-fisher",1,70,"SEMATR","Semotilus atromaculatus","species",,,,38,0.3,,"N","N","juvenile","no sample",,,"adavila@battelleecology.org",
"de1cee78-0b4e-4c5c-8515-71a4d7079581","D01","HOPB","HOPB.AOS.fish.point.08","2017-05-03T18:30Z","2017-05-03T19:40Z","HOPB.20170503.08.1.e-fisher",1,72,"SEMATR","Semotilus atromaculatus","species",,,,38,0.3,,"N","N","juvenile","no sample",,,"adavila@battelleecology.org",
"4e0777ea-99dc-4234-8d7a-5abf8c26e323","D01","HOPB","HOPB.AOS.fish.point.08","2017-05-03T18:30Z","2017-05-03T19:40Z","HOPB.20170503.08.1.e-fisher",1,67,"RHIATR","Rhinichthys atratulus","species",,,,30,0.3,,"N","N","juvenile","no sample",,,"adavila@battelleecology.org",
"7252561b-d09f-4ebf-bfe4-5943489af6c8","D01","HOPB","HOPB.AOS.fish.point.08","2017-05-03T18:30Z","2017-05-03T19:40Z","HOPB.20170503.08.1.e-fisher",1,60,"RHIATR","Rhinichthys atratulus","species",,,,28,0.3,,"N","N","juvenile","no sample",,,"adavila@battelleecology.org",
"f7022ea7-5192-4301-a722-22e8762b8ff9","D01","HOPB","HOPB.AOS.fish.point.08","2017-05-03T18:30Z","2017-05-03T19:40Z","HOPB.20170503.08.1.e-fisher",1,78,"SEMATR","Semotilus atromaculatus","species",,,,37,0.3,,"N","N","juvenile","no sample",,,"adavila@battelleecology.org",
"9c2cb040-3280-461c-a387-a50fe5efbb29","D01","HOPB","HOPB.AOS.fish.point.08","2017-05-03T18:30Z","2017-05-03T19:40Z","HOPB.20170503.08.1.e-fisher",1,19,"RHIATR","Rhinichthys atratulus","species",,,,66,4.0,,"N","N","adult","no sample",,,"adavila@battelleecology.org",
"6777b03c-9bc0-456f-92cb-31aad33d30f2","D01","HOPB","HOPB.AOS.fish.point.08","2017-05-03T18:30Z","2017-05-03T19:40Z","HOPB.20170503.08.1.e-fisher",1,24,"RHIATR","Rhinichthys atratulus","species",,,,35,0.3,,"N","N","juvenile","no sample",,,"adavila@battelleecology.org",
"76932d8f-450b-4ea8-9384-1d1897325e1e","D01","HOPB","HOPB.AOS.fish.point.08","2017-05-03T18:30Z","2017-05-03T19:40Z","HOPB.20170503.08.1.e-fisher",1,5,"RHIATR","Rhinichthys atratulus","species",,,,33,2.0,,"N","N","juvenile","no sample",,,"adavila@battelleecology.org",
"640dec7e-7049-44be-9298-3cbdfd98e8e0","D01","HOPB","HOPB.AOS.fish.point.08","2017-05-03T18:30Z","2017-05-03T19:40Z","HOPB.20170503.08.1.e-fisher",1,47,"RHIATR","Rhinichthys atratulus","species",,,,31,0.3,,"N","N","juvenile","no sample",,,"adavila@battelleecology.org",
"236cd7e6-365c-4eec-917b-64821e36123b","D01","HOPB","HOPB.AOS.fish.point.08","2017-05-03T18:30Z","2017-05-03T19:40Z","HOPB.20170503.08.1.e-fisher",1,12,"RHIATR","Rhinichthys atratulus","species",,,,24,0.3,,"N","N","juvenile","no sample",,,"adavila@battelleecology.org",
"eb0c94d8-9bc3-4b83-971f-e65e0930f932","D01","HOPB","HOPB.AOS.fish.point.08","2017-05-03T18:30Z","2017-05-03T19:40Z","HOPB.20170503.08.1.e-fisher",1,38,"RHIATR","Rhinichthys atratulus","species",,,,19,0.3,,"N","N","juvenile","no sample",,,"adavila@battelleecology.org",
"949c8304-2100-49a5-b47b-a73c1bcf1210","D01","HOPB","HOPB.AOS.fish.point.08","2017-05-03T18:30Z","2017-05-03T19:40Z","HOPB.20170503.08.1.e-fisher",1,45,"RHIATR","Rhinichthys atratulus","species",,,,29,0.3,,"N","N","juvenile","no sample",,,"adavila@battelleecology.org",
"41908715-0729-43d1-ba73-e0b31ff6d1c9","D01","HOPB","HOPB.AOS.fish.point.08","2017-05-03T18:30Z","2017-05-03T19:40Z","HOPB.20170503.08.1.e-fisher",1,15,"RHIATR","Rhinichthys atratulus","species",,,,32,0.3,,"N","N","juvenile","no sample",,,"adavila@battelleecology.org",
"22050836-63b5-41fd-81c1-54c43c7a2726","D01","HOPB","HOPB.AOS.fish.point.08","2017-05-03T18:30Z","2017-05-03T19:40Z","HOPB.20170503.08.1.e-fisher",1,7,"RHIATR","Rhinichthys atratulus","species",,,,10,0.3,,"N","N","juvenile","no sample",,,"adavila@battelleecology.org",
"1d5d0c23-9c78-4191-a61f-63c95b905813","D01","HOPB","HOPB.AOS.fish.point.08","2017-05-03T18:30Z","2017-05-03T19:40Z","HOPB.20170503.08.1.e-fisher",1,29,"SEMATR","Semotilus atromaculatus","species",,,,39,0.3,,"N","N","juvenile","no sample",,,"adavila@battelleecology.org",
"509d19e8-1812-4d4b-8cf3-d3c608a18bc1","D01","HOPB","HOPB.AOS.fish.point.08","2017-05-03T18:30Z","2017-05-03T19:40Z","HOPB.20170503.08.1.e-fisher",1,18,"RHIATR","Rhinichthys atratulus","species",,,,54,2.0,,"N","N","adult","no sample",,,"adavila@battelleecology.org",
"da22a744-055f-42de-a384-e2264dc025d0","D01","HOPB","HOPB.AOS.fish.point.08","2017-05-03T18:30Z","2017-05-03T19:40Z","HOPB.20170503.08.1.e-fisher",1,30,"SALFON","Salvelinus fontinalis","species",,,,107,13.0,,"N","N","juvenile","no sample",,,"adavila@battelleecology.org",
"35b2c262-acf1-4a49-8a46-5823e494a132","D01","HOPB","HOPB.AOS.fish.point.08","2017-05-03T18:30Z","2017-05-03T19:40Z","HOPB.20170503.08.1.e-fisher",1,50,"RHIATR","Rhinichthys atratulus","species",,,,34,0.3,,"N","N","juvenile","no sample",,,"adavila@battelleecology.org",
"087aecd2-0919-4faa-b375-0297a60cd537","D01","HOPB","HOPB.AOS.fish.point.08","2017-05-03T18:30Z","2017-05-03T19:40Z","HOPB.20170503.08.1.e-fisher",1,36,"RHIATR","Rhinichthys atratulus","species",,,,35,0.3,,"N","N","juvenile","no sample",,,"adavila@battelleecology.org",
"fa6e96c4-f0f7-42e5-b67b-236984af98ea","D01","HOPB","HOPB.AOS.fish.point.08","2017-05-03T18:30Z","2017-05-03T19:40Z","HOPB.20170503.08.1.e-fisher",1,25,"RHIATR","Rhinichthys atratulus","species",,,,32,0.3,,"N","N","juvenile","no sample",,,"adavila@battelleecology.org",
"3a38fecf-0844-42d0-a00c-1c99a0bf068f","D01","HOPB","HOPB.AOS.fish.point.08","2017-05-03T18:30Z","2017-05-03T19:40Z","HOPB.20170503.08.1.e-fisher",1,14,"RHIATR","Rhinichthys atratulus","species",,,,29,0.3,,"N","N","juvenile","no sample",,,"adavila@battelleecology.org",
"d7cccdc5-504c-4f61-ac18-4d747e83ed9d","D01","HOPB","HOPB.AOS.fish.point.08","2017-05-03T18:30Z","2017-05-03T19:40Z","HOPB.20170503.08.1.e-fisher",1,33,"SEMATR","Semotilus atromaculatus","species",,,,36,0.3,,"N","Y","juvenile","no sample",,,"adavila@battelleecology.org",
"41096c7f-f2c9-47e1-a9ac-5e93e83f2b02","D01","HOPB","HOPB.AOS.fish.point.08","2017-05-03T18:30Z","2017-05-03T19:40Z","HOPB.20170503.08.1.e-fisher",1,13,"RHIATR","Rhinichthys atratulus","species",,,,31,0.3,"Eroded fins","N","N","juvenile","no sample",,,"adavila@battelleecology.org",
"0a2dea83-728f-47e2-9c37-f1d7f8d1280b","D01","HOPB","HOPB.AOS.fish.point.08","2017-05-03T18:30Z","2017-05-03T19:40Z","HOPB.20170503.08.1.e-fisher",1,6,"RHIATR","Rhinichthys atratulus","species",,,,63,2.0,,"N","N","adult","no sample",,,"adavila@battelleecology.org",
"0bb4e009-fd3c-4706-8dd6-bceb7cab13b5","D01","HOPB","HOPB.AOS.fish.point.08","2017-05-03T18:30Z","2017-05-03T19:40Z","HOPB.20170503.08.1.e-fisher",1,35,"RHIATR","Rhinichthys atratulus","species",,,,78,3.0,,"N","N","adult","no sample",,,"adavila@battelleecology.org",
"c0a97880-56c9-49cb-b478-8a07938115e2","D01","HOPB","HOPB.AOS.fish.point.08","2017-05-03T18:30Z","2017-05-03T19:40Z","HOPB.20170503.08.1.e-fisher",1,40,"RHIATR","Rhinichthys atratulus","species",,,,55,2.0,,"N","N","adult","no sample",,,"adavila@battelleecology.org",
"52024ba4-1d17-46a4-a5d3-1f9dc669be48","D01","HOPB","HOPB.AOS.fish.point.08","2017-05-03T18:30Z","2017-05-03T19:40Z","HOPB.20170503.08.1.e-fisher",1,49,"SEMATR","Semotilus atromaculatus","species",,,,41,2.0,,"N","N","juvenile","no sample",,,"adavila@battelleecology.org",
"d8ed0818-0048-4bb7-81ca-81c74e1c0f35","D01","HOPB","HOPB.AOS.fish.point.08","2017-05-03T18:30Z","2017-05-03T19:40Z","HOPB.20170503.08.1.e-fisher",1,41,"RHIATR","Rhinichthys atratulus","species",,,,28,0.3,,"N","N","juvenile","no sample",,,"adavila@battelleecology.org",
"e7686ad0-2ebc-4a9e-87fb-3625aeb9bf8f","D01","HOPB","HOPB.AOS.fish.point.08","2017-05-03T18:30Z","2017-05-03T19:40Z","HOPB.20170503.08.1.e-fisher",1,51,"SEMATR","Semotilus atromaculatus","species",,,,52,2.0,,"N","N","juvenile","no sample",,,"adavila@battelleecology.org",
"9081ee66-51bf-42f7-a788-d4e25a04e61d","D01","HOPB","HOPB.AOS.fish.point.08","2017-05-03T18:30Z","2017-05-03T19:40Z","HOPB.20170503.08.1.e-fisher",1,32,"SEMATR","Semotilus atromaculatus","species",,,,62,2.0,,"N","N","juvenile","no sample",,,"adavila@battelleecology.org",
"b2b58758-ef4a-4eec-a113-624625adfbf1","D01","HOPB","HOPB.AOS.fish.point.08","2017-05-03T18:30Z","2017-05-03T19:40Z","HOPB.20170503.08.1.e-fisher",1,16,"RHIATR","Rhinichthys atratulus","species",,,,27,0.3,"Eroded fins","N","N","juvenile","no sample",,,"adavila@battelleecology.org",
"7fcb1387-dee2-4653-b39b-ebabba498dbb","D01","HOPB","HOPB.AOS.fish.point.08","2017-05-03T18:30Z","2017-05-03T19:40Z","HOPB.20170503.08.1.e-fisher",1,22,"RHIATR","Rhinichthys atratulus","species",,,,34,0.3,,"N","N","juvenile","no sample",,,"adavila@battelleecology.org",
"d2a09ca4-f165-460a-8ba4-a078cc4a4944","D01","HOPB","HOPB.AOS.fish.point.08","2017-05-03T18:30Z","2017-05-03T19:40Z","HOPB.20170503.08.1.e-fisher",1,8,"AMENEB","Ameiurus nebulosus","species",,,,70,5.0,,"N","N","adult","no sample",,,"adavila@battelleecology.org",
"ca493b9b-7a21-4db4-8989-93d2f83b7574","D01","HOPB","HOPB.AOS.fish.point.08","2017-05-03T18:30Z","2017-05-03T19:40Z","HOPB.20170503.08.1.e-fisher",1,37,"RHIATR","Rhinichthys atratulus","species",,,,49,1.0,,"N","N","juvenile","no sample",,,"adavila@battelleecology.org",
"580659fd-b6c7-4e68-bdbf-2400b9c835a8","D01","HOPB","HOPB.AOS.fish.point.08","2017-05-03T18:30Z","2017-05-03T19:40Z","HOPB.20170503.08.1.e-fisher",1,43,"SEMATR","Semotilus atromaculatus","species",,,,40,0.3,,"N","N","juvenile","no sample",,,"adavila@battelleecology.org",
"b9ad5374-7bbb-4ce4-b7ac-b413b8f78080","D01","HOPB","HOPB.AOS.fish.point.08","2017-05-03T18:30Z","2017-05-03T19:40Z","HOPB.20170503.08.1.e-fisher",1,53,"SEMATR","Semotilus atromaculatus","species",,,,46,1.0,,"N","N","juvenile","no sample",,,"adavila@battelleecology.org",
"57b0a579-d19e-42b8-98b1-b09a5dcd7949","D01","HOPB","HOPB.AOS.fish.point.08","2017-05-03T18:30Z","2017-05-03T19:40Z","HOPB.20170503.08.1.e-fisher",1,10,"SEMATR","Semotilus atromaculatus","species",,,,76,4.0,,"N","N","adult","no sample",,,"adavila@battelleecology.org",
"e19ffa67-02df-4239-ae77-26135d93f3f6","D01","HOPB","HOPB.AOS.fish.point.08","2017-05-03T18:30Z","2017-05-03T19:40Z","HOPB.20170503.08.1.e-fisher",1,31,"RHIATR","Rhinichthys atratulus","species",,,,42,0.3,,"N","N","juvenile","no sample",,,"adavila@battelleecology.org",
"1f100502-5152-4c91-98eb-cc38047fd695","D01","HOPB","HOPB.AOS.fish.point.08","2017-05-03T18:30Z","2017-05-03T19:40Z","HOPB.20170503.08.1.e-fisher",1,28,"RHIATR","Rhinichthys atratulus","species",,,,43,0.3,,"N","N","juvenile","no sample",,,"adavila@battelleecology.org",
"391011e2-48db-4653-a7fd-c17e4f6b9694","D01","HOPB","HOPB.AOS.fish.point.08","2017-05-03T18:30Z","2017-05-03T19:40Z","HOPB.20170503.08.1.e-fisher",1,20,"RHIATR","Rhinichthys atratulus","species",,,,44,0.3,,"N","N","adult","no sample",,,"adavila@battelleecology.org",
"ccaf9d13-1c28-48aa-be88-a0f97213c071","D01","HOPB","HOPB.AOS.fish.point.08","2017-05-03T18:30Z","2017-05-03T19:40Z","HOPB.20170503.08.1.e-fisher",1,4,"RHIATR","Rhinichthys atratulus","species",,,,51,2.0,,"N","N","juvenile","no sample",,,"adavila@battelleecology.org",
"cd630c72-b60f-4816-9c23-386a3fd4db53","D01","HOPB","HOPB.AOS.fish.point.08","2017-05-03T18:30Z","2017-05-03T19:40Z","HOPB.20170503.08.1.e-fisher",1,9,"RHIATR","Rhinichthys atratulus","species",,,,29,0.3,,"N","N","adult","no sample",,,"adavila@battelleecology.org",
"03cd3085-cdf2-4fc4-b418-bdc2967d7440","D01","HOPB","HOPB.AOS.fish.point.08","2017-05-03T18:30Z","2017-05-03T19:40Z","HOPB.20170503.08.1.e-fisher",1,23,"RHIATR","Rhinichthys atratulus","species",,,,59,2.0,,"N","N","adult","no sample",,,"adavila@battelleecology.org",
"972369c9-c947-4696-90d4-d6ce380f61eb","D01","HOPB","HOPB.AOS.fish.point.08","2017-05-03T18:30Z","2017-05-03T19:40Z","HOPB.20170503.08.1.e-fisher",1,44,"RHIATR","Rhinichthys atratulus","species",,,,28,0.3,,"N","N","juvenile","no sample",,,"adavila@battelleecology.org",
"73de6c2d-6a53-433d-a503-73a593e6e5cd","D01","HOPB","HOPB.AOS.fish.point.08","2017-05-03T18:30Z","2017-05-03T19:40Z","HOPB.20170503.08.1.e-fisher",1,52,"RHIATR","Rhinichthys atratulus","species",,,,61,3.0,,"N","N","adult","no sample",,,"adavila@battelleecology.org",
"77ed73c7-f84d-466d-8455-6c66526016bf","D01","HOPB","HOPB.AOS.fish.point.08","2017-05-03T18:30Z","2017-05-03T19:40Z","HOPB.20170503.08.1.e-fisher",1,27,"RHIATR","Rhinichthys atratulus","species",,,,50,0.3,,"N","N","adult","no sample",,,"adavila@battelleecology.org",
"fde234b6-39fa-48f5-963a-01beb533af6a","D01","HOPB","HOPB.AOS.fish.point.08","2017-05-03T18:30Z","2017-05-03T19:40Z","HOPB.20170503.08.1.e-fisher",1,39,"RHIATR","Rhinichthys atratulus","species",,,,35,0.3,,"N","N","juvenile","no sample",,,"adavila@battelleecology.org",
"72248810-d77e-458c-bf80-1b37190944be","D01","HOPB","HOPB.AOS.fish.point.08","2017-05-03T18:30Z","2017-05-03T19:40Z","HOPB.20170503.08.1.e-fisher",1,26,"RHIATR","Rhinichthys atratulus","species",,,,20,0.3,,"N","N","adult","no sample",,,"adavila@battelleecology.org",
"ccb00083-c3a2-4bb9-9515-fea3e85cc6ec","D01","HOPB","HOPB.AOS.fish.point.08","2017-05-03T18:30Z","2017-05-03T19:40Z","HOPB.20170503.08.1.e-fisher",1,48,"RHIATR","Rhinichthys atratulus","species",,,,48,2.0,,"N","N","juvenile","no sample",,,"adavila@battelleecology.org",
"4ad1c564-089e-4205-b303-1afa164bb60f","D01","HOPB","HOPB.AOS.fish.point.08","2017-05-03T18:30Z","2017-05-03T19:40Z","HOPB.20170503.08.1.e-fisher",1,21,"SEMATR","Semotilus atromaculatus","species",,,,59,2.0,,"N","N","juvenile","no sample",,,"adavila@battelleecology.org",
"e89fab86-0c89-4418-af1f-44a9e2223866","D01","HOPB","HOPB.AOS.fish.point.08","2017-05-03T18:30Z","2017-05-03T19:40Z","HOPB.20170503.08.1.e-fisher",1,17,"RHIATR","Rhinichthys atratulus","species",,,,28,0.3,,"N","N","juvenile","no sample",,,"adavila@battelleecology.org",
"da4e59d9-96e3-445b-affd-0383b0199356","D01","HOPB","HOPB.AOS.fish.point.08","2017-05-03T18:30Z","2017-05-03T19:40Z","HOPB.20170503.08.1.e-fisher",1,46,"RHIATR","Rhinichthys atratulus","species",,,,32,0.3,,"N","N","juvenile","no sample",,,"adavila@battelleecology.org",
"7e4b7103-ae00-437e-bcb0-819df9194c81","D01","HOPB","HOPB.AOS.fish.point.08","2017-05-03T18:30Z","2017-05-03T19:40Z","HOPB.20170503.08.1.e-fisher",1,34,"RHIATR","Rhinichthys atratulus","species",,,,26,0.3,,"N","N","juvenile","no sample",,,"adavila@battelleecology.org",
"3072c72c-132d-4799-a799-e227397ac688","D01","HOPB","HOPB.AOS.fish.point.08","2017-05-03T18:30Z","2017-05-03T19:40Z","HOPB.20170503.08.1.e-fisher",1,42,"RHIATR","Rhinichthys atratulus","species",,,,65,3.0,,"N","N","adult","no sample",,,"adavila@battelleecology.org",
"c37fc7c5-a744-400e-8604-9683afe9b898","D01","HOPB","HOPB.AOS.fish.point.08","2017-05-03T18:30Z","2017-05-03T19:40Z","HOPB.20170503.08.1.e-fisher",1,3,"RHIATR","Rhinichthys atratulus","species",,,,31,0.3,,"N","N","juvenile","no sample",,,"adavila@battelleecology.org",
"da02d5d7-bb1e-483f-8b06-207fc3410990","D01","HOPB","HOPB.AOS.fish.point.08","2017-05-03T18:30Z","2017-05-03T19:40Z","HOPB.20170503.08.1.e-fisher",1,2,"SEMATR","Semotilus atromaculatus","species",,,,41,0.3,,"N","N","juvenile","no sample",,,"adavila@battelleecology.org",
"67b5c747-cffa-4dac-a73c-3760e239e848","D01","HOPB","HOPB.AOS.fish.point.08","2017-05-03T18:30Z","2017-05-03T19:40Z","HOPB.20170503.08.1.e-fisher",1,1,"SEMATR","Semotilus atromaculatus","species",,,,40,0.3,,"N","N","juvenile","no sample",,,"adavila@battelleecology.org",
"bfc126da-e119-4ee7-b441-c6bb09d58d78","D01","HOPB","HOPB.AOS.fish.point.10","2017-05-04T14:50Z","2017-05-04T15:50Z","HOPB.20170503.10.1.e-fisher",1,63,"RHIATR","Rhinichthys atratulus","species",,,,32,0.3,,"N","N","juvenile","no sample",,,"adavila@battelleecology.org",
"a210e2a1-6fee-43b4-a86d-aaeb81f5afa9","D01","HOPB","HOPB.AOS.fish.point.10","2017-05-04T14:50Z","2017-05-04T15:50Z","HOPB.20170503.10.1.e-fisher",1,48,"RHIATR","Rhinichthys atratulus","species",,,,66,3.0,,"N","N","adult","no sample",,,"adavila@battelleecology.org",
"28f68947-ceaf-4b14-bbdb-5957c48771b0","D01","HOPB","HOPB.AOS.fish.point.10","2017-05-04T14:50Z","2017-05-04T15:50Z","HOPB.20170503.10.1.e-fisher",1,27,"RHIATR","Rhinichthys atratulus","species",,,,40,0.3,,"N","N","juvenile","no sample",,,"adavila@battelleecology.org",
"a76ce902-a8a5-4f9f-a12c-25bbb4c040eb","D01","HOPB","HOPB.AOS.fish.point.10","2017-05-04T14:50Z","2017-05-04T15:50Z","HOPB.20170503.10.1.e-fisher",1,6,"RHIATR","Rhinichthys atratulus","species",,,,33,0.3,,"N","N","juvenile","no sample",,,"adavila@battelleecology.org",
"feea5f5e-6cd0-4524-bceb-7a89fbfb7534","D01","HOPB","HOPB.AOS.fish.point.10","2017-05-04T14:50Z","2017-05-04T15:50Z","HOPB.20170503.10.1.e-fisher",1,41,"RHIATR","Rhinichthys atratulus","species",,,,55,1.0,,"N","N","adult","no sample",,,"adavila@battelleecology.org",
"6301a3ff-f334-4776-86d0-c37fed7d5850","D01","HOPB","HOPB.AOS.fish.point.10","2017-05-04T14:50Z","2017-05-04T15:50Z","HOPB.20170503.10.1.e-fisher",1,11,"RHIATR","Rhinichthys atratulus","species",,,,40,0.3,,"N","N","juvenile","no sample",,,"adavila@battelleecology.org",
"371e1374-028e-4bd3-99ee-bc5e96bfb4f7","D01","HOPB","HOPB.AOS.fish.point.10","2017-05-04T14:50Z","2017-05-04T15:50Z","HOPB.20170503.10.1.e-fisher",1,35,"SEMATR","Semotilus atromaculatus","species",,,,63,2.0,,"N","N","juvenile","no sample",,,"adavila@battelleecology.org",
"0c92af7f-1776-47e6-810b-1a922236a3e6","D01","HOPB","HOPB.AOS.fish.point.10","2017-05-04T14:50Z","2017-05-04T15:50Z","HOPB.20170503.10.1.e-fisher",1,7,"SEMATR","Semotilus atromaculatus","species",,,,38,0.3,,"N","N","juvenile","no sample",,,"adavila@battelleecology.org",
"39d418c1-af0d-43d4-b428-3a4962a8c7bc","D01","HOPB","HOPB.AOS.fish.point.10","2017-05-04T14:50Z","2017-05-04T15:50Z","HOPB.20170503.10.1.e-fisher",1,16,"RHIATR","Rhinichthys atratulus","species",,,,67,2.0,,"N","N","adult","no sample",,,"adavila@battelleecology.org",
"caafb8a9-18e3-49e6-96ce-2b18b7745dc0","D01","HOPB","HOPB.AOS.fish.point.10","2017-05-04T14:50Z","2017-05-04T15:50Z","HOPB.20170503.10.1.e-fisher",1,33,"RHIATR","Rhinichthys atratulus","species",,,,26,0.3,,"N","N","juvenile","no sample",,,"adavila@battelleecology.org",
"9bd33ade-0c79-4ee1-8446-56a63251895d","D01","HOPB","HOPB.AOS.fish.point.10","2017-05-04T14:50Z","2017-05-04T15:50Z","HOPB.20170503.10.1.e-fisher",1,15,"RHIATR","Rhinichthys atratulus","species",,,,66,2.0,,"N","N","adult","no sample",,,"adavila@battelleecology.org",
"bb19d4a2-1e37-4e4a-ac24-cbeaa78e626d","D01","HOPB","HOPB.AOS.fish.point.10","2017-05-04T14:50Z","2017-05-04T15:50Z","HOPB.20170503.10.1.e-fisher",1,28,"RHIATR","Rhinichthys atratulus","species",,,,62,2.0,,"N","N","adult","no sample",,,"adavila@battelleecology.org",
"9fdf3f20-9720-43bd-8e46-548b88ac7299","D01","HOPB","HOPB.AOS.fish.point.10","2017-05-04T14:50Z","2017-05-04T15:50Z","HOPB.20170503.10.1.e-fisher",1,17,"RHIATR","Rhinichthys atratulus","species",,,,33,0.3,,"N","N","juvenile","no sample",,,"adavila@battelleecology.org",
"abbcd3f5-084c-4a1a-9081-5199bafea5bb","D01","HOPB","HOPB.AOS.fish.point.10","2017-05-04T14:50Z","2017-05-04T15:50Z","HOPB.20170503.10.1.e-fisher",1,13,"RHIATR","Rhinichthys atratulus","species",,,,68,2.0,,"N","N","adult","no sample",,,"adavila@battelleecology.org",
"b7a45a46-a828-409d-9b84-14d4d2c04b62","D01","HOPB","HOPB.AOS.fish.point.10","2017-05-04T14:50Z","2017-05-04T15:50Z","HOPB.20170503.10.1.e-fisher",1,46,"SEMATR","Semotilus atromaculatus","species",,,,33,0.3,,"N","N","juvenile","no sample",,,"adavila@battelleecology.org",
"f9440d40-0263-4b4f-9ef6-88eeebe7b3d3","D01","HOPB","HOPB.AOS.fish.point.10","2017-05-04T14:50Z","2017-05-04T15:50Z","HOPB.20170503.10.1.e-fisher",1,47,"SEMATR","Semotilus atromaculatus","species",,,,40,0.3,"Eroded fins","N","N","juvenile","no sample",,,"adavila@battelleecology.org",
"0ee5a5f3-86b6-424f-88a1-61e2377bfe36","D01","HOPB","HOPB.AOS.fish.point.10","2017-05-04T14:50Z","2017-05-04T15:50Z","HOPB.20170503.10.1.e-fisher",1,1,"SEMATR","Semotilus atromaculatus","species",,,,44,0.3,,"N","N","juvenile","no sample",,,"adavila@battelleecology.org",
"ed4f41bd-3707-4fae-8c3e-cd243fd23bbf","D01","HOPB","HOPB.AOS.fish.point.10","2017-05-04T14:50Z","2017-05-04T15:50Z","HOPB.20170503.10.1.e-fisher",1,18,"RHIATR","Rhinichthys atratulus","species",,,,38,0.3,,"N","N","juvenile","no sample",,,"adavila@battelleecology.org",
"f60c4f54-0bca-4b45-892c-53136614c4b0","D01","HOPB","HOPB.AOS.fish.point.10","2017-05-04T14:50Z","2017-05-04T15:50Z","HOPB.20170503.10.1.e-fisher",1,50,"RHIATR","Rhinichthys atratulus","species",,,,38,1.0,"Deformities","N","N","juvenile","no sample",,,"adavila@battelleecology.org",
"0616aa61-bc52-4fdf-92b0-5801d5427b4e","D01","HOPB","HOPB.AOS.fish.point.10","2017-05-04T14:50Z","2017-05-04T15:50Z","HOPB.20170503.10.1.e-fisher",1,39,"RHIATR","Rhinichthys atratulus","species",,,,37,0.3,,"N","N","juvenile","no sample",,,"adavila@battelleecology.org",
"caf98548-01b7-4226-a8bf-7db100271fa0","D01","HOPB","HOPB.AOS.fish.point.10","2017-05-04T14:50Z","2017-05-04T15:50Z","HOPB.20170503.10.1.e-fisher",1,30,"RHIATR","Rhinichthys atratulus","species",,,,62,2.0,,"N","N","adult","no sample",,,"adavila@battelleecology.org",
"dbad591f-554d-45dc-b657-45816c11d7bb","D01","HOPB","HOPB.AOS.fish.point.10","2017-05-04T14:50Z","2017-05-04T15:50Z","HOPB.20170503.10.1.e-fisher",1,26,"SEMATR","Semotilus atromaculatus","species",,,,36,0.3,,"N","N","juvenile","no sample",,,"adavila@battelleecology.org",
"2bdf0cc7-0106-44c9-acf9-7fea9de2d634","D01","HOPB","HOPB.AOS.fish.point.10","2017-05-04T14:50Z","2017-05-04T15:50Z","HOPB.20170503.10.1.e-fisher",1,40,"SEMATR","Semotilus atromaculatus","species",,,,40,0.3,,"N","N","juvenile","no sample",,,"adavila@battelleecology.org",
"98f61b40-6502-4488-af58-6bddec702264","D01","HOPB","HOPB.AOS.fish.point.10","2017-05-04T14:50Z","2017-05-04T15:50Z","HOPB.20170503.10.1.e-fisher",1,19,"RHIATR","Rhinichthys atratulus","species",,,,55,0.3,,"N","N","juvenile","no sample",,,"adavila@battelleecology.org",
"c9de8da4-efd2-4408-9d8a-e3de5ee1760b","D01","HOPB","HOPB.AOS.fish.point.10","2017-05-04T14:50Z","2017-05-04T15:50Z","HOPB.20170503.10.1.e-fisher",1,14,"RHIATR","Rhinichthys atratulus","species",,,,48,0.3,"Eroded fins","N","N","adult","no sample",,,"adavila@battelleecology.org",
"7beccafe-073a-4eed-9c23-01fb35619b1f","D01","HOPB","HOPB.AOS.fish.point.10","2017-05-04T14:50Z","2017-05-04T15:50Z","HOPB.20170503.10.1.e-fisher",1,49,"RHIATR","Rhinichthys atratulus","species",,,,35,0.3,,"N","N","juvenile","no sample",,,"adavila@battelleecology.org",
"f1b100a4-4a9e-4bf4-9363-e6f641bcf3c6","D01","HOPB","HOPB.AOS.fish.point.10","2017-05-04T14:50Z","2017-05-04T15:50Z","HOPB.20170503.10.1.e-fisher",1,22,"SEMATR","Semotilus atromaculatus","species",,,,44,0.3,,"N","N","juvenile","no sample",,,"adavila@battelleecology.org",
"b4789512-71fa-4b53-a73f-1cd7d139d0f9","D01","HOPB","HOPB.AOS.fish.point.10","2017-05-04T14:50Z","2017-05-04T15:50Z","HOPB.20170503.10.1.e-fisher",1,36,"RHIATR","Rhinichthys atratulus","species",,,,71,3.0,,"N","N","adult","no sample",,,"adavila@battelleecology.org",
"0cf15a89-0faa-47e6-8967-52f55460deb9","D01","HOPB","HOPB.AOS.fish.point.10","2017-05-04T14:50Z","2017-05-04T15:50Z","HOPB.20170503.10.1.e-fisher",1,38,"RHIATR","Rhinichthys atratulus","species",,,,40,0.3,,"N","N","juvenile","no sample",,,"adavila@battelleecology.org",
"c8f0853d-002e-49e4-8722-134e5ef62505","D01","HOPB","HOPB.AOS.fish.point.10","2017-05-04T14:50Z","2017-05-04T15:50Z","HOPB.20170503.10.1.e-fisher",1,37,"SEMATR","Semotilus atromaculatus","species",,,,30,1.0,,"N","N","juvenile","no sample",,,"adavila@battelleecology.org",
"f882bf38-7b40-4717-b436-c64af63bf71a","D01","HOPB","HOPB.AOS.fish.point.10","2017-05-04T14:50Z","2017-05-04T15:50Z","HOPB.20170503.10.1.e-fisher",1,31,"RHIATR","Rhinichthys atratulus","species",,,,64,3.0,,"N","N","adult","no sample",,,"adavila@battelleecology.org",
"770b246f-9b2f-44a0-9928-f5beb69f5247","D01","HOPB","HOPB.AOS.fish.point.10","2017-05-04T14:50Z","2017-05-04T15:50Z","HOPB.20170503.10.1.e-fisher",1,34,"SEMATR","Semotilus atromaculatus","species",,,,60,1.0,,"N","N","juvenile","no sample",,,"adavila@battelleecology.org",
"51f513e0-3e7a-4f56-ad3d-e8def27b7f12","D01","HOPB","HOPB.AOS.fish.point.10","2017-05-04T14:50Z","2017-05-04T15:50Z","HOPB.20170503.10.1.e-fisher",1,24,"RHIATR","Rhinichthys atratulus","species",,,,52,1.0,,"N","N","adult","no sample",,,"adavila@battelleecology.org",
"1f392c61-eeda-4122-9150-e1a4cef68f26","D01","HOPB","HOPB.AOS.fish.point.10","2017-05-04T14:50Z","2017-05-04T15:50Z","HOPB.20170503.10.1.e-fisher",1,59,"SEMATR","Semotilus atromaculatus","species",,,,33,0.3,"Eroded fins","N","N","juvenile","no sample",,,"adavila@battelleecology.org",
"74205100-939c-4304-bc4f-5d15cbf1a430","D01","HOPB","HOPB.AOS.fish.point.10","2017-05-04T14:50Z","2017-05-04T15:50Z","HOPB.20170503.10.1.e-fisher",1,55,"RHIATR","Rhinichthys atratulus","species",,,,36,0.3,,"N","N","juvenile","no sample",,,"adavila@battelleecology.org",
"a382127b-ad50-4f23-a358-8858483ec16e","D01","HOPB","HOPB.AOS.fish.point.10","2017-05-04T14:50Z","2017-05-04T15:50Z","HOPB.20170503.10.1.e-fisher",1,66,"SEMATR","Semotilus atromaculatus","species",,,,52,1.0,,"N","N","juvenile","no sample",,,"adavila@battelleecology.org",
"894b95e6-e57c-43d0-b9f7-6ac27d061ac6","D01","HOPB","HOPB.AOS.fish.point.10","2017-05-04T14:50Z","2017-05-04T15:50Z","HOPB.20170503.10.1.e-fisher",1,61,"RHIATR","Rhinichthys atratulus","species",,,,38,0.3,,"N","N","juvenile","no sample",,,"adavila@battelleecology.org",
"8b31ad13-bfc7-4a48-9772-59c20bf0eba8","D01","HOPB","HOPB.AOS.fish.point.10","2017-05-04T14:50Z","2017-05-04T15:50Z","HOPB.20170503.10.1.e-fisher",1,57,"RHIATR","Rhinichthys atratulus","species",,,,58,2.0,"Eroded fins","N","N","adult","no sample",,,"adavila@battelleecology.org",
"1d3dac86-f154-446d-8014-f416594daac1","D01","HOPB","HOPB.AOS.fish.point.10","2017-05-04T14:50Z","2017-05-04T15:50Z","HOPB.20170503.10.1.e-fisher",1,68,"SEMATR","Semotilus atromaculatus","species",,,,51,0.3,,"N","N","juvenile","no sample",,,"adavila@battelleecology.org",
"5d3ac8c9-21fc-4df7-9d42-d24f3c6f8e23","D01","HOPB","HOPB.AOS.fish.point.10","2017-05-04T14:50Z","2017-05-04T15:50Z","HOPB.20170503.10.1.e-fisher",1,62,"RHIATR","Rhinichthys atratulus","species",,,,33,0.3,"Deformities","N","N","juvenile","no sample",,,"adavila@battelleecology.org",
"ca98a4a0-0efd-4410-a314-c39b7bc956a6","D01","HOPB","HOPB.AOS.fish.point.10","2017-05-04T14:50Z","2017-05-04T15:50Z","HOPB.20170503.10.1.e-fisher",1,67,"SEMATR","Semotilus atromaculatus","species",,,,39,0.3,,"N","N","juvenile","no sample",,,"adavila@battelleecology.org",
"e25501f9-ad46-454e-90cf-18669476ac70","D01","HOPB","HOPB.AOS.fish.point.10","2017-05-04T14:50Z","2017-05-04T15:50Z","HOPB.20170503.10.1.e-fisher",1,70,"SALFON","Salvelinus fontinalis","species",,,,129,22.0,,"N","N","juvenile","no sample",,,"adavila@battelleecology.org",
"808ac819-5f63-40cb-b72a-e97c3d27f1e1","D01","HOPB","HOPB.AOS.fish.point.10","2017-05-04T14:50Z","2017-05-04T15:50Z","HOPB.20170503.10.1.e-fisher",1,60,"SALFON","Salvelinus fontinalis","species",,,,118,13.0,,"N","N","juvenile","no sample",,,"adavila@battelleecology.org",
"f164c4e3-d081-4670-ad33-287ec213dcf1","D01","HOPB","HOPB.AOS.fish.point.10","2017-05-04T14:50Z","2017-05-04T15:50Z","HOPB.20170503.10.1.e-fisher",1,71,"SEMATR","Semotilus atromaculatus","species",,,,39,0.3,,"N","N","juvenile","no sample",,,"adavila@battelleecology.org",
"1d56239d-02a1-43d2-b014-c656c4e20ab0","D01","HOPB","HOPB.AOS.fish.point.10","2017-05-04T14:50Z","2017-05-04T15:50Z","HOPB.20170503.10.1.e-fisher",1,58,"SEMATR","Semotilus atromaculatus","species",,,,33,0.3,,"N","N","juvenile","no sample",,,"adavila@battelleecology.org",
"604fd18e-c088-4342-9d93-cda4ec31bfdf","D01","HOPB","HOPB.AOS.fish.point.10","2017-05-04T14:50Z","2017-05-04T15:50Z","HOPB.20170503.10.1.e-fisher",1,72,"SEMATR","Semotilus atromaculatus","species",,,,34,0.3,,"N","N","juvenile","no sample",,,"adavila@battelleecology.org",
"9b10c059-2e99-4bcf-9959-feb63aedbc93","D01","HOPB","HOPB.AOS.fish.point.10","2017-05-04T14:50Z","2017-05-04T15:50Z","HOPB.20170503.10.1.e-fisher",1,64,"RHIATR","Rhinichthys atratulus","species",,,,33,0.3,,"N","N","juvenile","no sample",,,"adavila@battelleecology.org",
"030fc596-7b2a-41eb-b1cc-070df67d1df2","D01","HOPB","HOPB.AOS.fish.point.10","2017-05-04T14:50Z","2017-05-04T15:50Z","HOPB.20170503.10.1.e-fisher",1,52,"RHIATR","Rhinichthys atratulus","species",,,,34,0.3,,"N","N","juvenile","no sample",,,"adavila@battelleecology.org",
"1ab599fe-dc70-4ef3-8eb0-aeadcb63e988","D01","HOPB","HOPB.AOS.fish.point.10","2017-05-04T14:50Z","2017-05-04T15:50Z","HOPB.20170503.10.1.e-fisher",1,51,"SEMATR","Semotilus atromaculatus","species",,,,36,0.3,,"N","N","juvenile","no sample",,,"adavila@battelleecology.org",
"634f8182-81c4-4ffe-b433-68aa4b84948d","D01","HOPB","HOPB.AOS.fish.point.10","2017-05-04T14:50Z","2017-05-04T15:50Z","HOPB.20170503.10.1.e-fisher",1,69,"RHIATR","Rhinichthys atratulus","species",,,,41,0.3,,"N","N","juvenile","no sample",,,"adavila@battelleecology.org",
"bf08ff87-ccc8-4a14-acbb-8c652564b494","D01","HOPB","HOPB.AOS.fish.point.10","2017-05-04T14:50Z","2017-05-04T15:50Z","HOPB.20170503.10.1.e-fisher",1,53,"SEMATR","Semotilus atromaculatus","species",,,,36,0.3,,"N","N","juvenile","no sample",,,"adavila@battelleecology.org",
"a4960e24-2610-44bd-a9d7-cd2fb8760a1f","D01","HOPB","HOPB.AOS.fish.point.10","2017-05-04T14:50Z","2017-05-04T15:50Z","HOPB.20170503.10.1.e-fisher",1,54,"SEMATR","Semotilus atromaculatus","species",,,,38,0.3,,"N","N","juvenile","no sample",,,"adavila@battelleecology.org",
"808580d7-cb51-4869-b53f-6aa520af7368","D01","HOPB","HOPB.AOS.fish.point.10","2017-05-04T14:50Z","2017-05-04T15:50Z","HOPB.20170503.10.1.e-fisher",1,56,"RHIATR","Rhinichthys atratulus","species",,,,47,0.3,,"N","N","adult","no sample",,,"adavila@battelleecology.org",
"bb3b430e-02bf-4f1f-98ad-0810e77581ac","D01","HOPB","HOPB.AOS.fish.point.10","2017-05-04T14:50Z","2017-05-04T15:50Z","HOPB.20170503.10.1.e-fisher",1,65,"RHIATR","Rhinichthys atratulus","species",,,,36,0.3,,"N","N","juvenile","no sample",,,"adavila@battelleecology.org",
"fe8abd1e-65b5-48c2-813d-3a128218b403","D01","HOPB","HOPB.AOS.fish.point.10","2017-05-04T14:50Z","2017-05-04T15:50Z","HOPB.20170503.10.1.e-fisher",1,10,"RHIATR","Rhinichthys atratulus","species",,,,54,0.3,,"N","N","gravid female","no sample",,,"adavila@battelleecology.org",
"b8ed72e4-6c0a-4f44-93bf-638915385357","D01","HOPB","HOPB.AOS.fish.point.10","2017-05-04T14:50Z","2017-05-04T15:50Z","HOPB.20170503.10.1.e-fisher",1,32,"RHIATR","Rhinichthys atratulus","species",,,,50,0.3,,"N","N","adult","no sample",,,"adavila@battelleecology.org",
"3da19288-5a4f-4a85-bfbd-9f4b0b4e579e","D01","HOPB","HOPB.AOS.fish.point.10","2017-05-04T14:50Z","2017-05-04T15:50Z","HOPB.20170503.10.1.e-fisher",1,4,"SEMATR","Semotilus atromaculatus","species",,,,56,0.3,,"N","N","juvenile","no sample",,,"adavila@battelleecology.org",
"0e77703f-1f4a-4d8a-86db-f4386d849a44","D01","HOPB","HOPB.AOS.fish.point.10","2017-05-04T14:50Z","2017-05-04T15:50Z","HOPB.20170503.10.1.e-fisher",1,3,"RHIATR","Rhinichthys atratulus","species",,,,36,0.3,,"N","N","juvenile","no sample",,,"adavila@battelleecology.org",
"81686c18-38e7-45f9-a11d-42758fb43c91","D01","HOPB","HOPB.AOS.fish.point.10","2017-05-04T14:50Z","2017-05-04T15:50Z","HOPB.20170503.10.1.e-fisher",1,43,"RHIATR","Rhinichthys atratulus","species",,,,27,0.3,,"N","N","juvenile","no sample",,,"adavila@battelleecology.org",
"5a10d240-5a11-4c36-802a-7e55e35311ae","D01","HOPB","HOPB.AOS.fish.point.10","2017-05-04T14:50Z","2017-05-04T15:50Z","HOPB.20170503.10.1.e-fisher",1,9,"SEMATR","Semotilus atromaculatus","species",,,,45,1.0,,"N","N","juvenile","no sample",,,"adavila@battelleecology.org",
"4a7a6039-9b5f-4884-b07a-5551e984e9d5","D01","HOPB","HOPB.AOS.fish.point.10","2017-05-04T14:50Z","2017-05-04T15:50Z","HOPB.20170503.10.1.e-fisher",1,29,"SEMATR","Semotilus atromaculatus","species",,,,65,4.0,,"N","N","juvenile","no sample",,,"adavila@battelleecology.org",
"ad628f29-4660-451c-b4b1-7b47952b9031","D01","HOPB","HOPB.AOS.fish.point.10","2017-05-04T14:50Z","2017-05-04T15:50Z","HOPB.20170503.10.1.e-fisher",1,44,"RHIATR","Rhinichthys atratulus","species",,,,39,0.3,,"N","N","juvenile","no sample",,,"adavila@battelleecology.org",
"1e907d1b-0885-41c9-836d-1f362d6844d6","D01","HOPB","HOPB.AOS.fish.point.10","2017-05-04T14:50Z","2017-05-04T15:50Z","HOPB.20170503.10.1.e-fisher",1,12,"SEMATR","Semotilus atromaculatus","species",,,,55,2.0,,"N","N","juvenile","no sample",,,"adavila@battelleecology.org",
"39bf0a5e-6437-4a4d-be97-eecb3068933b","D01","HOPB","HOPB.AOS.fish.point.10","2017-05-04T14:50Z","2017-05-04T15:50Z","HOPB.20170503.10.1.e-fisher",1,2,"RHIATR","Rhinichthys atratulus","species",,,,70,3.0,,"N","N","adult","no sample",,,"adavila@battelleecology.org",
"a07898a1-096d-4ae6-a4dd-bfe6aeca4347","D01","HOPB","HOPB.AOS.fish.point.10","2017-05-04T14:50Z","2017-05-04T15:50Z","HOPB.20170503.10.1.e-fisher",1,42,"SEMATR","Semotilus atromaculatus","species",,,,96,10.0,,"N","N","adult","no sample",,,"adavila@battelleecology.org",
"b3f43f0a-957f-4344-b6e1-383d492e276c","D01","HOPB","HOPB.AOS.fish.point.10","2017-05-04T14:50Z","2017-05-04T15:50Z","HOPB.20170503.10.1.e-fisher",1,21,"RHIATR","Rhinichthys atratulus","species",,,,56,2.0,,"N","N","adult","no sample",,,"adavila@battelleecology.org",
"d029b20f-3ce6-4259-bf96-507a184c676e","D01","HOPB","HOPB.AOS.fish.point.10","2017-05-04T14:50Z","2017-05-04T15:50Z","HOPB.20170503.10.1.e-fisher",1,23,"SEMATR","Semotilus atromaculatus","species",,,,60,1.0,,"N","N","juvenile","no sample",,,"adavila@battelleecology.org",
"5bf81a63-67f4-40de-b486-5c29e9c740e4","D01","HOPB","HOPB.AOS.fish.point.10","2017-05-04T14:50Z","2017-05-04T15:50Z","HOPB.20170503.10.1.e-fisher",1,20,"RHIATR","Rhinichthys atratulus","species",,,,30,0.3,,"N","N","juvenile","no sample",,,"adavila@battelleecology.org",
"40b761e4-2249-4ae1-852d-d67203a05e58","D01","HOPB","HOPB.AOS.fish.point.10","2017-05-04T14:50Z","2017-05-04T15:50Z","HOPB.20170503.10.1.e-fisher",1,5,"RHIATR","Rhinichthys atratulus","species",,,,46,0.3,,"N","N","juvenile","no sample",,,"adavila@battelleecology.org",
"f9a3c666-ce14-495e-8dc0-6c9cba8987e3","D01","HOPB","HOPB.AOS.fish.point.10","2017-05-04T14:50Z","2017-05-04T15:50Z","HOPB.20170503.10.1.e-fisher",1,8,"SEMATR","Semotilus atromaculatus","species",,,,32,0.3,,"N","N","juvenile","no sample",,,"adavila@battelleecology.org",
"d9d4e399-38f1-4e9c-a0c0-225eef18d9b5","D01","HOPB","HOPB.AOS.fish.point.10","2017-05-04T14:50Z","2017-05-04T15:50Z","HOPB.20170503.10.1.e-fisher",1,25,"RHIATR","Rhinichthys atratulus","species",,,,38,0.3,"Eroded fins","N","N","juvenile","no sample",,,"adavila@battelleecology.org",
"ac1f2fe6-b424-4e95-b316-f4fb712e87ff","D01","HOPB","HOPB.AOS.fish.point.10","2017-05-04T14:50Z","2017-05-04T15:50Z","HOPB.20170503.10.1.e-fisher",1,45,"RHIATR","Rhinichthys atratulus","species",,,,55,1.0,"Deformities","N","N","juvenile","no sample",,,"adavila@battelleecology.org",
"139a39a0-6aaf-4fdf-903f-927dfdba1b0b","D01","HOPB","HOPB.AOS.fish.point.10","2017-05-04T17:20Z","2017-05-04T18:10Z","HOPB.20170503.10.2.e-fisher",2,89,"SEMATR","Semotilus atromaculatus","species",,,,96,8.0,,"N","N","adult","no sample",,,"adavila@battelleecology.org",
"6806814a-62ba-442a-8b32-5ed575a31d66","D01","HOPB","HOPB.AOS.fish.point.10","2017-05-04T17:20Z","2017-05-04T18:10Z","HOPB.20170503.10.2.e-fisher",2,75,"RHIATR","Rhinichthys atratulus","species",,,,31,0.3,,"N","N","juvenile","no sample",,,"adavila@battelleecology.org",
"b4f03b84-24b1-474d-853f-4348afa6d96e","D01","HOPB","HOPB.AOS.fish.point.10","2017-05-04T17:20Z","2017-05-04T18:10Z","HOPB.20170503.10.2.e-fisher",2,87,"RHIATR","Rhinichthys atratulus","species",,,,33,0.3,,"N","N","juvenile","no sample",,,"adavila@battelleecology.org",
"6f636980-5aed-4cc0-a3f3-9a1628dd6b32","D01","HOPB","HOPB.AOS.fish.point.10","2017-05-04T17:20Z","2017-05-04T18:10Z","HOPB.20170503.10.2.e-fisher",2,94,"SEMATR","Semotilus atromaculatus","species",,,,37,0.3,,"N","N","juvenile","no sample",,,"adavila@battelleecology.org",
"cba475d9-74c3-4aab-954f-82aa02293192","D01","HOPB","HOPB.AOS.fish.point.10","2017-05-04T17:20Z","2017-05-04T18:10Z","HOPB.20170503.10.2.e-fisher",2,98,"SEMATR","Semotilus atromaculatus","species",,,,32,0.3,"Eroded fins","N","N","juvenile","no sample",,,"adavila@battelleecology.org",
"2bbc46fb-d641-493d-a5bf-aff8c411c3c3","D01","HOPB","HOPB.AOS.fish.point.10","2017-05-04T17:20Z","2017-05-04T18:10Z","HOPB.20170503.10.2.e-fisher",2,81,"RHIATR","Rhinichthys atratulus","species",,,,66,3.0,,"N","N","adult","no sample",,,"adavila@battelleecology.org",
"0623feb6-1ab0-480a-891a-bf5da092ae00","D01","HOPB","HOPB.AOS.fish.point.10","2017-05-04T17:20Z","2017-05-04T18:10Z","HOPB.20170503.10.2.e-fisher",2,95,"SEMATR","Semotilus atromaculatus","species",,,,34,0.3,,"N","N","juvenile","no sample",,,"adavila@battelleecology.org",
"67b6ce69-d1c6-4259-baba-779236f232d8","D01","HOPB","HOPB.AOS.fish.point.10","2017-05-04T17:20Z","2017-05-04T18:10Z","HOPB.20170503.10.2.e-fisher",2,73,"SEMATR","Semotilus atromaculatus","species",,,,94,9.0,,"N","N","adult","no sample",,,"adavila@battelleecology.org",
"244812c8-c996-4bad-b6b9-35be2cadce8d","D01","HOPB","HOPB.AOS.fish.point.10","2017-05-04T17:20Z","2017-05-04T18:10Z","HOPB.20170503.10.2.e-fisher",2,79,"RHIATR","Rhinichthys atratulus","species",,,,45,0.3,,"N","N","juvenile","no sample",,,"adavila@battelleecology.org",
"725b2c86-fc07-439c-9355-dea3c539e0c2","D01","HOPB","HOPB.AOS.fish.point.10","2017-05-04T17:20Z","2017-05-04T18:10Z","HOPB.20170503.10.2.e-fisher",2,88,"RHIATR","Rhinichthys atratulus","species",,,,28,0.3,,"N","N","juvenile","no sample",,,"adavila@battelleecology.org",
"c627c056-6d9e-46d7-b265-212b381aa19c","D01","HOPB","HOPB.AOS.fish.point.10","2017-05-04T17:20Z","2017-05-04T18:10Z","HOPB.20170503.10.2.e-fisher",2,77,"SEMATR","Semotilus atromaculatus","species",,,,47,0.3,,"N","N","juvenile","no sample",,,"adavila@battelleecology.org",
"6090cfc3-70df-4cc3-adba-4325aed8a146","D01","HOPB","HOPB.AOS.fish.point.10","2017-05-04T17:20Z","2017-05-04T18:10Z","HOPB.20170503.10.2.e-fisher",2,83,"RHIATR","Rhinichthys atratulus","species",,,,30,0.3,,"N","N","juvenile","no sample",,,"adavila@battelleecology.org",
"6ee4ef0c-680b-4900-ba0f-8f5b62e22612","D01","HOPB","HOPB.AOS.fish.point.10","2017-05-04T17:20Z","2017-05-04T18:10Z","HOPB.20170503.10.2.e-fisher",2,85,"SEMATR","Semotilus atromaculatus","species",,,,35,0.3,,"N","N","juvenile","no sample",,,"adavila@battelleecology.org",
"a10379d5-e068-43b6-be60-f0b733d11dac","D01","HOPB","HOPB.AOS.fish.point.10","2017-05-04T17:20Z","2017-05-04T18:10Z","HOPB.20170503.10.2.e-fisher",2,99,"SEMATR","Semotilus atromaculatus","species",,,,36,0.3,,"N","N","juvenile","no sample",,,"adavila@battelleecology.org",
"940deb98-a1ec-4d72-a0d3-aa17fe62bb1f","D01","HOPB","HOPB.AOS.fish.point.10","2017-05-04T17:20Z","2017-05-04T18:10Z","HOPB.20170503.10.2.e-fisher",2,93,"SALTRU","Salmo trutta","species",,,,150,29.0,,"N","N","juvenile","no sample",,,"adavila@battelleecology.org",
"47d3cba9-2c95-49ba-8a7f-6405f896ebda","D01","HOPB","HOPB.AOS.fish.point.10","2017-05-04T17:20Z","2017-05-04T18:10Z","HOPB.20170503.10.2.e-fisher",2,91,"SEMATR","Semotilus atromaculatus","species",,,,67,2.0,,"N","N","juvenile","no sample",,,"adavila@battelleecology.org",
"edc4cef9-10e3-49fa-8acd-209c944dc6fc","D01","HOPB","HOPB.AOS.fish.point.10","2017-05-04T17:20Z","2017-05-04T18:10Z","HOPB.20170503.10.2.e-fisher",2,76,"RHIATR","Rhinichthys atratulus","species",,,,67,3.0,,"N","N","adult","no sample",,,"adavila@battelleecology.org",
"d1b6c3cb-8a06-4e1a-92f2-f2398b5df090","D01","HOPB","HOPB.AOS.fish.point.10","2017-05-04T17:20Z","2017-05-04T18:10Z","HOPB.20170503.10.2.e-fisher",2,92,"SEMATR","Semotilus atromaculatus","species",,,,30,0.3,,"N","N","juvenile","no sample",,,"adavila@battelleecology.org",
"1fded6c1-7ea9-49df-8dbc-e5c124b19f16","D01","HOPB","HOPB.AOS.fish.point.10","2017-05-04T17:20Z","2017-05-04T18:10Z","HOPB.20170503.10.2.e-fisher",2,84,"SEMATR","Semotilus atromaculatus","species",,,,56,1.0,,"N","N","juvenile","no sample",,,"adavila@battelleecology.org",
"48738c44-e89f-46a3-a83d-7817e50e29e2","D01","HOPB","HOPB.AOS.fish.point.10","2017-05-04T17:20Z","2017-05-04T18:10Z","HOPB.20170503.10.2.e-fisher",2,86,"SEMATR","Semotilus atromaculatus","species",,,,45,0.3,,"N","N","juvenile","no sample",,,"adavila@battelleecology.org",
"f0ae7c0b-7930-47f8-88ef-0c092e2570ac","D01","HOPB","HOPB.AOS.fish.point.10","2017-05-04T17:20Z","2017-05-04T18:10Z","HOPB.20170503.10.2.e-fisher",2,102,"SEMATR","Semotilus atromaculatus","species",,,,97,8.0,,"N","N","adult","no sample",,,"adavila@battelleecology.org",
"cbaa1014-96df-4aa0-a4c0-cc16f0ed15b3","D01","HOPB","HOPB.AOS.fish.point.10","2017-05-04T17:20Z","2017-05-04T18:10Z","HOPB.20170503.10.2.e-fisher",2,105,"SALFON","Salvelinus fontinalis","species",,,,215,94.0,,"N","N","juvenile","no sample",,,"adavila@battelleecology.org",
"a2ea5d52-95e8-4272-9ab9-7a8253841055","D01","HOPB","HOPB.AOS.fish.point.10","2017-05-04T17:20Z","2017-05-04T18:10Z","HOPB.20170503.10.2.e-fisher",2,104,"SEMATR","Semotilus atromaculatus","species",,,,36,0.3,,"N","N","juvenile","no sample",,,"adavila@battelleecology.org",
"7c9aa5d7-31fd-4d37-9b1e-921b901b9e2d","D01","HOPB","HOPB.AOS.fish.point.10","2017-05-04T17:20Z","2017-05-04T18:10Z","HOPB.20170503.10.2.e-fisher",2,101,"SEMATR","Semotilus atromaculatus","species",,,,55,2.0,,"N","N","juvenile","no sample",,,"adavila@battelleecology.org",
"9fbdfffe-fc96-4581-8a25-fdb95c70951a","D01","HOPB","HOPB.AOS.fish.point.10","2017-05-04T17:20Z","2017-05-04T18:10Z","HOPB.20170503.10.2.e-fisher",2,103,"SEMATR","Semotilus atromaculatus","species",,,,42,0.3,,"N","N","juvenile","no sample",,,"adavila@battelleecology.org",
"872f7cc5-bd0f-47df-9d8d-875433facf34","D01","HOPB","HOPB.AOS.fish.point.10","2017-05-04T17:20Z","2017-05-04T18:10Z","HOPB.20170503.10.2.e-fisher",2,80,"RHIATR","Rhinichthys atratulus","species",,,,58,2.0,,"N","N","adult","no sample",,,"adavila@battelleecology.org",
"8d1f53c8-f402-4011-bace-fb99a529366c","D01","HOPB","HOPB.AOS.fish.point.10","2017-05-04T17:20Z","2017-05-04T18:10Z","HOPB.20170503.10.2.e-fisher",2,78,"SEMATR","Semotilus atromaculatus","species",,,,28,0.3,,"N","N","juvenile","no sample",,,"adavila@battelleecology.org",
"975104a2-b70d-4b87-996e-5e47c991838b","D01","HOPB","HOPB.AOS.fish.point.10","2017-05-04T17:20Z","2017-05-04T18:10Z","HOPB.20170503.10.2.e-fisher",2,97,"SEMATR","Semotilus atromaculatus","species",,,,37,0.3,,"N","N","juvenile","no sample",,,"adavila@battelleecology.org",
"a5b9a5d1-32ea-40de-b4e2-a0da22538e25","D01","HOPB","HOPB.AOS.fish.point.10","2017-05-04T17:20Z","2017-05-04T18:10Z","HOPB.20170503.10.2.e-fisher",2,82,"SEMATR","Semotilus atromaculatus","species",,,,42,0.3,,"N","N","juvenile","no sample",,,"adavila@battelleecology.org",
"8c8094b5-b423-431c-b683-524366724337","D01","HOPB","HOPB.AOS.fish.point.10","2017-05-04T17:20Z","2017-05-04T18:10Z","HOPB.20170503.10.2.e-fisher",2,96,"SEMATR","Semotilus atromaculatus","species",,,,32,0.3,,"N","N","juvenile","no sample",,,"adavila@battelleecology.org",
"0354f9fc-b946-4ae5-b694-d8f8de59f1f1","D01","HOPB","HOPB.AOS.fish.point.10","2017-05-04T17:20Z","2017-05-04T18:10Z","HOPB.20170503.10.2.e-fisher",2,90,"SEMATR","Semotilus atromaculatus","species",,,,34,0.3,,"N","N","juvenile","no sample",,,"adavila@battelleecology.org",
"877509f4-26ca-49a6-9fe5-4c37d4c52c96","D01","HOPB","HOPB.AOS.fish.point.10","2017-05-04T17:20Z","2017-05-04T18:10Z","HOPB.20170503.10.2.e-fisher",2,100,"SEMATR","Semotilus atromaculatus","species",,,,61,2.0,,"N","N","juvenile","no sample",,,"adavila@battelleecology.org",
"845d8819-f782-4301-973c-655c87d05ad6","D01","HOPB","HOPB.AOS.fish.point.10","2017-05-04T17:20Z","2017-05-04T18:10Z","HOPB.20170503.10.2.e-fisher",2,74,"SEMATR","Semotilus atromaculatus","species",,,,34,0.3,,"N","N","juvenile","no sample",,,"adavila@battelleecology.org",
"decd325c-233f-4f97-9d0d-a2a8d79d038f","D01","HOPB","HOPB.AOS.fish.point.10","2017-05-04T18:50Z","2017-05-04T19:50Z","HOPB.20170503.10.3.e-fisher",3,106,"SALFON","Salvelinus fontinalis","species",,,,138,23.0,,"N","N","juvenile","no sample",,,"adavila@battelleecology.org",
