uid,domainID,siteID,namedLocation,aquaticSiteType,decimalLatitude,decimalLongitude,coordinateUncertainty,elevation,elevationUncertainty,geodeticDatum,startDate,endDate,reachID,samplingProtocolVersion,samplingImpractical,reachCondition,measuredReachLength,fixedRandomReach,identifiedBy,aCollectedBy,bCollectedBy,cCollectedBy,remarks
"184f6481-6207-45e1-a5d7-d1b0650a1968","D01","HOPB","HOPB.AOS.fish.point.01","stream",42.471345,-72.324802,0.3,189.7,0.5,"WGS84","2017-05-01","2017-05-01","HOPB.20170501.01","NEON.DOC.001296vC",,"normal flow",90.0,"random","adavila@battelleecology.org","jcoleman@battelleecology.org","ramundson@battelleecology.org",,
"ec1fcd31-ba65-48f1-b86b-a84ee349e7e7","D01","HOPB","HOPB.AOS.fish.point.02","stream",42.471345,-72.325855,0.5,193.4,1.6,"WGS84","2017-05-01","2017-05-01","HOPB.20170501.02","NEON.DOC.001296vC",,,110.0,"random","adavila@battelleecology.org","jcoleman@battelleecology.org","ramundson@battelleecology.org",,
"df9db8ca-595f-4d87-885e-d7f7771da4aa","D01","HOPB","HOPB.AOS.fish.point.04","stream",42.471863,-72.328095,0.4,202.1,0.6,"WGS84","2017-05-02","2017-05-02","HOPB.20170502.04","NEON.DOC.001296vC",,,80.0,"fixed","adavila@battelleecology.org","jcoleman@battelleecology.org","ramundson@battelleecology.org",,
"4daa671c-69f4-471b-8f54-425bd475f988","D01","HOPB","HOPB.AOS.fish.point.08","stream",42.472372,-72.331594,0.2,209.5,0.3,"WGS84","2017-05-03","2017-05-03","HOPB.20170503.08","NEON.DOC.001296vC",,,120.0,"random","adavila@battelleecology.org","jcoleman@battelleecology.org","ramundson@battelleecology.org",,
"a3e43b80-2bd4-4e26-98e2-924f936aea80","D01","HOPB","HOPB.AOS.fish.point.06","stream",42.471703,-72.329882,0.4,225.9,0.6,"WGS84","2017-05-03","2017-05-03","HOPB.20170503.06","NEON.DOC.001296vC",,,80.0,"fixed","adavila@battelleecology.org","jcoleman@battelleecology.org","ramundson@battelleecology.org",,
"b9519877-4f15-459e-9aef-da5cbc328736","D01","HOPB","HOPB.AOS.fish.point.10","stream",42.473425,-72.331693,0.1,211.8,0.1,"WGS84","2017-05-04","2017-05-04","HOPB.20170503.10","NEON.DOC.001296vC",,,120.0,"fixed","adavila@battelleecology.org","jcoleman@battelleecology.org","ramundson@battelleecology.org",,
