uid,domainID,siteID,namedLocation,passStartTime,passEndTime,passNumber,eventID,taxonID,scientificName,morphospeciesID,bulkFishCount,actualOrEstimated,identificationQualifier,identifiedBy,remarks
"9c5c080e-88fc-4f9f-9dec-e05cfb4f3054","D01","HOPB","HOPB.AOS.fish.point.08","2017-05-03T18:30Z","2017-05-03T19:40Z",1,"HOPB.20170503.08.1.e-fisher","SEMATR","Semotilus atromaculatus",,10,"actual",,"adavila@battelleecology.org",
"3ae62c4f-79c9-4f33-ba8c-16b5b0803a01","D01","HOPB","HOPB.AOS.fish.point.08","2017-05-03T18:30Z","2017-05-03T19:40Z",1,"HOPB.20170503.08.1.e-fisher","RHIATR","Rhinichthys atratulus",,27,"actual",,"adavila@battelleecology.org",
"c3762e79-64ef-4ce6-9377-8706070b68c1","D01","HOPB","HOPB.AOS.fish.point.10","2017-05-04T14:50Z","2017-05-04T15:50Z",1,"HOPB.20170503.10.1.e-fisher","RHIATR","Rhinichthys atratulus",,15,"actual",,"adavila@battelleecology.org",
"a7a76c9d-5e43-4b88-b2ac-b00ee82eed38","D01","HOPB","HOPB.AOS.fish.point.10","2017-05-04T17:20Z","2017-05-04T18:10Z",3,"HOPB.20170503.10.2.e-fisher","SEMATR","Semotilus atromaculatus",,15,"actual",,"adavila@battelleecology.org",
"ccfae44a-5afc-4a6e-a199-cb842c0e3472","D01","HOPB","HOPB.AOS.fish.point.10","2017-05-04T17:20Z","2017-05-04T18:10Z",2,"HOPB.20170503.10.2.e-fisher","RHIATR","Rhinichthys atratulus",,13,"actual",,"adavila@battelleecology.org",
"589fbce6-ed78-4353-a61a-5651b4c76b46","D01","HOPB","HOPB.AOS.fish.point.10","2017-05-04T18:50Z","2017-05-04T19:50Z",3,"HOPB.20170503.10.3.e-fisher","SEMATR","Semotilus atromaculatus",,17,"actual",,"adavila@battelleecology.org",
"b4e7b71f-c4bb-4154-a39e-e9b33e14d54b","D01","HOPB","HOPB.AOS.fish.point.10","2017-05-04T18:50Z","2017-05-04T19:50Z",3,"HOPB.20170503.10.3.e-fisher","RHIATR","Rhinichthys atratulus",,15,"actual",,"adavila@battelleecology.org",
