uid,domainID,siteID,namedLocation,passStartTime,passEndTime,passNumber,reachID,eventID,waterTemp,dissolvedOxygen,specificConductance,samplerType,habitatType,subdominantHabitatType,initialFrequency,initialDutyCycle,initialVoltage,finalFrequency,finalDutyCycle,finalVoltage,efTime,settingsChanged,initialFrequency2,initialDutyCycle2,initialVoltage2,finalFrequency2,finalDutyCycle2,finalVoltage2,efTime2,settingsChanged2,netIntegrity,netSetTime,netEndTime,netDeploymentTime,netLength,netDepth,targetTaxaPresent,remarks
"dbc1093b-4b29-490a-8b7f-d2b89d99fa2d","D01","HOPB","HOPB.AOS.fish.point.01","2017-05-01T14:45Z","2017-05-01T15:35Z",1,"HOPB.20170501.01","HOPB.20170501.01.1.e-fisher",10.1,10.2,107.1,"electrofisher","pool","step pool",30,10,400,30,10,400,1701,0,,,,,,,,,"Not compromised",,,,,,"Y",
"726287ba-cc8a-449b-ac9e-c79088ef3cbc","D01","HOPB","HOPB.AOS.fish.point.02","2017-05-01T17:40Z","2017-05-01T18:05Z",1,"HOPB.20170501.02","HOPB.20170501.02.1.e-fisher",11.8,9.9,103.3,"electrofisher","riffle","step pool",30,10,300,30,10,300,1616,0,,,,,,,,,"Not compromised",,,,,,"Y",
"30b08e3f-c30d-4064-a14e-c601e68b8bb5","D01","HOPB","HOPB.AOS.fish.point.04","2017-05-02T15:00Z","2017-05-02T15:50Z",1,"HOPB.20170502.04","HOPB.20170502.04.1.e-fisher",10.5,10.1,109.8,"electrofisher","pool","step pool",30,10,300,30,10,300,1319,0,,,,,,,,,">10% compromised",,,,,,"Y","Overcast and rainy. Had a hard time creating a seal with the nets, they kept getting washed away with highflow. Netting and passing were consistent, unsure of why more fish caught during third pass."
"0cfcd3bc-f485-4d27-9ca6-d24b131eeb7c","D01","HOPB","HOPB.AOS.fish.point.04","2017-05-02T16:40Z","2017-05-02T17:30Z",2,"HOPB.20170502.04","HOPB.20170502.04.2.e-fisher",10.5,10.1,109.8,"electrofisher","pool","step pool",30,10,300,30,10,300,1129,0,,,,,,,,,">10% compromised",,,,,,"Y","Overcast and rainy. Had a hard time creating a seal with the nets, they kept getting washed away with highflow. Netting and passing were consistent, unsure of why more fish caught during third pass."
"0d9acc59-5aa3-4f7d-86c6-014d91b97a7a","D01","HOPB","HOPB.AOS.fish.point.04","2017-05-02T18:00Z","2017-05-02T18:45Z",3,"HOPB.20170502.04","HOPB.20170502.04.3.e-fisher",10.5,10.1,109.8,"electrofisher","pool","step pool",30,10,300,30,10,300,1176,0,,,,,,,,,">10% compromised",,,,,,"Y","Sunny. Had a hard time creating a seal with the nets, they kept getting washed away with highflow. Netting and passing were consistent, unsure of why more fish caught during third pass."
"bbf5f46b-4077-49cb-a12b-942e033c421e","D01","HOPB","HOPB.AOS.fish.point.06","2017-05-03T13:50Z","2017-05-03T14:45Z",1,"HOPB.20170503.06","HOPB.20170503.06.1.e-fisher",13.0,7.7,97.4,"electrofisher","riffle","step pool",30,10,400,30,10,400,1154,0,,,,,,,,,"Not compromised",,,,,,"Y",
"4f5e5ce8-64de-44b2-b20b-a2996e0e8ab5","D01","HOPB","HOPB.AOS.fish.point.06","2017-05-03T14:30Z","2017-05-03T16:00Z",2,"HOPB.20170503.06","HOPB.20170503.06.2.e-fisher",13.0,7.7,97.4,"electrofisher","riffle","step pool",30,10,400,30,10,400,800,0,,,,,,,,,"Not compromised",,,,,,"Y",
"1126e7cc-4c7e-43a1-be61-50442f54008d","D01","HOPB","HOPB.AOS.fish.point.06","2017-05-03T16:40Z","2017-05-03T17:05Z",3,"HOPB.20170503.06","HOPB.20170503.06.3.e-fisher",13.0,7.7,97.4,"electrofisher","riffle","step pool",30,10,400,30,10,400,942,0,,,,,,,,,"Not compromised",,,,,,"Y",
"f09e00d9-98fb-449d-9d6a-7f185532a785","D01","HOPB","HOPB.AOS.fish.point.08","2017-05-03T18:30Z","2017-05-03T19:40Z",1,"HOPB.20170503.08","HOPB.20170503.08.1.e-fisher",12.9,9.4,107.6,"electrofisher","riffle","pool",30,10,400,30,10,400,2061,0,,,,,,,,,"Not compromised",,,,,,"Y",
"5afc7da1-76e5-4c49-9113-02d235dc174b","D01","HOPB","HOPB.AOS.fish.point.10","2017-05-04T14:50Z","2017-05-04T15:50Z",1,"HOPB.20170503.10","HOPB.20170503.10.1.e-fisher",13.1,9.5,97.6,"electrofisher","riffle","pool",30,10,400,30,10,400,858,0,,,,,,,,,"Not compromised",,,,,,"Y",
"4dd83c06-e3fe-4e98-9140-e7fb51abe53f","D01","HOPB","HOPB.AOS.fish.point.10","2017-05-04T17:20Z","2017-05-04T18:10Z",2,"HOPB.20170503.10","HOPB.20170503.10.2.e-fisher",13.1,9.5,97.6,"electrofisher","riffle","pool",30,10,400,30,10,400,942,0,,,,,,,,,"Not compromised",,,,,,"Y",
"ebb1be15-2072-45d9-adef-38314b993ad7","D01","HOPB","HOPB.AOS.fish.point.10","2017-05-04T18:50Z","2017-05-04T19:50Z",3,"HOPB.20170503.10","HOPB.20170503.10.3.e-fisher",13.1,9.5,97.6,"electrofisher","riffle","pool",30,10,400,30,10,400,971,0,,,,,,,,,"Not compromised",,,,,,"Y",
