uid,domainID,siteID,namedLocation,passStartTime,passEndTime,passNumber,reachID,eventID,waterTemp,dissolvedOxygen,specificConductance,samplerType,habitatType,subdominantHabitatType,initialFrequency,initialDutyCycle,initialVoltage,finalFrequency,finalDutyCycle,finalVoltage,efTime,settingsChanged,initialFrequency2,initialDutyCycle2,initialVoltage2,finalFrequency2,finalDutyCycle2,finalVoltage2,efTime2,settingsChanged2,netIntegrity,netSetTime,netEndTime,netDeploymentTime,netLength,netDepth,targetTaxaPresent,remarks
"4cfbd965-b03c-49b0-8738-9f306053dd7b","D01","HOPB","HOPB.AOS.fish.point.04","2018-10-22T17:12Z","2018-10-22T18:43Z",1,"HOPB.20181022.04","HOPB.20181022.04.1.e-fisher",6.0,12.1,82.0,"electrofisher","riffle","pool",30,20,300,30,20,300,2285,,,,,,,,,,"<10% compromised",,,,,,"Y",
"c183a45c-e3e4-4fdf-9e69-0c6b3b5811dd","D01","HOPB","HOPB.AOS.fish.point.04","2018-10-22T19:21Z","2018-10-22T20:12Z",2,"HOPB.20181022.04","HOPB.20181022.04.2.e-fisher",6.8,12.2,82.1,"electrofisher","riffle","pool",30,20,300,30,20,300,1258,,,,,,,,,,"Not compromised",,,,,,"Y",
"bf31ec25-e536-4598-a121-618902bee774","D01","HOPB","HOPB.AOS.fish.point.04","2018-10-22T20:36Z","2018-10-22T21:14Z",3,"HOPB.20181022.04","HOPB.20181022.04.3.e-fisher",6.9,12.1,75.6,"electrofisher","riffle","pool",30,20,300,30,20,300,1034,0,,,,,,,,,"Not compromised",,,,,,"Y",
"1f2ac3b7-cf1c-49ff-968c-58e1e102f143","D01","HOPB","HOPB.AOS.fish.point.05","2018-10-23T13:32Z","2018-10-23T14:55Z",1,"HOPB.20181023.05","HOPB.20181023.05.1.e-fisher",6.5,11.8,81.6,"electrofisher","riffle","pool",30,20,300,30,20,300,2297,0,,,,,,,,,"Not compromised",,,,,,"Y",
"8f5f730b-4654-441e-8e95-1faa8078919b","D01","HOPB","HOPB.AOS.fish.point.06","2018-10-23T16:09Z","2018-10-23T17:01Z",1,"HOPB.20181023.06","HOPB.20181023.06.1.e-fisher",7.4,11.5,81.8,"electrofisher","riffle","pool",30,20,300,30,20,300,1619,,,,,,,,,,"<10% compromised",,,,,,"Y",
"d408b85c-07ce-44f8-ae02-50ffb9e4407d","D01","HOPB","HOPB.AOS.fish.point.06","2018-10-23T17:32Z","2018-10-23T19:02Z",2,"HOPB.20181023.06","HOPB.20181023.06.2.e-fisher",7.9,11.5,81.8,"electrofisher","riffle","pool",30,20,300,30,20,300,1295,,,,,,,,,,"<10% compromised",,,,,,"Y",
"b62977ce-ef48-4271-9cba-421880f822c9","D01","HOPB","HOPB.AOS.fish.point.06","2018-10-23T19:18Z","2018-10-23T20:52Z",3,"HOPB.20181023.06","HOPB.20181023.06.3.e-fisher",8.2,11.3,82.2,"electrofisher","riffle","pool",30,20,300,30,20,300,1112,0,,,,,,,,,"<10% compromised",,,,,,"Y",
"763b3c02-5326-4e5d-a486-0f21e717cc82","D01","HOPB","HOPB.AOS.fish.point.07","2018-10-24T13:28Z","2018-10-24T15:04Z",1,"HOPB.20181024.07","HOPB.20181024.07.1.e-fisher",7.7,11.6,83.2,"electrofisher","riffle","pool",30,20,300,30,20,300,1970,,,,,,,,,,">10% compromised",,,,,,"Y",
"87618c23-75cd-4b05-9fca-07d56c839373","D01","HOPB","HOPB.AOS.fish.point.09","2018-10-24T17:30Z","2018-10-24T18:30Z",1,"HOPB.20181024.09","HOPB.20181024.09.1.e-fisher",8.3,11.8,83.4,"electrofisher","riffle","pool",30,20,300,30,20,300,1486,,,,,,,,,,"Not compromised",,,,,,"Y",
"341c09ce-3edb-4712-907f-46bfc8531b95","D01","HOPB","HOPB.AOS.fish.point.10","2018-10-25T14:25Z","2018-10-25T15:42Z",1,"HOPB.20181025.10","HOPB.20181025.10.1.e-fisher",6.3,12.1,84.0,"electrofisher","riffle","pool",30,20,300,30,20,300,2114,0,,,,,,,,,"<10% compromised",,,,,,"Y",
"714b51aa-2c65-4d1e-96c0-0bf967242947","D01","HOPB","HOPB.AOS.fish.point.10","2018-10-25T17:00Z","2018-10-25T18:39Z",2,"HOPB.20181025.10","HOPB.20181025.10.2.e-fisher",7.1,11.7,83.9,"electrofisher","riffle","pool",30,20,300,30,20,300,1855,,,,,,,,,,"Not compromised",,,,,,"Y",
"b5e92fb6-2075-4fa9-9022-e007cbe04eb8","D01","HOPB","HOPB.AOS.fish.point.10","2018-10-25T19:35Z","2018-10-25T20:14Z",3,"HOPB.20181025.10","HOPB.20181025.10.3.e-fisher",7.1,11.6,84.1,"electrofisher","riffle","pool",30,20,300,30,20,300,1180,,,,,,,,,,"Not compromised",,,,,,"Y",
