uid,domainID,siteID,namedLocation,aquaticSiteType,decimalLatitude,decimalLongitude,coordinateUncertainty,elevation,elevationUncertainty,geodeticDatum,startDate,endDate,reachID,samplingProtocolVersion,samplingImpractical,reachCondition,measuredReachLength,fixedRandomReach,identifiedBy,aCollectedBy,bCollectedBy,cCollectedBy,remarks
"460bcbd7-2f20-4ec7-b446-3ffd1fac502a","D01","HOPB","HOPB.AOS.fish.point.04","stream",42.471863,-72.328095,0.4,202.1,0.6,"WGS84","2018-10-22","2018-10-22","HOPB.20181022.04","NEON.DOC.001295vD",,"normal flow",80.0,"fixed","rwilliams@battelleecology.org","rwilliams@battelleecology.org","ewallis@battelleecology.org","jlerner@battelleecology.org",
"7dcdbcc6-86fd-4654-a3a6-5231e4dfe56c","D01","HOPB","HOPB.AOS.fish.point.05","stream",42.472170,-72.329040,0.3,207.9,0.3,"WGS84","2018-10-23","2018-10-23","HOPB.20181023.05","NEON.DOC.001295vD",,"normal flow",95.0,"random","rwilliams@battelleecology.org","rwilliams@battelleecology.org","ewallis@battelleecology.org","jlerner@battelleecology.org",
"81dfe8ab-a844-4a8f-9b76-478f2d646541","D01","HOPB","HOPB.AOS.fish.point.06","stream",42.471703,-72.329882,0.4,225.9,0.6,"WGS84","2018-10-23","2018-10-23","HOPB.20181023.06","NEON.DOC.001295vD",,"normal flow",82.0,"fixed","rwilliams@battelleecology.org","rwilliams@battelleecology.org","ewallis@battelleecology.org","jlerner@battelleecology.org",
"649858d5-87be-4d31-a43d-1bd63980fb4c","D01","HOPB","HOPB.AOS.fish.point.07","stream",42.471835,-72.330872,0.9,221.7,1.8,"WGS84","2018-10-24","2018-10-24","HOPB.20181024.07","NEON.DOC.001295vD",,"normal flow",95.0,"random","rwilliams@battelleecology.org","rwilliams@battelleecology.org","ewallis@battelleecology.org","jlerner@battelleecology.org",
"9a7d5bf5-8b6d-4cd7-8afa-1b8ed8e85af4","D01","HOPB","HOPB.AOS.fish.point.09","stream",42.473116,-72.330784,0.3,210.5,0.4,"WGS84","2018-10-24","2018-10-24","HOPB.20181024.09","NEON.DOC.001295vD",,"normal flow",81.0,"random","rwilliams@battelleecology.org","rwilliams@battelleecology.org","ewallis@battelleecology.org","jlerner@battelleecology.org",
"c77dca5e-d7d4-4919-acb3-eb3740b920d0","D01","HOPB","HOPB.AOS.fish.point.10","stream",42.473425,-72.331693,0.1,211.8,0.1,"WGS84","2018-10-25","2018-10-25","HOPB.20181025.10","NEON.DOC.001295vD",,"normal flow",99.0,"fixed","rwilliams@battelleecology.org","rwilliams@battelleecology.org","ewallis@battelleecology.org","jlerner@battelleecology.org",
