uid,domainID,siteID,namedLocation,passStartTime,passEndTime,eventID,passNumber,specimenNumber,taxonID,scientificName,taxonRank,morphospeciesID,morphospeciesIDRemarks,identificationQualifier,fishTotalLength,fishWeight,delt,efMortality,efInjury,fishLifeStage,sampleTypeCollected,voucherSampleID,dnaSampleID,identifiedBy,remarks
"03fb3ec1-8067-418f-8b9e-fa4fa832c158","D01","HOPB","HOPB.AOS.fish.point.04","2021-10-29T14:20Z","2021-10-29T15:54Z","HOPB.20211029.04.1.e-fisher",1,27,"RHIATR","Rhinichthys atratulus","species",,,,80,4.8,,,,"adult","dna sample only","FSH.HOPB.04.20211029.1.0027","FSH.HOPB.04.20211029.1.0027.DNA","0000-0003-4958-6412",
"6a8c0db0-11a9-463c-8595-e2ea251f79cd","D01","HOPB","HOPB.AOS.fish.point.04","2021-10-29T14:20Z","2021-10-29T15:54Z","HOPB.20211029.04.1.e-fisher",1,7,"SEMATR","Semotilus atromaculatus","species",,,,65,2.3,,,,"juvenile","no sample",,,"0000-0003-4958-6412",
"c04172db-d1f2-492c-9d21-f97deab616a7","D01","HOPB","HOPB.AOS.fish.point.04","2021-10-29T14:20Z","2021-10-29T15:54Z","HOPB.20211029.04.1.e-fisher",1,5,"RHIATR","Rhinichthys atratulus","species",,,,36,0.7,,,,"juvenile","no sample",,,"0000-0003-4958-6412",
"fc95afb5-08c2-4094-bfa7-4d871cffdaf0","D01","HOPB","HOPB.AOS.fish.point.04","2021-10-29T14:20Z","2021-10-29T15:54Z","HOPB.20211029.04.1.e-fisher",1,30,"RHIATR","Rhinichthys atratulus","species",,,,72,3.7,,,,"adult","dna sample only","FSH.HOPB.04.20211029.1.0030","FSH.HOPB.04.20211029.1.0030.DNA","0000-0003-4958-6412",
"ffae6934-8ae9-43f1-b3db-19e6f3e007dd","D01","HOPB","HOPB.AOS.fish.point.04","2021-10-29T14:20Z","2021-10-29T15:54Z","HOPB.20211029.04.1.e-fisher",1,12,"SEMATR","Semotilus atromaculatus","species",,,,45,1.0,,,,"juvenile","no sample",,,"0000-0003-4958-6412",
"0a58ce91-20a0-41ef-a176-0af8f71dffdc","D01","HOPB","HOPB.AOS.fish.point.04","2021-10-29T14:20Z","2021-10-29T15:54Z","HOPB.20211029.04.1.e-fisher",1,6,"SEMATR","Semotilus atromaculatus","species",,,,85,7.6,,,,"adult","no sample",,,"0000-0003-4958-6412",
"8c363b39-e1ec-4f36-b1c5-82b709386fcb","D01","HOPB","HOPB.AOS.fish.point.04","2021-10-29T14:20Z","2021-10-29T15:54Z","HOPB.20211029.04.1.e-fisher",1,15,"RHIATR","Rhinichthys atratulus","species",,,,55,1.3,,,,"juvenile","no sample",,,"0000-0003-4958-6412",
"04897acc-9eae-40cf-929c-f55a97b8a08c","D01","HOPB","HOPB.AOS.fish.point.04","2021-10-29T14:20Z","2021-10-29T15:54Z","HOPB.20211029.04.1.e-fisher",1,10,"RHIATR","Rhinichthys atratulus","species",,,,72,3.2,,,,"adult","no sample",,,"0000-0003-4958-6412",
"f2e46de3-bc77-4b17-801d-1787dd21661e","D01","HOPB","HOPB.AOS.fish.point.04","2021-10-29T14:20Z","2021-10-29T15:54Z","HOPB.20211029.04.1.e-fisher",1,1,"RHIATR","Rhinichthys atratulus","species",,,,34,0.3,,,,"juvenile","no sample",,,"0000-0003-4958-6412",
"4c7d0f0e-791b-4f4b-90a1-cc85f57840f0","D01","HOPB","HOPB.AOS.fish.point.04","2021-10-29T14:20Z","2021-10-29T15:54Z","HOPB.20211029.04.1.e-fisher",1,28,"RHIATR","Rhinichthys atratulus","species",,,,68,3.7,"Eroded fins",,,"adult","dna sample only","FSH.HOPB.04.20211029.1.0028","FSH.HOPB.04.20211029.1.0028.DNA","0000-0003-4958-6412",
"cbd77ee1-d76a-4f0b-9240-f1fa17c65af7","D01","HOPB","HOPB.AOS.fish.point.04","2021-10-29T14:20Z","2021-10-29T15:54Z","HOPB.20211029.04.1.e-fisher",1,19,"RHIATR","Rhinichthys atratulus","species",,,,58,1.8,,,,"adult","no sample",,,"0000-0003-4958-6412",
"8616bb1b-2d21-4e67-a270-9ba06e2da3fe","D01","HOPB","HOPB.AOS.fish.point.04","2021-10-29T14:20Z","2021-10-29T15:54Z","HOPB.20211029.04.1.e-fisher",1,17,"RHIATR","Rhinichthys atratulus","species",,,,70,2.8,,,,"adult","no sample",,,"0000-0003-4958-6412",
"22462b25-bd1c-4bfa-81a9-e1d0bfde0c04","D01","HOPB","HOPB.AOS.fish.point.04","2021-10-29T14:20Z","2021-10-29T15:54Z","HOPB.20211029.04.1.e-fisher",1,18,"RHIATR","Rhinichthys atratulus","species",,,,68,2.5,,,,"adult","no sample",,,"0000-0003-4958-6412",
"b168461c-d043-43b8-b345-733b683e1582","D01","HOPB","HOPB.AOS.fish.point.04","2021-10-29T14:20Z","2021-10-29T15:54Z","HOPB.20211029.04.1.e-fisher",1,4,"RHIATR","Rhinichthys atratulus","species",,,,76,4.7,,,,"adult","no sample",,,"0000-0003-4958-6412",
"da41a55f-3331-4c55-b573-278853649653","D01","HOPB","HOPB.AOS.fish.point.04","2021-10-29T14:20Z","2021-10-29T15:54Z","HOPB.20211029.04.1.e-fisher",1,25,"SEMATR","Semotilus atromaculatus","species",,,,130,21.0,,,,"adult","dna sample only","FSH.HOPB.04.20211029.1.0025","FSH.HOPB.04.20211029.1.0025.DNA","0000-0003-4958-6412",
"ffa5733e-fcd7-449c-914d-07293baf532f","D01","HOPB","HOPB.AOS.fish.point.04","2021-10-29T14:20Z","2021-10-29T15:54Z","HOPB.20211029.04.1.e-fisher",1,8,"RHIATR","Rhinichthys atratulus","species",,,,50,1.4,,,,"juvenile","no sample",,,"0000-0003-4958-6412",
"17f2ff2c-04ba-440a-805d-ae44f058876c","D01","HOPB","HOPB.AOS.fish.point.04","2021-10-29T14:20Z","2021-10-29T15:54Z","HOPB.20211029.04.1.e-fisher",1,2,"SEMATR","Semotilus atromaculatus","species",,,,46,1.0,,,,"juvenile","no sample",,,"0000-0003-4958-6412",
"7b421937-fc2e-41da-8b0a-e597725908d9","D01","HOPB","HOPB.AOS.fish.point.04","2021-10-29T14:20Z","2021-10-29T15:54Z","HOPB.20211029.04.1.e-fisher",1,23,"SEMATR","Semotilus atromaculatus","species",,,,122,17.1,,,,"adult","dna sample only","FSH.HOPB.04.20211029.1.0023","FSH.HOPB.04.20211029.1.0023.DNA","0000-0003-4958-6412",
"eb2d0989-7434-4c66-888a-e6c7ffdc01c1","D01","HOPB","HOPB.AOS.fish.point.04","2021-10-29T14:20Z","2021-10-29T15:54Z","HOPB.20211029.04.1.e-fisher",1,24,"SEMATR","Semotilus atromaculatus","species",,,,146,30.1,,,,"adult","dna sample only","FSH.HOPB.04.20211029.1.0024","FSH.HOPB.04.20211029.1.0024.DNA","0000-0003-4958-6412",
"9ad57130-0269-47f3-a3b4-a9ba28c88f7c","D01","HOPB","HOPB.AOS.fish.point.04","2021-10-29T14:20Z","2021-10-29T15:54Z","HOPB.20211029.04.1.e-fisher",1,13,"RHIATR","Rhinichthys atratulus","species",,,,32,0.3,,,,"juvenile","no sample",,,"0000-0003-4958-6412",
"9f0979bc-f4c3-4a53-ae67-0106c84485c3","D01","HOPB","HOPB.AOS.fish.point.04","2021-10-29T14:20Z","2021-10-29T15:54Z","HOPB.20211029.04.1.e-fisher",1,29,"RHIATR","Rhinichthys atratulus","species",,,,74,3.7,,,,"adult","dna sample only","FSH.HOPB.04.20211029.1.0029","FSH.HOPB.04.20211029.1.0029.DNA","0000-0003-4958-6412",
"06d4ab30-bee3-4b9a-824f-0178001a879b","D01","HOPB","HOPB.AOS.fish.point.04","2021-10-29T14:20Z","2021-10-29T15:54Z","HOPB.20211029.04.1.e-fisher",1,3,"SEMATR","Semotilus atromaculatus","species",,,,74,3.7,,,,"juvenile","no sample",,,"0000-0003-4958-6412",
"a48a4c89-4394-4220-adde-714228b96a56","D01","HOPB","HOPB.AOS.fish.point.04","2021-10-29T14:20Z","2021-10-29T15:54Z","HOPB.20211029.04.1.e-fisher",1,31,"RHIATR","Rhinichthys atratulus","species",,,,72,3.9,,,,"adult","dna sample only","FSH.HOPB.04.20211029.1.0031","FSH.HOPB.04.20211029.1.0031.DNA","0000-0003-4958-6412",
"30481664-341d-4fa2-a405-9dc25f613324","D01","HOPB","HOPB.AOS.fish.point.04","2021-10-29T14:20Z","2021-10-29T15:54Z","HOPB.20211029.04.1.e-fisher",1,21,"RHIATR","Rhinichthys atratulus","species",,,,60,2.0,,,,"adult","no sample",,,"0000-0003-4958-6412",
"1bb0f1ce-828e-4cf8-b64e-73450c9cb585","D01","HOPB","HOPB.AOS.fish.point.04","2021-10-29T14:20Z","2021-10-29T15:54Z","HOPB.20211029.04.1.e-fisher",1,20,"RHIATR","Rhinichthys atratulus","species",,,,60,2.1,,,,"adult","no sample",,,"0000-0003-4958-6412",
"709dbe78-db8b-4f7e-9815-630f14f9214a","D01","HOPB","HOPB.AOS.fish.point.04","2021-10-29T14:20Z","2021-10-29T15:54Z","HOPB.20211029.04.1.e-fisher",1,26,"SEMATR","Semotilus atromaculatus","species",,,,82,5.1,,,,"juvenile","dna sample only","FSH.HOPB.04.20211029.1.0026","FSH.HOPB.04.20211029.1.0026.DNA","0000-0003-4958-6412",
"f528ccab-ebeb-49f3-93a2-28fd6b00baaa","D01","HOPB","HOPB.AOS.fish.point.04","2021-10-29T14:20Z","2021-10-29T15:54Z","HOPB.20211029.04.1.e-fisher",1,9,"RHIATR","Rhinichthys atratulus","species",,,,28,0.3,,,,"young of year","no sample",,,"0000-0003-4958-6412",
"94890f83-f727-4a38-9637-976bccf2a3ec","D01","HOPB","HOPB.AOS.fish.point.04","2021-10-29T14:20Z","2021-10-29T15:54Z","HOPB.20211029.04.1.e-fisher",1,11,"RHIATR","Rhinichthys atratulus","species",,,,24,0.3,,,,"young of year","no sample",,,"0000-0003-4958-6412",
"2f47d5d6-fc00-433a-a46a-99c20be27630","D01","HOPB","HOPB.AOS.fish.point.04","2021-10-29T14:20Z","2021-10-29T15:54Z","HOPB.20211029.04.1.e-fisher",1,14,"RHIATR","Rhinichthys atratulus","species",,,,38,0.7,,,,"juvenile","no sample",,,"0000-0003-4958-6412",
"1a2b0558-7bc7-4120-8311-4e80b334da48","D01","HOPB","HOPB.AOS.fish.point.04","2021-10-29T14:20Z","2021-10-29T15:54Z","HOPB.20211029.04.1.e-fisher",1,22,"SEMATR","Semotilus atromaculatus","species",,,,142,28.0,,,,"adult","dna sample only","FSH.HOPB.04.20211029.1.0022","FSH.HOPB.04.20211029.1.0022.DNA","0000-0003-4958-6412",
"e2140b3b-9436-47df-9637-e007a4c3ab22","D01","HOPB","HOPB.AOS.fish.point.04","2021-10-29T14:20Z","2021-10-29T15:54Z","HOPB.20211029.04.1.e-fisher",1,16,"RHIATR","Rhinichthys atratulus","species",,,,55,1.6,,,,"juvenile","no sample",,,"0000-0003-4958-6412",
"6bbd3d97-4033-4828-91e3-4a84d248bdaf","D01","HOPB","HOPB.AOS.fish.point.04","2021-10-29T17:44Z","2021-10-29T18:49Z","HOPB.20211029.04.2.e-fisher",2,6,"RHIATR","Rhinichthys atratulus","species",,,,65,2.5,,,,"adult","no sample",,,"0000-0003-4958-6412",
"e1f1f9a5-88e1-44bd-99cc-677ca36f63ea","D01","HOPB","HOPB.AOS.fish.point.04","2021-10-29T17:44Z","2021-10-29T18:49Z","HOPB.20211029.04.2.e-fisher",2,10,"SEMATR","Semotilus atromaculatus","species",,,,96,8.3,,,,"adult","no sample",,,"0000-0003-4958-6412",
"556f2c01-1117-4400-bd1e-3db533eb96f6","D01","HOPB","HOPB.AOS.fish.point.04","2021-10-29T17:44Z","2021-10-29T18:49Z","HOPB.20211029.04.2.e-fisher",2,13,"RHIATR","Rhinichthys atratulus","species",,,,70,3.6,,,,"adult","no sample",,,"0000-0003-4958-6412",
"85686dd8-fa1b-40fa-8811-6098d08e8659","D01","HOPB","HOPB.AOS.fish.point.04","2021-10-29T17:44Z","2021-10-29T18:49Z","HOPB.20211029.04.2.e-fisher",2,14,"RHIATR","Rhinichthys atratulus","species",,,,65,2.5,,,,"adult","no sample",,,"0000-0003-4958-6412",
"f996a52d-fe45-427c-8a75-3b3efb51a804","D01","HOPB","HOPB.AOS.fish.point.04","2021-10-29T17:44Z","2021-10-29T18:49Z","HOPB.20211029.04.2.e-fisher",2,2,"SEMATR","Semotilus atromaculatus","species",,,,113,15.3,,,,"adult","no sample",,,"0000-0003-4958-6412",
"b4bb2e7c-c834-4952-82a5-450df3979552","D01","HOPB","HOPB.AOS.fish.point.04","2021-10-29T17:44Z","2021-10-29T18:49Z","HOPB.20211029.04.2.e-fisher",2,1,"RHIATR","Rhinichthys atratulus","species",,,,72,3.5,,,,"adult","no sample",,,"0000-0003-4958-6412",
"0d2bfb36-36c1-47b6-9b74-232da4b87626","D01","HOPB","HOPB.AOS.fish.point.04","2021-10-29T17:44Z","2021-10-29T18:49Z","HOPB.20211029.04.2.e-fisher",2,9,"SEMATR","Semotilus atromaculatus","species",,,,60,1.9,,,,"juvenile","no sample",,,"0000-0003-4958-6412",
"290d934b-7f86-4d3f-99dc-947a9d997495","D01","HOPB","HOPB.AOS.fish.point.04","2021-10-29T17:44Z","2021-10-29T18:49Z","HOPB.20211029.04.2.e-fisher",2,4,"SEMATR","Semotilus atromaculatus","species",,,,65,2.4,,,,"juvenile","no sample",,,"0000-0003-4958-6412",
"3f63ceff-5906-433a-8c35-9f1c1672226a","D01","HOPB","HOPB.AOS.fish.point.04","2021-10-29T17:44Z","2021-10-29T18:49Z","HOPB.20211029.04.2.e-fisher",2,19,"RHIATR","Rhinichthys atratulus","species",,,,31,0.3,,,,"young of year","no sample",,,"0000-0003-4958-6412",
"417b81f0-224f-41d7-987d-d6abfdbfbd96","D01","HOPB","HOPB.AOS.fish.point.04","2021-10-29T17:44Z","2021-10-29T18:49Z","HOPB.20211029.04.2.e-fisher",2,17,"RHIATR","Rhinichthys atratulus","species",,,,73,3.2,,,,"adult","no sample",,,"0000-0003-4958-6412",
"a62083db-397d-431d-9eb4-7b63cefc2934","D01","HOPB","HOPB.AOS.fish.point.04","2021-10-29T17:44Z","2021-10-29T18:49Z","HOPB.20211029.04.2.e-fisher",2,18,"RHIATR","Rhinichthys atratulus","species",,,,30,0.3,,,,"young of year","no sample",,,"0000-0003-4958-6412",
"239af414-95f4-4a4f-893d-01a7c9331035","D01","HOPB","HOPB.AOS.fish.point.04","2021-10-29T17:44Z","2021-10-29T18:49Z","HOPB.20211029.04.2.e-fisher",2,3,"SEMATR","Semotilus atromaculatus","species",,,,44,0.9,,,,"juvenile","no sample",,,"0000-0003-4958-6412",
"9ceba605-f6d6-4657-9f76-e885ffc2e507","D01","HOPB","HOPB.AOS.fish.point.04","2021-10-29T17:44Z","2021-10-29T18:49Z","HOPB.20211029.04.2.e-fisher",2,15,"RHIATR","Rhinichthys atratulus","species",,,,52,1.2,,,,"juvenile","no sample",,,"0000-0003-4958-6412",
"7a4a5e5f-3989-496e-b337-0032bc912aae","D01","HOPB","HOPB.AOS.fish.point.04","2021-10-29T17:44Z","2021-10-29T18:49Z","HOPB.20211029.04.2.e-fisher",2,11,"RHIATR","Rhinichthys atratulus","species",,,,71,2.8,,,,"adult","no sample",,,"0000-0003-4958-6412",
"9cf320c6-f2ba-495e-b996-9ecdfd47c888","D01","HOPB","HOPB.AOS.fish.point.04","2021-10-29T17:44Z","2021-10-29T18:49Z","HOPB.20211029.04.2.e-fisher",2,5,"RHIATR","Rhinichthys atratulus","species",,,,40,0.7,,,,"juvenile","no sample",,,"0000-0003-4958-6412",
"f32ef100-06d1-4068-a087-049e589cf294","D01","HOPB","HOPB.AOS.fish.point.04","2021-10-29T17:44Z","2021-10-29T18:49Z","HOPB.20211029.04.2.e-fisher",2,8,"RHIATR","Rhinichthys atratulus","species",,,,52,1.5,,,,"juvenile","no sample",,,"0000-0003-4958-6412",
"b40ae7a0-89db-4869-a08e-4392f31e1338","D01","HOPB","HOPB.AOS.fish.point.04","2021-10-29T17:44Z","2021-10-29T18:49Z","HOPB.20211029.04.2.e-fisher",2,16,"RHIATR","Rhinichthys atratulus","species",,,,51,1.3,,,,"juvenile","no sample",,,"0000-0003-4958-6412",
"34573d58-08f9-4fe2-ba21-ce7090de88ba","D01","HOPB","HOPB.AOS.fish.point.04","2021-10-29T17:44Z","2021-10-29T18:49Z","HOPB.20211029.04.2.e-fisher",2,20,"SALFON","Salvelinus fontinalis","species",,,,156,29.8,,,,"adult","dna sample only","FSH.HOPB.04.20211029.2.0020","FSH.HOPB.04.20211029.2.0020.DNA","0000-0003-4958-6412",
"4bc4596e-487c-472d-b370-1141c596069c","D01","HOPB","HOPB.AOS.fish.point.04","2021-10-29T17:44Z","2021-10-29T18:49Z","HOPB.20211029.04.2.e-fisher",2,12,"SEMATR","Semotilus atromaculatus","species",,,,62,2.3,,,,"juvenile","no sample",,,"0000-0003-4958-6412",
"a43dd7f7-9f95-4555-bc52-8dda78b45eff","D01","HOPB","HOPB.AOS.fish.point.04","2021-10-29T17:44Z","2021-10-29T18:49Z","HOPB.20211029.04.2.e-fisher",2,7,"RHIATR","Rhinichthys atratulus","species",,,,66,2.3,,,,"adult","no sample",,,"0000-0003-4958-6412",
"d3ce19a8-bd7b-4a18-b404-59a28afb47e4","D01","HOPB","HOPB.AOS.fish.point.04","2021-10-29T19:24Z","2021-10-29T20:42Z","HOPB.20211029.04.3.e-fisher",3,2,"SEMATR","Semotilus atromaculatus","species",,,,95,9.2,,,,"adult","no sample",,,"0000-0003-4958-6412",
"240fcc0b-2508-4a77-9bc0-999f759875df","D01","HOPB","HOPB.AOS.fish.point.04","2021-10-29T19:24Z","2021-10-29T20:42Z","HOPB.20211029.04.3.e-fisher",3,4,"RHIATR","Rhinichthys atratulus","species",,,,65,3.5,,,,"adult","no sample",,,"0000-0003-4958-6412",
"5c0ca974-4d7d-45ef-baf4-0320e94e49b6","D01","HOPB","HOPB.AOS.fish.point.04","2021-10-29T19:24Z","2021-10-29T20:42Z","HOPB.20211029.04.3.e-fisher",3,8,"RHIATR","Rhinichthys atratulus","species",,,,38,1.0,,,,"juvenile","no sample",,,"0000-0003-4958-6412",
"fb9262ef-6eb6-4e82-8a18-7c26ec65cad2","D01","HOPB","HOPB.AOS.fish.point.04","2021-10-29T19:24Z","2021-10-29T20:42Z","HOPB.20211029.04.3.e-fisher",3,12,"SALFON","Salvelinus fontinalis","species",,,,124,24.2,,,,"adult","dna sample only","FSH.HOPB.04.20211029.3.0012","FSH.HOPB.04.20211029.3.0012.DNA","0000-0003-4958-6412",
"944ccfd1-18be-49c5-8807-01dc96f849dd","D01","HOPB","HOPB.AOS.fish.point.04","2021-10-29T19:24Z","2021-10-29T20:42Z","HOPB.20211029.04.3.e-fisher",3,10,"SALSAL","Salmo salar","species",,,,155,36.3,,,,"juvenile","dna sample only","FSH.HOPB.04.20211029.3.0010","FSH.HOPB.04.20211029.3.0010.DNA","0000-0003-4958-6412",
"f0c16bf5-43e7-406e-81d5-db4380b3563a","D01","HOPB","HOPB.AOS.fish.point.04","2021-10-29T19:24Z","2021-10-29T20:42Z","HOPB.20211029.04.3.e-fisher",3,1,"RHIATR","Rhinichthys atratulus","species",,,,72,3.8,,,,"adult","no sample",,,"0000-0003-4958-6412",
"d218f04d-1410-4c85-bdf3-d56533cc7eed","D01","HOPB","HOPB.AOS.fish.point.04","2021-10-29T19:24Z","2021-10-29T20:42Z","HOPB.20211029.04.3.e-fisher",3,11,"SALFON","Salvelinus fontinalis","species",,,,240,123.4,,,,"adult","dna sample only","FSH.HOPB.04.20211029.3.0011","FSH.HOPB.04.20211029.3.0011.DNA","0000-0003-4958-6412",
"6e69d550-705f-4255-b835-ccc1e2db3af6","D01","HOPB","HOPB.AOS.fish.point.04","2021-10-29T19:24Z","2021-10-29T20:42Z","HOPB.20211029.04.3.e-fisher",3,6,"RHIATR","Rhinichthys atratulus","species",,,,45,1.2,,,,"juvenile","no sample",,,"0000-0003-4958-6412",
"ea761e5a-e126-4fd8-8d23-e8fc402f28d9","D01","HOPB","HOPB.AOS.fish.point.04","2021-10-29T19:24Z","2021-10-29T20:42Z","HOPB.20211029.04.3.e-fisher",3,3,"RHIATR","Rhinichthys atratulus","species",,,,38,0.6,,,,"juvenile","no sample",,,"0000-0003-4958-6412",
"0c89bd3a-8bd4-40c5-ae80-8519810e9bf5","D01","HOPB","HOPB.AOS.fish.point.04","2021-10-29T19:24Z","2021-10-29T20:42Z","HOPB.20211029.04.3.e-fisher",3,9,"RHIATR","Rhinichthys atratulus","species",,,,58,1.8,,,,"adult","no sample",,,"0000-0003-4958-6412",
"36795c0f-f841-4507-8af4-e65f417faa3e","D01","HOPB","HOPB.AOS.fish.point.04","2021-10-29T19:24Z","2021-10-29T20:42Z","HOPB.20211029.04.3.e-fisher",3,13,"SALFON","Salvelinus fontinalis","species",,,,200,77.3,,,,"adult","dna sample only","FSH.HOPB.04.20211029.3.0013","FSH.HOPB.04.20211029.3.0013.DNA","0000-0003-4958-6412",
"0059540d-f687-49f2-9398-90d8b900a14a","D01","HOPB","HOPB.AOS.fish.point.04","2021-10-29T19:24Z","2021-10-29T20:42Z","HOPB.20211029.04.3.e-fisher",3,7,"RHIATR","Rhinichthys atratulus","species",,,,50,1.0,,,,"juvenile","no sample",,,"0000-0003-4958-6412",
"dae420df-4698-4ff1-a319-37c985f59197","D01","HOPB","HOPB.AOS.fish.point.04","2021-10-29T19:24Z","2021-10-29T20:42Z","HOPB.20211029.04.3.e-fisher",3,5,"RHIATR","Rhinichthys atratulus","species",,,,60,2.6,,,,"adult","no sample",,,"0000-0003-4958-6412",
