uid,domainID,siteID,namedLocation,passStartTime,passEndTime,passNumber,reachID,eventID,waterTemp,dissolvedOxygen,specificConductance,samplerType,habitatType,subdominantHabitatType,initialFrequency,initialDutyCycle,initialVoltage,finalFrequency,finalDutyCycle,finalVoltage,efTime,settingsChanged,initialFrequency2,initialDutyCycle2,initialVoltage2,finalFrequency2,finalDutyCycle2,finalVoltage2,efTime2,settingsChanged2,netIntegrity,netSetTime,netEndTime,netDeploymentTime,netLength,netDepth,targetTaxaPresent,remarks
"de43a8d4-5589-4f18-92ca-3c4dcc32a179","D01","HOPB","HOPB.AOS.fish.point.03","2021-05-03T15:58Z","2021-05-03T17:48Z",1,"HOPB.20210503.03","HOPB.20210503.03.1.e-fisher",11.9,11.9,100.8,"electrofisher","riffle","pool",30,20,300,30,20,300,3228,0,,,,,,,,,"Not compromised",,,,,,"Y",
"a0ca0c1b-ccc4-42bd-83d1-65d88f86e3bf","D01","HOPB","HOPB.AOS.fish.point.04","2021-05-04T13:48Z","2021-05-04T14:45Z",1,"HOPB.20210504.04","HOPB.20210504.04.1.e-fisher",10.5,10.9,105.4,"electrofisher","step pool","riffle",30,20,300,30,20,300,1690,0,,,,,,,,,"Not compromised",,,,,,"Y",
"83465dd9-1c2a-412f-aa5c-b1e0736d4b9c","D01","HOPB","HOPB.AOS.fish.point.04","2021-05-04T15:17Z","2021-05-04T16:19Z",2,"HOPB.20210504.04","HOPB.20210504.04.2.e-fisher",10.6,11.0,105.4,"electrofisher","step pool","riffle",30,20,300,30,20,300,1845,0,,,,,,,,,"Not compromised",,,,,,"Y",
"f8ec845d-2eac-4fa0-88e5-f66a36810831","D01","HOPB","HOPB.AOS.fish.point.04","2021-05-04T16:55Z","2021-05-04T17:40Z",3,"HOPB.20210504.04","HOPB.20210504.04.3.e-fisher",10.8,11.0,104.2,"electrofisher","step pool","riffle",30,20,300,30,20,300,1561,0,,,,,,,,,"Not compromised",,,,,,"Y",
"344260df-5873-44a8-b548-58ad6925b187","D01","HOPB","HOPB.AOS.fish.point.05","2021-05-04T18:42Z","2021-05-04T19:51Z",1,"HOPB.20210504.05","HOPB.20210504.05.1.e-fisher",11.1,10.8,104.0,"electrofisher","riffle","pool",30,20,300,30,20,300,2372,0,,,,,,,,,"<10% compromised",,,,,,"Y",
