uid,domainID,siteID,namedLocation,passStartTime,passEndTime,eventID,passNumber,specimenNumber,taxonID,scientificName,taxonRank,morphospeciesID,morphospeciesIDRemarks,identificationQualifier,fishTotalLength,fishWeight,delt,efMortality,efInjury,fishLifeStage,sampleTypeCollected,voucherSampleID,dnaSampleID,identifiedBy,remarks
"17d16c73-7549-45c2-a46d-88f9d340adcb","D01","HOPB","HOPB.AOS.fish.point.03","2021-05-03T15:58Z","2021-05-03T17:48Z","HOPB.20210503.03.1.e-fisher",1,45,"RHIATR","Rhinichthys atratulus","species",,,,48,0.9,,,,"juvenile","no sample",,,"0000-0003-4958-6412",
"a6a2f544-dc99-44c2-9865-b1f9acf9bd65","D01","HOPB","HOPB.AOS.fish.point.03","2021-05-03T15:58Z","2021-05-03T17:48Z","HOPB.20210503.03.1.e-fisher",1,2,"RHIATR","Rhinichthys atratulus","species",,,,71,3.9,,,,"adult","no sample",,,"0000-0003-4958-6412",
"269c02e1-c790-4073-ae7e-4d74f574ed0e","D01","HOPB","HOPB.AOS.fish.point.03","2021-05-03T15:58Z","2021-05-03T17:48Z","HOPB.20210503.03.1.e-fisher",1,48,"RHIATR","Rhinichthys atratulus","species",,,,34,0.3,,,,"juvenile","no sample",,,"0000-0003-4958-6412",
"2b428359-7c1b-4ed8-95e5-3377ee23b434","D01","HOPB","HOPB.AOS.fish.point.03","2021-05-03T15:58Z","2021-05-03T17:48Z","HOPB.20210503.03.1.e-fisher",1,31,"RHIATR","Rhinichthys atratulus","species",,,,66,3.4,,,,"adult","no sample",,,"0000-0003-4958-6412",
"b771a89d-e598-41e7-a9bd-f2c0241b6013","D01","HOPB","HOPB.AOS.fish.point.03","2021-05-03T15:58Z","2021-05-03T17:48Z","HOPB.20210503.03.1.e-fisher",1,46,"RHIATR","Rhinichthys atratulus","species",,,,28,0.3,,,,"young of year","no sample",,,"0000-0003-4958-6412",
"5d7390ae-a372-47ef-9540-87f4c5d85063","D01","HOPB","HOPB.AOS.fish.point.03","2021-05-03T15:58Z","2021-05-03T17:48Z","HOPB.20210503.03.1.e-fisher",1,8,"RHIATR","Rhinichthys atratulus","species",,,,52,1.4,,,,"juvenile","no sample",,,"0000-0003-4958-6412",
"ec49523e-8657-45a1-ad84-765d0ca3f6fb","D01","HOPB","HOPB.AOS.fish.point.03","2021-05-03T15:58Z","2021-05-03T17:48Z","HOPB.20210503.03.1.e-fisher",1,37,"RHIATR","Rhinichthys atratulus","species",,,,45,0.9,"Eroded fins",,,"juvenile","no sample",,,"0000-0003-4958-6412",
"fa522d87-c42a-46ed-b7e2-b707751741ad","D01","HOPB","HOPB.AOS.fish.point.03","2021-05-03T15:58Z","2021-05-03T17:48Z","HOPB.20210503.03.1.e-fisher",1,3,"RHIATR","Rhinichthys atratulus","species",,,,73,3.7,,,,"adult","no sample",,,"0000-0003-4958-6412",
"71d56546-fdfa-4823-be8e-42d38d9c4e13","D01","HOPB","HOPB.AOS.fish.point.03","2021-05-03T15:58Z","2021-05-03T17:48Z","HOPB.20210503.03.1.e-fisher",1,24,"RHIATR","Rhinichthys atratulus","species",,,,70,3.6,,,,"adult","no sample",,,"0000-0003-4958-6412",
"f196a796-198e-4edd-93b1-90a03b414e61","D01","HOPB","HOPB.AOS.fish.point.03","2021-05-03T15:58Z","2021-05-03T17:48Z","HOPB.20210503.03.1.e-fisher",1,39,"RHIATR","Rhinichthys atratulus","species",,,,66,2.9,,,,"adult","no sample",,,"0000-0003-4958-6412",
"e081ff1d-4bae-4238-afc9-a6df8ee1fdc4","D01","HOPB","HOPB.AOS.fish.point.03","2021-05-03T15:58Z","2021-05-03T17:48Z","HOPB.20210503.03.1.e-fisher",1,32,"SEMATR","Semotilus atromaculatus","species",,,,70,3.1,"Eroded fins",,,"juvenile","no sample",,,"0000-0003-4958-6412",
"738a677e-5034-4b0b-b30e-eac59740cc41","D01","HOPB","HOPB.AOS.fish.point.03","2021-05-03T15:58Z","2021-05-03T17:48Z","HOPB.20210503.03.1.e-fisher",1,18,"SEMATR","Semotilus atromaculatus","species",,,,65,2.1,,,,"juvenile","no sample",,,"0000-0003-4958-6412",
"b3753945-5e9a-4638-801e-b657d72df610","D01","HOPB","HOPB.AOS.fish.point.03","2021-05-03T15:58Z","2021-05-03T17:48Z","HOPB.20210503.03.1.e-fisher",1,12,"SEMATR","Semotilus atromaculatus","species",,,,96,8.2,"Eroded fins",,,"adult","no sample",,,"0000-0003-4958-6412",
"1531218d-1ea1-43b7-af39-ca42b8ddc7f7","D01","HOPB","HOPB.AOS.fish.point.03","2021-05-03T15:58Z","2021-05-03T17:48Z","HOPB.20210503.03.1.e-fisher",1,7,"RHIATR","Rhinichthys atratulus","species",,,,75,4.7,"Eroded fins",,,"adult","no sample",,,"0000-0003-4958-6412",
"5c5bd36e-5a61-4c6a-afd5-7485f8fa59d9","D01","HOPB","HOPB.AOS.fish.point.03","2021-05-03T15:58Z","2021-05-03T17:48Z","HOPB.20210503.03.1.e-fisher",1,41,"RHIATR","Rhinichthys atratulus","species",,,,0,0.3,,,,"young of year","no sample",,,"0000-0003-4958-6412",
"35876905-963d-449e-953a-199dcbb5d72f","D01","HOPB","HOPB.AOS.fish.point.03","2021-05-03T15:58Z","2021-05-03T17:48Z","HOPB.20210503.03.1.e-fisher",1,13,"SEMATR","Semotilus atromaculatus","species",,,,95,6.9,,,,"adult","no sample",,,"0000-0003-4958-6412",
"06cdc2cf-39b2-4e3f-aabc-50ed213f107c","D01","HOPB","HOPB.AOS.fish.point.03","2021-05-03T15:58Z","2021-05-03T17:48Z","HOPB.20210503.03.1.e-fisher",1,44,"RHIATR","Rhinichthys atratulus","species",,,,34,0.3,,,,"juvenile","no sample",,,"0000-0003-4958-6412",
"f7666c4a-10cd-4cae-8b48-4dd7a8d2cb43","D01","HOPB","HOPB.AOS.fish.point.03","2021-05-03T15:58Z","2021-05-03T17:48Z","HOPB.20210503.03.1.e-fisher",1,43,"SEMATR","Semotilus atromaculatus","species",,,,42,0.7,"Eroded fins",,,"juvenile","no sample",,,"0000-0003-4958-6412",
"58d97599-07cb-47e6-87ab-340ac2ad348d","D01","HOPB","HOPB.AOS.fish.point.03","2021-05-03T15:58Z","2021-05-03T17:48Z","HOPB.20210503.03.1.e-fisher",1,27,"RHIATR","Rhinichthys atratulus","species",,,,70,3.7,,,,"adult","no sample",,,"0000-0003-4958-6412",
"4ffe47da-84df-49ad-9aa2-7e6beb1afe35","D01","HOPB","HOPB.AOS.fish.point.03","2021-05-03T15:58Z","2021-05-03T17:48Z","HOPB.20210503.03.1.e-fisher",1,28,"RHIATR","Rhinichthys atratulus","species",,,,63,3.0,,,,"adult","no sample",,,"0000-0003-4958-6412",
"22613ed0-a543-49c4-85df-35877055ab3d","D01","HOPB","HOPB.AOS.fish.point.03","2021-05-03T15:58Z","2021-05-03T17:48Z","HOPB.20210503.03.1.e-fisher",1,5,"SEMATR","Semotilus atromaculatus","species",,,,96,9.1,,,,"adult","no sample",,,"0000-0003-4958-6412",
"b0cbcd7a-6f20-4f2c-a4ea-d39bb9721f7d","D01","HOPB","HOPB.AOS.fish.point.03","2021-05-03T15:58Z","2021-05-03T17:48Z","HOPB.20210503.03.1.e-fisher",1,33,"RHIATR","Rhinichthys atratulus","species",,,,67,3.0,"Eroded fins",,,"adult","no sample",,,"0000-0003-4958-6412",
"db9cf973-79f3-4100-a10e-c814d12df344","D01","HOPB","HOPB.AOS.fish.point.03","2021-05-03T15:58Z","2021-05-03T17:48Z","HOPB.20210503.03.1.e-fisher",1,47,"RHIATR","Rhinichthys atratulus","species",,,,0,0.3,"Eroded fins",,,"young of year","no sample",,,"0000-0003-4958-6412",
"a3283f36-3ab0-434c-9122-b6937b71bd6b","D01","HOPB","HOPB.AOS.fish.point.03","2021-05-03T15:58Z","2021-05-03T17:48Z","HOPB.20210503.03.1.e-fisher",1,19,"SEMATR","Semotilus atromaculatus","species",,,,96,7.7,,,,"adult","no sample",,,"0000-0003-4958-6412",
"1662e908-1420-4a7e-be45-cffd6588fad3","D01","HOPB","HOPB.AOS.fish.point.03","2021-05-03T15:58Z","2021-05-03T17:48Z","HOPB.20210503.03.1.e-fisher",1,22,"RHIATR","Rhinichthys atratulus","species",,,,71,3.7,,,,"adult","no sample",,,"0000-0003-4958-6412",
"d51bc1f7-1401-453f-94f7-f88722bbbaf9","D01","HOPB","HOPB.AOS.fish.point.03","2021-05-03T15:58Z","2021-05-03T17:48Z","HOPB.20210503.03.1.e-fisher",1,14,"SEMATR","Semotilus atromaculatus","species",,,,91,7.5,,,,"adult","no sample",,,"0000-0003-4958-6412",
"afc54ca7-6d77-4d08-add7-1ba568e44419","D01","HOPB","HOPB.AOS.fish.point.03","2021-05-03T15:58Z","2021-05-03T17:48Z","HOPB.20210503.03.1.e-fisher",1,30,"RHIATR","Rhinichthys atratulus","species",,,,72,4.0,,,,"adult","no sample",,,"0000-0003-4958-6412",
"d61ef51a-6366-402b-b5e4-be53e3dc91a6","D01","HOPB","HOPB.AOS.fish.point.03","2021-05-03T15:58Z","2021-05-03T17:48Z","HOPB.20210503.03.1.e-fisher",1,10,"RHIATR","Rhinichthys atratulus","species",,,,72,3.6,,,,"adult","no sample",,,"0000-0003-4958-6412",
"f824ac9b-6b11-4047-817c-b5c72cd8ecdb","D01","HOPB","HOPB.AOS.fish.point.03","2021-05-03T15:58Z","2021-05-03T17:48Z","HOPB.20210503.03.1.e-fisher",1,29,"RHIATR","Rhinichthys atratulus","species",,,,47,1.3,,,,"juvenile","no sample",,,"0000-0003-4958-6412",
"e83e2fd8-b8b3-4bbb-985b-59903930fe11","D01","HOPB","HOPB.AOS.fish.point.03","2021-05-03T15:58Z","2021-05-03T17:48Z","HOPB.20210503.03.1.e-fisher",1,25,"RHIATR","Rhinichthys atratulus","species",,,,71,3.7,"Lesions/parasites",,,"adult","no sample",,,"0000-0003-4958-6412",
"b5256af5-4881-457d-89a3-49266d6e1ba5","D01","HOPB","HOPB.AOS.fish.point.03","2021-05-03T15:58Z","2021-05-03T17:48Z","HOPB.20210503.03.1.e-fisher",1,36,"RHIATR","Rhinichthys atratulus","species",,,,65,3.2,"Eroded fins",,,"adult","no sample",,,"0000-0003-4958-6412",
"5cfd6eeb-4667-4b02-91b9-65f1ed428686","D01","HOPB","HOPB.AOS.fish.point.03","2021-05-03T15:58Z","2021-05-03T17:48Z","HOPB.20210503.03.1.e-fisher",1,21,"SEMATR","Semotilus atromaculatus","species",,,,101,10.0,,,,"adult","no sample",,,"0000-0003-4958-6412",
"b837bf1f-7e87-41e8-ba22-839d3037be06","D01","HOPB","HOPB.AOS.fish.point.03","2021-05-03T15:58Z","2021-05-03T17:48Z","HOPB.20210503.03.1.e-fisher",1,50,"SALFON","Salvelinus fontinalis","species",,,,156,39.0,,,,"adult","no sample",,,"0000-0003-4958-6412",
"c55bec16-c0c9-4eb1-a8e2-f33fc5f57851","D01","HOPB","HOPB.AOS.fish.point.03","2021-05-03T15:58Z","2021-05-03T17:48Z","HOPB.20210503.03.1.e-fisher",1,26,"RHIATR","Rhinichthys atratulus","species",,,,49,1.1,,,,"juvenile","no sample",,,"0000-0003-4958-6412",
"15ce9f79-396f-4add-9f24-c649e38867a7","D01","HOPB","HOPB.AOS.fish.point.03","2021-05-03T15:58Z","2021-05-03T17:48Z","HOPB.20210503.03.1.e-fisher",1,16,"SEMATR","Semotilus atromaculatus","species",,,,90,7.1,,,,"adult","no sample",,,"0000-0003-4958-6412",
"d924c949-82e1-4c1c-93c6-50543ffda4d9","D01","HOPB","HOPB.AOS.fish.point.03","2021-05-03T15:58Z","2021-05-03T17:48Z","HOPB.20210503.03.1.e-fisher",1,49,"SALSAL","Salmo salar","species",,,,155,36.6,,,,"juvenile","no sample",,,"0000-0003-4958-6412",
"496dad9c-ab66-46b4-9586-2ecf498285de","D01","HOPB","HOPB.AOS.fish.point.03","2021-05-03T15:58Z","2021-05-03T17:48Z","HOPB.20210503.03.1.e-fisher",1,6,"SEMATR","Semotilus atromaculatus","species",,,,102,12.5,"Eroded fins",,,"adult","no sample",,,"0000-0003-4958-6412",
"cd64b493-e66c-4dba-90e2-820412bf7c4a","D01","HOPB","HOPB.AOS.fish.point.03","2021-05-03T15:58Z","2021-05-03T17:48Z","HOPB.20210503.03.1.e-fisher",1,17,"SEMATR","Semotilus atromaculatus","species",,,,93,7.5,,,,"adult","no sample",,,"0000-0003-4958-6412",
"9af3f12d-74bb-4878-b0e4-c870864d78e7","D01","HOPB","HOPB.AOS.fish.point.03","2021-05-03T15:58Z","2021-05-03T17:48Z","HOPB.20210503.03.1.e-fisher",1,4,"RHIATR","Rhinichthys atratulus","species",,,,75,4.3,,,,"adult","no sample",,,"0000-0003-4958-6412",
"46e129b0-cba1-4794-9ffa-4a2cf5b683c3","D01","HOPB","HOPB.AOS.fish.point.03","2021-05-03T15:58Z","2021-05-03T17:48Z","HOPB.20210503.03.1.e-fisher",1,1,"RHIATR","Rhinichthys atratulus","species",,,,72,3.5,,,,"adult","no sample",,,"0000-0003-4958-6412",
"ae297863-5c9c-4bfd-9dc1-2675129106de","D01","HOPB","HOPB.AOS.fish.point.03","2021-05-03T15:58Z","2021-05-03T17:48Z","HOPB.20210503.03.1.e-fisher",1,35,"SEMATR","Semotilus atromaculatus","species",,,,71,3.8,,,,"juvenile","no sample",,,"0000-0003-4958-6412",
"d3633535-1f27-47a9-90f7-3f32cf28c694","D01","HOPB","HOPB.AOS.fish.point.03","2021-05-03T15:58Z","2021-05-03T17:48Z","HOPB.20210503.03.1.e-fisher",1,15,"RHIATR","Rhinichthys atratulus","species",,,,29,0.3,,,,"young of year","no sample",,,"0000-0003-4958-6412",
"284ac60e-fa97-4ab9-8a32-6af72dfd0517","D01","HOPB","HOPB.AOS.fish.point.03","2021-05-03T15:58Z","2021-05-03T17:48Z","HOPB.20210503.03.1.e-fisher",1,38,"RHIATR","Rhinichthys atratulus","species",,,,66,2.9,,,,"adult","no sample",,,"0000-0003-4958-6412",
"c1401282-62b8-453e-b814-fc72ad2f325c","D01","HOPB","HOPB.AOS.fish.point.03","2021-05-03T15:58Z","2021-05-03T17:48Z","HOPB.20210503.03.1.e-fisher",1,23,"RHIATR","Rhinichthys atratulus","species",,,,66,2.7,,,,"adult","no sample",,,"0000-0003-4958-6412",
"18a73d6b-acc8-4e42-9ade-d02d0b717875","D01","HOPB","HOPB.AOS.fish.point.03","2021-05-03T15:58Z","2021-05-03T17:48Z","HOPB.20210503.03.1.e-fisher",1,34,"RHIATR","Rhinichthys atratulus","species",,,,71,4.4,,,,"adult","no sample",,,"0000-0003-4958-6412",
"91a013df-f4a3-45fa-b6d9-19517858ef77","D01","HOPB","HOPB.AOS.fish.point.03","2021-05-03T15:58Z","2021-05-03T17:48Z","HOPB.20210503.03.1.e-fisher",1,11,"SEMATR","Semotilus atromaculatus","species",,,,103,10.6,,,,"adult","no sample",,,"0000-0003-4958-6412",
"cc0baf79-dc93-443d-a75e-07e7508d1dc2","D01","HOPB","HOPB.AOS.fish.point.03","2021-05-03T15:58Z","2021-05-03T17:48Z","HOPB.20210503.03.1.e-fisher",1,42,"RHIATR","Rhinichthys atratulus","species",,,,52,1.3,,,,"juvenile","no sample",,,"0000-0003-4958-6412",
"c25a547a-180b-4def-8eb7-d6d46e9113b5","D01","HOPB","HOPB.AOS.fish.point.03","2021-05-03T15:58Z","2021-05-03T17:48Z","HOPB.20210503.03.1.e-fisher",1,40,"RHIATR","Rhinichthys atratulus","species",,,,57,1.8,,,,"adult","no sample",,,"0000-0003-4958-6412",
"07b1042b-a7c9-4130-b8c3-49254892056f","D01","HOPB","HOPB.AOS.fish.point.03","2021-05-03T15:58Z","2021-05-03T17:48Z","HOPB.20210503.03.1.e-fisher",1,9,"SEMATR","Semotilus atromaculatus","species",,,,92,7.3,,,,"adult","no sample",,,"0000-0003-4958-6412",
"c574e973-5183-4d94-8158-403f8e8dae5a","D01","HOPB","HOPB.AOS.fish.point.03","2021-05-03T15:58Z","2021-05-03T17:48Z","HOPB.20210503.03.1.e-fisher",1,20,"SEMATR","Semotilus atromaculatus","species",,,,91,8.2,,,,"adult","no sample",,,"0000-0003-4958-6412",
"d1501415-6db5-498d-b16a-5ffc04261ba2","D01","HOPB","HOPB.AOS.fish.point.04","2021-05-04T13:48Z","2021-05-04T14:45Z","HOPB.20210504.04.1.e-fisher",1,4,"RHIATR","Rhinichthys atratulus","species",,,,30,0.3,,,,"young of year","no sample",,,"0000-0003-4958-6412",
"b11f872f-7235-404c-baa2-9975cc28eee4","D01","HOPB","HOPB.AOS.fish.point.04","2021-05-04T13:48Z","2021-05-04T14:45Z","HOPB.20210504.04.1.e-fisher",1,1,"RHIATR","Rhinichthys atratulus","species",,,,63,2.8,,,,"adult","no sample",,,"0000-0003-4958-6412",
"6249c98e-3fe8-42d5-a44d-f475ada3a802","D01","HOPB","HOPB.AOS.fish.point.04","2021-05-04T13:48Z","2021-05-04T14:45Z","HOPB.20210504.04.1.e-fisher",1,2,"SEMATR","Semotilus atromaculatus","species",,,,87,6.4,,,,"adult","no sample",,,"0000-0003-4958-6412",
"1972306a-2c8d-42e8-b176-2fe4907e3d58","D01","HOPB","HOPB.AOS.fish.point.04","2021-05-04T13:48Z","2021-05-04T14:45Z","HOPB.20210504.04.1.e-fisher",1,10,"RHIATR","Rhinichthys atratulus","species",,,,30,0.3,,,,"young of year","no sample",,,"0000-0003-4958-6412",
"136e646c-af08-4f82-baa4-74c1c4976800","D01","HOPB","HOPB.AOS.fish.point.04","2021-05-04T13:48Z","2021-05-04T14:45Z","HOPB.20210504.04.1.e-fisher",1,3,"SEMATR","Semotilus atromaculatus","species",,,,110,13.0,"Lesions/parasites",,,"adult","no sample",,,"0000-0003-4958-6412",
"6e13801c-fddc-4963-a98f-463006f7c3d8","D01","HOPB","HOPB.AOS.fish.point.04","2021-05-04T13:48Z","2021-05-04T14:45Z","HOPB.20210504.04.1.e-fisher",1,9,"RHIATR","Rhinichthys atratulus","species",,,,26,0.3,,,,"young of year","no sample",,,"0000-0003-4958-6412",
"cab1e435-293e-450d-91fc-4356dbb5779a","D01","HOPB","HOPB.AOS.fish.point.04","2021-05-04T13:48Z","2021-05-04T14:45Z","HOPB.20210504.04.1.e-fisher",1,6,"SEMATR","Semotilus atromaculatus","species",,,,65,3.0,"Lesions/parasites",,,"juvenile","no sample",,,"0000-0003-4958-6412",
"c3050c07-e5a7-4fbd-907d-f36f5b1eb8b7","D01","HOPB","HOPB.AOS.fish.point.04","2021-05-04T13:48Z","2021-05-04T14:45Z","HOPB.20210504.04.1.e-fisher",1,8,"RHIATR","Rhinichthys atratulus","species",,,,36,0.3,,,,"juvenile","no sample",,,"0000-0003-4958-6412",
"c8286e2f-e855-4c12-8d51-2c9954177a10","D01","HOPB","HOPB.AOS.fish.point.04","2021-05-04T13:48Z","2021-05-04T14:45Z","HOPB.20210504.04.1.e-fisher",1,5,"SEMATR","Semotilus atromaculatus","species",,,,115,17.3,,,,"adult","no sample",,,"0000-0003-4958-6412",
"d4d9c508-a814-46ce-8e86-14fe91f5249d","D01","HOPB","HOPB.AOS.fish.point.04","2021-05-04T13:48Z","2021-05-04T14:45Z","HOPB.20210504.04.1.e-fisher",1,7,"RHIATR","Rhinichthys atratulus","species",,,,52,1.2,,,,"juvenile","no sample",,,"0000-0003-4958-6412",
"bc34905a-a2a4-4df8-9887-972c89b6c651","D01","HOPB","HOPB.AOS.fish.point.04","2021-05-04T15:17Z","2021-05-04T16:19Z","HOPB.20210504.04.2.e-fisher",2,9,"SEMATR","Semotilus atromaculatus","species",,,,41,0.6,,,,"juvenile","no sample",,,"0000-0003-4958-6412",
"652868fa-10bf-4b27-b2fc-4d579675aea8","D01","HOPB","HOPB.AOS.fish.point.04","2021-05-04T15:17Z","2021-05-04T16:19Z","HOPB.20210504.04.2.e-fisher",2,1,"SEMATR","Semotilus atromaculatus","species",,,,60,1.8,,,,"juvenile","no sample",,,"0000-0003-4958-6412",
"fd53b5e1-3687-4836-ba1f-d0430584f6b7","D01","HOPB","HOPB.AOS.fish.point.04","2021-05-04T15:17Z","2021-05-04T16:19Z","HOPB.20210504.04.2.e-fisher",2,8,"RHIATR","Rhinichthys atratulus","species",,,,50,0.8,,,,"juvenile","no sample",,,"0000-0003-4958-6412",
"eab83ddf-eb37-4ea8-9c1b-fdf8e5006936","D01","HOPB","HOPB.AOS.fish.point.04","2021-05-04T15:17Z","2021-05-04T16:19Z","HOPB.20210504.04.2.e-fisher",2,11,"RHIATR","Rhinichthys atratulus","species",,,,36,0.3,,,,"juvenile","no sample",,,"0000-0003-4958-6412",
"75171d2a-2e39-4113-98da-3ec11de491c4","D01","HOPB","HOPB.AOS.fish.point.04","2021-05-04T15:17Z","2021-05-04T16:19Z","HOPB.20210504.04.2.e-fisher",2,2,"RHIATR","Rhinichthys atratulus","species",,,,72,4.2,"Eroded fins",,,"adult","no sample",,,"0000-0003-4958-6412",
"d7dc2061-992e-47c4-96f2-ed2578c78250","D01","HOPB","HOPB.AOS.fish.point.04","2021-05-04T15:17Z","2021-05-04T16:19Z","HOPB.20210504.04.2.e-fisher",2,5,"SEMATR","Semotilus atromaculatus","species",,,,122,18.2,,,,"adult","no sample",,,"0000-0003-4958-6412",
"fa86937b-9838-4b3d-b52d-4cd41c8a153e","D01","HOPB","HOPB.AOS.fish.point.04","2021-05-04T15:17Z","2021-05-04T16:19Z","HOPB.20210504.04.2.e-fisher",2,12,"RHIATR","Rhinichthys atratulus","species",,,,50,1.2,,,,"juvenile","no sample",,,"0000-0003-4958-6412",
"8fc0b2a8-3f9c-430e-ba13-c44bba07c570","D01","HOPB","HOPB.AOS.fish.point.04","2021-05-04T15:17Z","2021-05-04T16:19Z","HOPB.20210504.04.2.e-fisher",2,6,"RHIATR","Rhinichthys atratulus","species",,,,35,0.3,,,,"juvenile","no sample",,,"0000-0003-4958-6412",
"b200982e-bfef-4a50-8ba9-18a1fc475ff8","D01","HOPB","HOPB.AOS.fish.point.04","2021-05-04T15:17Z","2021-05-04T16:19Z","HOPB.20210504.04.2.e-fisher",2,4,"SEMATR","Semotilus atromaculatus","species",,,,130,20.8,,,,"adult","no sample",,,"0000-0003-4958-6412",
"30392ed2-90d4-4ef8-8d2f-ff7773f2c903","D01","HOPB","HOPB.AOS.fish.point.04","2021-05-04T15:17Z","2021-05-04T16:19Z","HOPB.20210504.04.2.e-fisher",2,13,"SALFON","Salvelinus fontinalis","species",,,,95,8.4,,,,"juvenile","no sample",,,"0000-0003-4958-6412",
"8f080ca8-8cb7-4433-9c64-a060d1fceae6","D01","HOPB","HOPB.AOS.fish.point.04","2021-05-04T15:17Z","2021-05-04T16:19Z","HOPB.20210504.04.2.e-fisher",2,7,"RHIATR","Rhinichthys atratulus","species",,,,37,0.5,,,,"juvenile","no sample",,,"0000-0003-4958-6412",
"a16b5baa-5ad0-4d04-b12f-b1bdd3980044","D01","HOPB","HOPB.AOS.fish.point.04","2021-05-04T15:17Z","2021-05-04T16:19Z","HOPB.20210504.04.2.e-fisher",2,3,"RHIATR","Rhinichthys atratulus","species",,,,28,0.3,,,,"young of year","no sample",,,"0000-0003-4958-6412",
"1b32ffbf-739b-4be5-bade-a563ca175dc7","D01","HOPB","HOPB.AOS.fish.point.04","2021-05-04T15:17Z","2021-05-04T16:19Z","HOPB.20210504.04.2.e-fisher",2,10,"RHIATR","Rhinichthys atratulus","species",,,,36,0.3,,,,"juvenile","no sample",,,"0000-0003-4958-6412",
"984aea32-2ece-48db-bb0b-897912ff6d61","D01","HOPB","HOPB.AOS.fish.point.04","2021-05-04T16:55Z","2021-05-04T17:40Z","HOPB.20210504.04.3.e-fisher",3,9,"SEMATR","Semotilus atromaculatus","species",,,,92,8.1,,,,"adult","no sample",,,"0000-0003-4958-6412",
"da4b15f6-c898-40aa-89a8-931e7324fccc","D01","HOPB","HOPB.AOS.fish.point.04","2021-05-04T16:55Z","2021-05-04T17:40Z","HOPB.20210504.04.3.e-fisher",3,4,"SEMATR","Semotilus atromaculatus","species",,,,107,8.8,"Eroded fins",,,"adult","no sample",,,"0000-0003-4958-6412",
"374b2769-faed-484c-94e9-8478337dc26f","D01","HOPB","HOPB.AOS.fish.point.04","2021-05-04T16:55Z","2021-05-04T17:40Z","HOPB.20210504.04.3.e-fisher",3,3,"RHIATR","Rhinichthys atratulus","species",,,,73,4.5,,,,"adult","no sample",,,"0000-0003-4958-6412",
"7ff91ac5-3aed-4504-b3c9-6922f63b12c9","D01","HOPB","HOPB.AOS.fish.point.04","2021-05-04T16:55Z","2021-05-04T17:40Z","HOPB.20210504.04.3.e-fisher",3,10,"RHIATR","Rhinichthys atratulus","species",,,,64,2.6,,,,"adult","no sample",,,"0000-0003-4958-6412",
"7292422f-6ca8-44d3-8b39-f2e868ff220a","D01","HOPB","HOPB.AOS.fish.point.04","2021-05-04T16:55Z","2021-05-04T17:40Z","HOPB.20210504.04.3.e-fisher",3,2,"RHIATR","Rhinichthys atratulus","species",,,,62,2.2,,,,"adult","no sample",,,"0000-0003-4958-6412",
"da224105-1bcf-4cd3-aa57-540f0192379c","D01","HOPB","HOPB.AOS.fish.point.04","2021-05-04T16:55Z","2021-05-04T17:40Z","HOPB.20210504.04.3.e-fisher",3,6,"SEMATR","Semotilus atromaculatus","species",,,,62,2.0,,,,"juvenile","no sample",,,"0000-0003-4958-6412",
"33450414-174e-4248-8711-95f03a71f857","D01","HOPB","HOPB.AOS.fish.point.04","2021-05-04T16:55Z","2021-05-04T17:40Z","HOPB.20210504.04.3.e-fisher",3,5,"RHIATR","Rhinichthys atratulus","species",,,,66,3.2,,,,"adult","no sample",,,"0000-0003-4958-6412",
"ec7882bd-803f-4250-98c4-aa6ee4eb21d2","D01","HOPB","HOPB.AOS.fish.point.04","2021-05-04T16:55Z","2021-05-04T17:40Z","HOPB.20210504.04.3.e-fisher",3,1,"SEMATR","Semotilus atromaculatus","species",,,,110,13.0,,,,"adult","no sample",,,"0000-0003-4958-6412",
"7d9c54d9-fd5a-4960-88e2-9fe9b9bfe78e","D01","HOPB","HOPB.AOS.fish.point.04","2021-05-04T16:55Z","2021-05-04T17:40Z","HOPB.20210504.04.3.e-fisher",3,7,"SEMATR","Semotilus atromaculatus","species",,,,77,4.8,,,,"juvenile","no sample",,,"0000-0003-4958-6412",
"ca3dcf2d-46e7-4c68-b2a9-972c9a88075a","D01","HOPB","HOPB.AOS.fish.point.04","2021-05-04T16:55Z","2021-05-04T17:40Z","HOPB.20210504.04.3.e-fisher",3,11,"RHIATR","Rhinichthys atratulus","species",,,,29,0.3,,,,"young of year","no sample",,,"0000-0003-4958-6412",
"a449887d-8e40-41ab-91ff-ece922d9e41d","D01","HOPB","HOPB.AOS.fish.point.04","2021-05-04T16:55Z","2021-05-04T17:40Z","HOPB.20210504.04.3.e-fisher",3,8,"RHIATR","Rhinichthys atratulus","species",,,,30,0.3,,,,"young of year","no sample",,,"0000-0003-4958-6412",
"eb69af0f-c320-4315-ba8a-74a9d883e047","D01","HOPB","HOPB.AOS.fish.point.05","2021-05-04T18:42Z","2021-05-04T19:51Z","HOPB.20210504.05.1.e-fisher",1,25,"RHIATR","Rhinichthys atratulus","species",,,,67,2.7,,,,"adult","no sample",,,"0000-0003-4958-6412",
"4b28c250-05f0-4c72-be9b-ed4ebd5f42da","D01","HOPB","HOPB.AOS.fish.point.05","2021-05-04T18:42Z","2021-05-04T19:51Z","HOPB.20210504.05.1.e-fisher",1,42,"RHIATR","Rhinichthys atratulus","species",,,,47,1.0,,,,"juvenile","no sample",,,"0000-0003-4958-6412",
"37eb62b8-947c-48f4-b888-e1d9344fe76e","D01","HOPB","HOPB.AOS.fish.point.05","2021-05-04T18:42Z","2021-05-04T19:51Z","HOPB.20210504.05.1.e-fisher",1,5,"RHIATR","Rhinichthys atratulus","species",,,,75,5.3,,,,"adult","no sample",,,"0000-0003-4958-6412",
"511c29b4-8370-4894-a137-31e007c75c12","D01","HOPB","HOPB.AOS.fish.point.05","2021-05-04T18:42Z","2021-05-04T19:51Z","HOPB.20210504.05.1.e-fisher",1,51,"RHIATR","Rhinichthys atratulus","species",,,,42,0.5,,,,"juvenile","no sample",,,"0000-0003-4958-6412",
"f029fdfd-f13b-48dd-99b7-57685c95b80c","D01","HOPB","HOPB.AOS.fish.point.05","2021-05-04T18:42Z","2021-05-04T19:51Z","HOPB.20210504.05.1.e-fisher",1,55,"RHIATR","Rhinichthys atratulus","species",,,,30,0.3,,,,"young of year","no sample",,,"0000-0003-4958-6412",
"a98ebf59-1eef-46c3-af64-50d5ab1d3632","D01","HOPB","HOPB.AOS.fish.point.05","2021-05-04T18:42Z","2021-05-04T19:51Z","HOPB.20210504.05.1.e-fisher",1,64,"SEMATR","Semotilus atromaculatus","species",,,,35,0.3,,,,"juvenile","no sample",,,"0000-0003-4958-6412",
"e62ee8ea-b610-40ab-b834-635470c842a7","D01","HOPB","HOPB.AOS.fish.point.05","2021-05-04T18:42Z","2021-05-04T19:51Z","HOPB.20210504.05.1.e-fisher",1,20,"RHIATR","Rhinichthys atratulus","species",,,,52,1.3,,,,"juvenile","no sample",,,"0000-0003-4958-6412",
"6db531c3-1332-49ec-83cc-d89fc6aafc7a","D01","HOPB","HOPB.AOS.fish.point.05","2021-05-04T18:42Z","2021-05-04T19:51Z","HOPB.20210504.05.1.e-fisher",1,10,"RHIATR","Rhinichthys atratulus","species",,,,62,2.8,,,,"adult","no sample",,,"0000-0003-4958-6412",
"db745859-78db-4802-b52f-9848bb7bdee0","D01","HOPB","HOPB.AOS.fish.point.05","2021-05-04T18:42Z","2021-05-04T19:51Z","HOPB.20210504.05.1.e-fisher",1,41,"RHIATR","Rhinichthys atratulus","species",,,,32,0.3,,,,"juvenile","no sample",,,"0000-0003-4958-6412",
"731733f2-2d6f-484d-a51f-c39beaf38b13","D01","HOPB","HOPB.AOS.fish.point.05","2021-05-04T18:42Z","2021-05-04T19:51Z","HOPB.20210504.05.1.e-fisher",1,31,"RHIATR","Rhinichthys atratulus","species",,,,30,0.3,,,,"young of year","no sample",,,"0000-0003-4958-6412",
"93439f39-2067-4e4a-a5f3-5f7710d417b6","D01","HOPB","HOPB.AOS.fish.point.05","2021-05-04T18:42Z","2021-05-04T19:51Z","HOPB.20210504.05.1.e-fisher",1,38,"RHIATR","Rhinichthys atratulus","species",,,,37,0.6,,,,"juvenile","no sample",,,"0000-0003-4958-6412",
"acafa30b-3ecb-451b-828c-172e0aa613b9","D01","HOPB","HOPB.AOS.fish.point.05","2021-05-04T18:42Z","2021-05-04T19:51Z","HOPB.20210504.05.1.e-fisher",1,18,"RHIATR","Rhinichthys atratulus","species",,,,68,3.1,"Eroded fins",,,"adult","no sample",,,"0000-0003-4958-6412",
"adb00c19-f2eb-4401-9959-67e9e483e613","D01","HOPB","HOPB.AOS.fish.point.05","2021-05-04T18:42Z","2021-05-04T19:51Z","HOPB.20210504.05.1.e-fisher",1,32,"SEMATR","Semotilus atromaculatus","species",,,,85,7.0,,,,"adult","no sample",,,"0000-0003-4958-6412",
"d29c1602-2ed9-4196-bc1b-44afc97420b9","D01","HOPB","HOPB.AOS.fish.point.05","2021-05-04T18:42Z","2021-05-04T19:51Z","HOPB.20210504.05.1.e-fisher",1,50,"RHIATR","Rhinichthys atratulus","species",,,,35,0.5,,,,"juvenile","no sample",,,"0000-0003-4958-6412",
"95726d38-6d29-47b7-a9eb-1f29e8af2573","D01","HOPB","HOPB.AOS.fish.point.05","2021-05-04T18:42Z","2021-05-04T19:51Z","HOPB.20210504.05.1.e-fisher",1,65,"NOTSP","Notropis sp.","genus","D01.HOPB.2021.MorphA","Large blue eye. Light parr marks. Flat caudal fin.",,42,0.6,,,,"juvenile","no sample",,,"0000-0003-4958-6412",
"b114f3b6-222a-474a-bd55-1487248c89c1","D01","HOPB","HOPB.AOS.fish.point.05","2021-05-04T18:42Z","2021-05-04T19:51Z","HOPB.20210504.05.1.e-fisher",1,61,"SALFON","Salvelinus fontinalis","species",,,,25,0.3,,,,"young of year","no sample",,,"0000-0003-4958-6412",
"87230f83-beb2-411b-bf93-0f534c829cc0","D01","HOPB","HOPB.AOS.fish.point.05","2021-05-04T18:42Z","2021-05-04T19:51Z","HOPB.20210504.05.1.e-fisher",1,17,"SEMATR","Semotilus atromaculatus","species",,,,95,7.9,,,,"adult","no sample",,,"0000-0003-4958-6412",
"148294e8-b9d8-482b-be1b-53ad8864587e","D01","HOPB","HOPB.AOS.fish.point.05","2021-05-04T18:42Z","2021-05-04T19:51Z","HOPB.20210504.05.1.e-fisher",1,9,"RHIATR","Rhinichthys atratulus","species",,,,66,2.9,,,,"adult","no sample",,,"0000-0003-4958-6412",
"0d7f8d72-6cc0-40b2-bd49-dc649421c8c9","D01","HOPB","HOPB.AOS.fish.point.05","2021-05-04T18:42Z","2021-05-04T19:51Z","HOPB.20210504.05.1.e-fisher",1,62,"RHIATR","Rhinichthys atratulus","species",,,,30,0.3,,,,"young of year","no sample",,,"0000-0003-4958-6412",
"366e6c40-c745-42a0-92c5-9e44577c5d82","D01","HOPB","HOPB.AOS.fish.point.05","2021-05-04T18:42Z","2021-05-04T19:51Z","HOPB.20210504.05.1.e-fisher",1,57,"RHIATR","Rhinichthys atratulus","species",,,,35,0.3,,,,"juvenile","no sample",,,"0000-0003-4958-6412",
"84c27cb8-9237-499b-9e35-2017e80fe896","D01","HOPB","HOPB.AOS.fish.point.05","2021-05-04T18:42Z","2021-05-04T19:51Z","HOPB.20210504.05.1.e-fisher",1,53,"RHIATR","Rhinichthys atratulus","species",,,,47,1.0,,,,"juvenile","no sample",,,"0000-0003-4958-6412",
"c5d9caf7-1f50-42d6-b413-e4f8abe1bb47","D01","HOPB","HOPB.AOS.fish.point.05","2021-05-04T18:42Z","2021-05-04T19:51Z","HOPB.20210504.05.1.e-fisher",1,43,"RHIATR","Rhinichthys atratulus","species",,,,38,0.3,,,,"juvenile","no sample",,,"0000-0003-4958-6412",
"27913379-7a09-4e3f-9266-77c780056bb3","D01","HOPB","HOPB.AOS.fish.point.05","2021-05-04T18:42Z","2021-05-04T19:51Z","HOPB.20210504.05.1.e-fisher",1,1,"RHIATR","Rhinichthys atratulus","species",,,,51,1.0,,,,"juvenile","no sample",,,"0000-0003-4958-6412",
"6d361093-8cc5-477d-bdf2-d0a34ba9c9cd","D01","HOPB","HOPB.AOS.fish.point.05","2021-05-04T18:42Z","2021-05-04T19:51Z","HOPB.20210504.05.1.e-fisher",1,4,"SEMATR","Semotilus atromaculatus","species",,,,36,0.6,,,,"juvenile","no sample",,,"0000-0003-4958-6412",
"3e109d4e-5589-48df-8a65-0ec946e25c3e","D01","HOPB","HOPB.AOS.fish.point.05","2021-05-04T18:42Z","2021-05-04T19:51Z","HOPB.20210504.05.1.e-fisher",1,22,"SEMATR","Semotilus atromaculatus","species",,,,102,10.8,,,,"adult","no sample",,,"0000-0003-4958-6412",
"f761067d-0405-4810-bddf-67bb1f76c245","D01","HOPB","HOPB.AOS.fish.point.05","2021-05-04T18:42Z","2021-05-04T19:51Z","HOPB.20210504.05.1.e-fisher",1,15,"RHIATR","Rhinichthys atratulus","species",,,,26,0.3,"Eroded fins",,,"young of year","no sample",,,"0000-0003-4958-6412",
"4313cc0a-b40e-4742-a34a-6990733df28c","D01","HOPB","HOPB.AOS.fish.point.05","2021-05-04T18:42Z","2021-05-04T19:51Z","HOPB.20210504.05.1.e-fisher",1,7,"RHIATR","Rhinichthys atratulus","species",,,,66,3.6,"Eroded fins",,,"adult","no sample",,,"0000-0003-4958-6412",
"3c7df0cf-f2e4-4f69-8e67-aaad8f009f9c","D01","HOPB","HOPB.AOS.fish.point.05","2021-05-04T18:42Z","2021-05-04T19:51Z","HOPB.20210504.05.1.e-fisher",1,2,"RHIATR","Rhinichthys atratulus","species",,,,71,3.7,,,,"adult","no sample",,,"0000-0003-4958-6412",
"d608443f-bb23-4c27-a0b6-afc3dab70b95","D01","HOPB","HOPB.AOS.fish.point.05","2021-05-04T18:42Z","2021-05-04T19:51Z","HOPB.20210504.05.1.e-fisher",1,39,"RHIATR","Rhinichthys atratulus","species",,,,45,0.8,,,,"juvenile","no sample",,,"0000-0003-4958-6412",
"b2fbfa42-0728-40b6-b590-ef92cbfed55c","D01","HOPB","HOPB.AOS.fish.point.05","2021-05-04T18:42Z","2021-05-04T19:51Z","HOPB.20210504.05.1.e-fisher",1,59,"SALFON","Salvelinus fontinalis","species",,,,26,0.3,,,,"young of year","no sample",,,"0000-0003-4958-6412",
"2a2ff24f-3707-4c8c-804d-e03bffcca17a","D01","HOPB","HOPB.AOS.fish.point.05","2021-05-04T18:42Z","2021-05-04T19:51Z","HOPB.20210504.05.1.e-fisher",1,21,"RHIATR","Rhinichthys atratulus","species",,,,33,0.3,,,,"juvenile","no sample",,,"0000-0003-4958-6412",
"0e6fd303-045d-4910-b921-15c7db86549e","D01","HOPB","HOPB.AOS.fish.point.05","2021-05-04T18:42Z","2021-05-04T19:51Z","HOPB.20210504.05.1.e-fisher",1,26,"RHIATR","Rhinichthys atratulus","species",,,,61,2.3,,,,"adult","no sample",,,"0000-0003-4958-6412",
"7eca4972-50ba-4159-8ea0-88bd0a7bb30f","D01","HOPB","HOPB.AOS.fish.point.05","2021-05-04T18:42Z","2021-05-04T19:51Z","HOPB.20210504.05.1.e-fisher",1,29,"RHIATR","Rhinichthys atratulus","species",,,,70,3.6,,,,"adult","no sample",,,"0000-0003-4958-6412",
"2bb95d05-ce37-456b-99f3-5e9ec52a6857","D01","HOPB","HOPB.AOS.fish.point.05","2021-05-04T18:42Z","2021-05-04T19:51Z","HOPB.20210504.05.1.e-fisher",1,48,"RHIATR","Rhinichthys atratulus","species",,,,30,0.3,,,,"young of year","no sample",,,"0000-0003-4958-6412",
"d6d28a57-5ce5-4223-b1dc-a9fb3a573c9d","D01","HOPB","HOPB.AOS.fish.point.05","2021-05-04T18:42Z","2021-05-04T19:51Z","HOPB.20210504.05.1.e-fisher",1,27,"RHIATR","Rhinichthys atratulus","species",,,,66,2.6,,,,"adult","no sample",,,"0000-0003-4958-6412",
"ea1ef26b-dc02-4706-bbcf-57af9c21391f","D01","HOPB","HOPB.AOS.fish.point.05","2021-05-04T18:42Z","2021-05-04T19:51Z","HOPB.20210504.05.1.e-fisher",1,23,"SEMATR","Semotilus atromaculatus","species",,,,55,1.6,,,,"juvenile","no sample",,,"0000-0003-4958-6412",
"290e3175-7836-4d37-9d50-fdfa4b01a205","D01","HOPB","HOPB.AOS.fish.point.05","2021-05-04T18:42Z","2021-05-04T19:51Z","HOPB.20210504.05.1.e-fisher",1,12,"RHIATR","Rhinichthys atratulus","species",,,,77,5.3,,,,"adult","no sample",,,"0000-0003-4958-6412",
"7ddfb7b1-9a06-443c-9049-91fbe04e4af7","D01","HOPB","HOPB.AOS.fish.point.05","2021-05-04T18:42Z","2021-05-04T19:51Z","HOPB.20210504.05.1.e-fisher",1,34,"RHIATR","Rhinichthys atratulus","species",,,,52,1.4,,,,"juvenile","no sample",,,"0000-0003-4958-6412",
"9e21cab0-1e42-4b19-ab7d-ddfaf38ae2c7","D01","HOPB","HOPB.AOS.fish.point.05","2021-05-04T18:42Z","2021-05-04T19:51Z","HOPB.20210504.05.1.e-fisher",1,44,"RHIATR","Rhinichthys atratulus","species",,,,47,1.1,,,,"juvenile","no sample",,,"0000-0003-4958-6412",
"88efc54b-821c-4507-b5ac-5e5ab2089932","D01","HOPB","HOPB.AOS.fish.point.05","2021-05-04T18:42Z","2021-05-04T19:51Z","HOPB.20210504.05.1.e-fisher",1,16,"SEMATR","Semotilus atromaculatus","species",,,,56,1.7,,,,"juvenile","no sample",,,"0000-0003-4958-6412",
"85fa7a08-0141-47de-91a9-a878fbbc68a9","D01","HOPB","HOPB.AOS.fish.point.05","2021-05-04T18:42Z","2021-05-04T19:51Z","HOPB.20210504.05.1.e-fisher",1,24,"SEMATR","Semotilus atromaculatus","species",,,,67,2.6,,,,"juvenile","no sample",,,"0000-0003-4958-6412",
"2b8a9be8-2f0d-4df2-8e3e-9952774ee64b","D01","HOPB","HOPB.AOS.fish.point.05","2021-05-04T18:42Z","2021-05-04T19:51Z","HOPB.20210504.05.1.e-fisher",1,35,"RHIATR","Rhinichthys atratulus","species",,,,67,2.5,"Eroded fins",,,"adult","no sample",,,"0000-0003-4958-6412",
"b1b42ad6-a074-495a-b955-cccad5204f98","D01","HOPB","HOPB.AOS.fish.point.05","2021-05-04T18:42Z","2021-05-04T19:51Z","HOPB.20210504.05.1.e-fisher",1,36,"RHIATR","Rhinichthys atratulus","species",,,,28,0.3,,,,"young of year","no sample",,,"0000-0003-4958-6412",
"e9768b3f-616b-41dd-8fbe-10d565ecf6a7","D01","HOPB","HOPB.AOS.fish.point.05","2021-05-04T18:42Z","2021-05-04T19:51Z","HOPB.20210504.05.1.e-fisher",1,56,"SEMATR","Semotilus atromaculatus","species",,,,75,3.9,,,,"juvenile","no sample",,,"0000-0003-4958-6412",
"17787966-f4ac-4306-bf8a-2e18ddb28c9e","D01","HOPB","HOPB.AOS.fish.point.05","2021-05-04T18:42Z","2021-05-04T19:51Z","HOPB.20210504.05.1.e-fisher",1,3,"SEMATR","Semotilus atromaculatus","species",,,,87,6.8,,,,"adult","no sample",,,"0000-0003-4958-6412",
"4babfe54-8bab-470b-9221-19c4afbcf150","D01","HOPB","HOPB.AOS.fish.point.05","2021-05-04T18:42Z","2021-05-04T19:51Z","HOPB.20210504.05.1.e-fisher",1,19,"SEMATR","Semotilus atromaculatus","species",,,,56,1.6,,,,"adult","no sample",,,"0000-0003-4958-6412",
"30a7eda4-1a22-4523-8817-107016a164a4","D01","HOPB","HOPB.AOS.fish.point.05","2021-05-04T18:42Z","2021-05-04T19:51Z","HOPB.20210504.05.1.e-fisher",1,33,"SEMATR","Semotilus atromaculatus","species",,,,40,0.6,,,,"juvenile","no sample",,,"0000-0003-4958-6412",
"1eaf560d-cba8-41fb-8546-0bd66a35ed08","D01","HOPB","HOPB.AOS.fish.point.05","2021-05-04T18:42Z","2021-05-04T19:51Z","HOPB.20210504.05.1.e-fisher",1,49,"RHIATR","Rhinichthys atratulus","species",,,,26,0.3,,,,"young of year","no sample",,,"0000-0003-4958-6412",
"51f8b515-1136-4545-b9f9-7d480c4127ab","D01","HOPB","HOPB.AOS.fish.point.05","2021-05-04T18:42Z","2021-05-04T19:51Z","HOPB.20210504.05.1.e-fisher",1,11,"RHIATR","Rhinichthys atratulus","species",,,,70,3.2,"Eroded fins",,,"adult","no sample",,,"0000-0003-4958-6412",
"2b014358-c4c4-45be-b91c-4cdd8fb90b2e","D01","HOPB","HOPB.AOS.fish.point.05","2021-05-04T18:42Z","2021-05-04T19:51Z","HOPB.20210504.05.1.e-fisher",1,13,"SEMATR","Semotilus atromaculatus","species",,,,91,7.2,"Eroded fins",,,"adult","no sample",,,"0000-0003-4958-6412",
"e5d62dec-2f89-456a-a0bd-ae3c9bcb2049","D01","HOPB","HOPB.AOS.fish.point.05","2021-05-04T18:42Z","2021-05-04T19:51Z","HOPB.20210504.05.1.e-fisher",1,45,"RHIATR","Rhinichthys atratulus","species",,,,37,0.5,,,,"juvenile","no sample",,,"0000-0003-4958-6412",
"8c7d1660-3da8-4cda-8c71-ef1cab21ce78","D01","HOPB","HOPB.AOS.fish.point.05","2021-05-04T18:42Z","2021-05-04T19:51Z","HOPB.20210504.05.1.e-fisher",1,54,"RHIATR","Rhinichthys atratulus","species",,,,32,0.3,,,,"young of year","no sample",,,"0000-0003-4958-6412",
"1859553e-95fa-4dca-b846-bd99cfb8ded1","D01","HOPB","HOPB.AOS.fish.point.05","2021-05-04T18:42Z","2021-05-04T19:51Z","HOPB.20210504.05.1.e-fisher",1,58,"RHIATR","Rhinichthys atratulus","species",,,,25,0.3,,,,"young of year","no sample",,,"0000-0003-4958-6412",
"6f482793-afb4-4c15-b13a-a88c2873e96c","D01","HOPB","HOPB.AOS.fish.point.05","2021-05-04T18:42Z","2021-05-04T19:51Z","HOPB.20210504.05.1.e-fisher",1,47,"SEMATR","Semotilus atromaculatus","species",,,,32,0.3,,,,"young of year","no sample",,,"0000-0003-4958-6412",
"df6e622b-cca9-4ca7-87e4-c9bc5988391c","D01","HOPB","HOPB.AOS.fish.point.05","2021-05-04T18:42Z","2021-05-04T19:51Z","HOPB.20210504.05.1.e-fisher",1,30,"SEMATR","Semotilus atromaculatus","species",,,,62,2.0,,,,"juvenile","no sample",,,"0000-0003-4958-6412",
"783f68e8-76c5-4a6f-b122-4bf8e2c3f407","D01","HOPB","HOPB.AOS.fish.point.05","2021-05-04T18:42Z","2021-05-04T19:51Z","HOPB.20210504.05.1.e-fisher",1,37,"SEMATR","Semotilus atromaculatus","species",,,,30,0.3,,,,"young of year","no sample",,,"0000-0003-4958-6412",
"9428c2fc-af2c-48d3-b7eb-50d3e0445a9c","D01","HOPB","HOPB.AOS.fish.point.05","2021-05-04T18:42Z","2021-05-04T19:51Z","HOPB.20210504.05.1.e-fisher",1,8,"RHIATR","Rhinichthys atratulus","species",,,,62,2.5,,,,"adult","no sample",,,"0000-0003-4958-6412",
"d097c566-d97a-45dd-bd05-5ce65bf53767","D01","HOPB","HOPB.AOS.fish.point.05","2021-05-04T18:42Z","2021-05-04T19:51Z","HOPB.20210504.05.1.e-fisher",1,63,"RHIATR","Rhinichthys atratulus","species",,,,36,0.5,,,,"juvenile","no sample",,,"0000-0003-4958-6412",
"2441782f-320c-4dc5-b3b6-00e4c49db4e6","D01","HOPB","HOPB.AOS.fish.point.05","2021-05-04T18:42Z","2021-05-04T19:51Z","HOPB.20210504.05.1.e-fisher",1,60,"SEMATR","Semotilus atromaculatus","species",,,,38,0.6,,,,"juvenile","no sample",,,"0000-0003-4958-6412",
"2e535a8c-5156-4e5f-8fca-10a84f9ff237","D01","HOPB","HOPB.AOS.fish.point.05","2021-05-04T18:42Z","2021-05-04T19:51Z","HOPB.20210504.05.1.e-fisher",1,46,"RHIATR","Rhinichthys atratulus","species",,,,28,0.3,,,,"young of year","no sample",,,"0000-0003-4958-6412",
"01c2c63d-7880-41bc-bf29-c20955d9ad7d","D01","HOPB","HOPB.AOS.fish.point.05","2021-05-04T18:42Z","2021-05-04T19:51Z","HOPB.20210504.05.1.e-fisher",1,28,"SEMATR","Semotilus atromaculatus","species",,,,42,0.7,,,,"juvenile","no sample",,,"0000-0003-4958-6412",
"6fb17a2e-6e76-4221-88d5-468b7af2f2d5","D01","HOPB","HOPB.AOS.fish.point.05","2021-05-04T18:42Z","2021-05-04T19:51Z","HOPB.20210504.05.1.e-fisher",1,40,"RHIATR","Rhinichthys atratulus","species",,,,49,1.0,,,,"juvenile","no sample",,,"0000-0003-4958-6412",
"4eb9a185-2d67-4e8a-bc69-34ecba8e86b1","D01","HOPB","HOPB.AOS.fish.point.05","2021-05-04T18:42Z","2021-05-04T19:51Z","HOPB.20210504.05.1.e-fisher",1,14,"RHIATR","Rhinichthys atratulus","species",,,,65,2.7,,,,"adult","no sample",,,"0000-0003-4958-6412",
"8bedd0cd-bac7-4bc9-8201-f15f3ebf6db7","D01","HOPB","HOPB.AOS.fish.point.05","2021-05-04T18:42Z","2021-05-04T19:51Z","HOPB.20210504.05.1.e-fisher",1,6,"SEMATR","Semotilus atromaculatus","species",,,,42,0.6,,,,"juvenile","no sample",,,"0000-0003-4958-6412",
"8b375f8e-2e24-4aab-a01a-efbca3bbfd37","D01","HOPB","HOPB.AOS.fish.point.05","2021-05-04T18:42Z","2021-05-04T19:51Z","HOPB.20210504.05.1.e-fisher",1,52,"RHIATR","Rhinichthys atratulus","species",,,,,,,,,,"no sample",,,"0000-0003-4958-6412",
