uid,domainID,siteID,namedLocation,aquaticSiteType,decimalLatitude,decimalLongitude,coordinateUncertainty,elevation,elevationUncertainty,geodeticDatum,startDate,endDate,reachID,samplingProtocolVersion,samplingImpractical,reachCondition,measuredReachLength,fixedRandomReach,identifiedBy,aCollectedBy,bCollectedBy,cCollectedBy,remarks
"25b50137-95af-453b-af1f-db034de3c8d0","D01","HOPB","HOPB.AOS.fish.point.01","stream",42.471345,-72.324802,0.3,189.7,0.5,"WGS84","2019-05-06","2019-05-06","HOPB.20190506.01","NEON.DOC.001295vD",,"normal flow",88.0,"random","0000-0003-4958-6412","0000-0003-4958-6412","0000-0002-8951-4934","0000-0002-6931-9699",
"a977c194-c345-4bfb-829f-751ccc82a251","D01","HOPB","HOPB.AOS.fish.point.03","stream",42.471277,-72.327139,1.1,196.3,1.6,"WGS84","2019-05-06","2019-05-06","HOPB.20190506.03","NEON.DOC.001295vD",,"normal flow",130.0,"random","0000-0003-4958-6412","0000-0003-4958-6412","0000-0002-8951-4934","0000-0002-6931-9699",
"b0c9f2b8-9fb9-4827-9eb7-a66ee8ce9ab0","D01","HOPB","HOPB.AOS.fish.point.04","stream",42.471863,-72.328095,0.4,202.1,0.6,"WGS84","2019-05-07","2019-05-07","HOPB.20190507.04","NEON.DOC.001295vD",,"normal flow",83.0,"fixed","0000-0003-4958-6412","0000-0003-4958-6412","0000-0002-8951-4934","0000-0002-6931-9699",
"6d4f56c9-4f52-4837-a84e-768dcc1a08a0","D01","HOPB","HOPB.AOS.fish.point.08","stream",42.472372,-72.331594,0.2,209.5,0.3,"WGS84","2019-05-08","2019-05-08","HOPB.20190508.08","NEON.DOC.001295vD",,"normal flow",128.0,"random","0000-0003-4958-6412","0000-0003-4958-6412","0000-0002-8951-4934","0000-0002-6931-9699",
"5717158a-8cd6-4767-924b-df438f1c46c0","D01","HOPB","HOPB.AOS.fish.point.06","stream",42.471703,-72.329882,0.4,225.9,0.6,"WGS84","2019-05-08","2019-05-08","HOPB.20190508.06","NEON.DOC.001295vD",,"normal flow",82.0,"fixed","0000-0003-4958-6412","0000-0003-4958-6412","0000-0002-8951-4934","0000-0002-6931-9699",
"82d05110-bae5-4661-b47b-27ce10fc4532","D01","HOPB","HOPB.AOS.fish.point.10","stream",42.473425,-72.331693,0.1,211.8,0.1,"WGS84","2019-05-09","2019-05-09","HOPB.20190509.10","NEON.DOC.001295vD",,"normal flow",95.0,"fixed","0000-0003-4958-6412","0000-0003-4958-6412","0000-0002-8951-4934","0000-0002-6931-9699",
