uid,domainID,siteID,namedLocation,passStartTime,passEndTime,eventID,passNumber,specimenNumber,taxonID,scientificName,taxonRank,morphospeciesID,morphospeciesIDRemarks,identificationQualifier,fishTotalLength,fishWeight,delt,efMortality,efInjury,fishLifeStage,sampleTypeCollected,voucherSampleID,dnaSampleID,identifiedBy,remarks
"683d3ecb-789e-4625-8532-01959073b5ab","D01","HOPB","HOPB.AOS.fish.point.01","2019-05-06T17:21Z","2019-05-06T18:54Z","HOPB.20190506.01.1.e-fisher",1,20,"RHIATR","Rhinichthys atratulus","species",,,,61,2.0,,,,"juvenile","no sample",,,"0000-0003-4958-6412",
"29448d95-fdac-4950-bb15-59e8d2ff1e4f","D01","HOPB","HOPB.AOS.fish.point.01","2019-05-06T17:21Z","2019-05-06T18:54Z","HOPB.20190506.01.1.e-fisher",1,13,"SEMATR","Semotilus atromaculatus","species",,,,64,2.8,,,,"juvenile","no sample",,,"0000-0003-4958-6412",
"e3b78771-fdf8-4209-a437-1329665e7254","D01","HOPB","HOPB.AOS.fish.point.01","2019-05-06T17:21Z","2019-05-06T18:54Z","HOPB.20190506.01.1.e-fisher",1,18,"RHIATR","Rhinichthys atratulus","species",,,,66,2.7,,,,"adult","no sample",,,"0000-0003-4958-6412",
"d93fb054-d938-4337-aafb-f9a52cd26398","D01","HOPB","HOPB.AOS.fish.point.01","2019-05-06T17:21Z","2019-05-06T18:54Z","HOPB.20190506.01.1.e-fisher",1,8,"RHIATR","Rhinichthys atratulus","species",,,,40,0.8,"Eroded fins",,,"juvenile","no sample",,,"0000-0003-4958-6412",
"9c150d0a-d111-4771-825a-139a3b054f97","D01","HOPB","HOPB.AOS.fish.point.01","2019-05-06T17:21Z","2019-05-06T18:54Z","HOPB.20190506.01.1.e-fisher",1,6,"SEMATR","Semotilus atromaculatus","species",,,,49,1.2,,,,"young of year","no sample",,,"0000-0003-4958-6412",
"1e64bb06-53a8-4f35-a97f-6d0629c58fb4","D01","HOPB","HOPB.AOS.fish.point.01","2019-05-06T17:21Z","2019-05-06T18:54Z","HOPB.20190506.01.1.e-fisher",1,22,"SALFON","Salvelinus fontinalis","species",,,,167,47.4,,,"Y","adult","no sample",,,"0000-0003-4958-6412",
"ab177312-9a80-43d4-b359-9d7908c1eb80","D01","HOPB","HOPB.AOS.fish.point.01","2019-05-06T17:21Z","2019-05-06T18:54Z","HOPB.20190506.01.1.e-fisher",1,5,"SEMATR","Semotilus atromaculatus","species",,,,49,1.0,,,,"young of year","no sample",,,"0000-0003-4958-6412",
"a5a29ba1-b9b3-4885-b818-d760e9441146","D01","HOPB","HOPB.AOS.fish.point.01","2019-05-06T17:21Z","2019-05-06T18:54Z","HOPB.20190506.01.1.e-fisher",1,19,"RHIATR","Rhinichthys atratulus","species",,,,45,0.7,"Eroded fins",,,"young of year","no sample",,,"0000-0003-4958-6412",
"bc3ba3aa-3e30-4efc-a50e-896b1c35b2b8","D01","HOPB","HOPB.AOS.fish.point.01","2019-05-06T17:21Z","2019-05-06T18:54Z","HOPB.20190506.01.1.e-fisher",1,10,"RHIATR","Rhinichthys atratulus","species",,,,67,2.9,,,,"adult","no sample",,,"0000-0003-4958-6412",
"4ffce4eb-f40c-4d2e-af0a-60063669b2e6","D01","HOPB","HOPB.AOS.fish.point.01","2019-05-06T17:21Z","2019-05-06T18:54Z","HOPB.20190506.01.1.e-fisher",1,9,"SEMATR","Semotilus atromaculatus","species",,,,52,1.2,,,,"young of year","no sample",,,"0000-0003-4958-6412",
"43e8325f-ea60-4c77-89df-f90855380c35","D01","HOPB","HOPB.AOS.fish.point.01","2019-05-06T17:21Z","2019-05-06T18:54Z","HOPB.20190506.01.1.e-fisher",1,2,"SEMATR","Semotilus atromaculatus","species",,,,37,0.5,,,,"young of year","no sample",,,"0000-0003-4958-6412",
"67780f48-84e5-4f1e-922d-a9169a28c4d7","D01","HOPB","HOPB.AOS.fish.point.01","2019-05-06T17:21Z","2019-05-06T18:54Z","HOPB.20190506.01.1.e-fisher",1,4,"RHIATR","Rhinichthys atratulus","species",,,,50,1.3,,,,"juvenile","no sample",,,"0000-0003-4958-6412",
"49bcdd9f-c55d-4d63-9564-7527c8267e4f","D01","HOPB","HOPB.AOS.fish.point.01","2019-05-06T17:21Z","2019-05-06T18:54Z","HOPB.20190506.01.1.e-fisher",1,17,"RHIATR","Rhinichthys atratulus","species",,,,95,8.0,,,,"adult","no sample",,,"0000-0003-4958-6412",
"5fab0450-9132-4f99-8227-d37088cb0cb6","D01","HOPB","HOPB.AOS.fish.point.01","2019-05-06T17:21Z","2019-05-06T18:54Z","HOPB.20190506.01.1.e-fisher",1,12,"SEMATR","Semotilus atromaculatus","species",,,,82,5.7,,,,"adult","no sample",,,"0000-0003-4958-6412",
"9c043bc2-f5f2-4deb-aeb3-8003d42effc6","D01","HOPB","HOPB.AOS.fish.point.01","2019-05-06T17:21Z","2019-05-06T18:54Z","HOPB.20190506.01.1.e-fisher",1,11,"RHIATR","Rhinichthys atratulus","species",,,,52,1.2,"Eroded fins",,,"juvenile","no sample",,,"0000-0003-4958-6412",
"516f577b-784f-483e-b418-cb23ca347e40","D01","HOPB","HOPB.AOS.fish.point.01","2019-05-06T17:21Z","2019-05-06T18:54Z","HOPB.20190506.01.1.e-fisher",1,3,"RHIATR","Rhinichthys atratulus","species",,,,47,0.7,,,,"juvenile","no sample",,,"0000-0003-4958-6412",
"38de4012-e8b2-4426-b291-40d560b7048e","D01","HOPB","HOPB.AOS.fish.point.01","2019-05-06T17:21Z","2019-05-06T18:54Z","HOPB.20190506.01.1.e-fisher",1,21,"RHIATR","Rhinichthys atratulus","species",,,,67,3.1,,,,"adult","no sample",,,"0000-0003-4958-6412",
"adce0881-a723-4e0d-8d98-2638dd389ae2","D01","HOPB","HOPB.AOS.fish.point.01","2019-05-06T17:21Z","2019-05-06T18:54Z","HOPB.20190506.01.1.e-fisher",1,23,"SALFON","Salvelinus fontinalis","species",,,,115,15.9,,,,"juvenile","no sample",,,"0000-0003-4958-6412",
"98420bc2-f423-47ac-842e-520d6d5c2472","D01","HOPB","HOPB.AOS.fish.point.01","2019-05-06T17:21Z","2019-05-06T18:54Z","HOPB.20190506.01.1.e-fisher",1,7,"SEMATR","Semotilus atromaculatus","species",,,,70,2.4,,,,"young of year","no sample",,,"0000-0003-4958-6412",
"cee48c8f-ff43-496f-9697-94fc9378bb38","D01","HOPB","HOPB.AOS.fish.point.01","2019-05-06T17:21Z","2019-05-06T18:54Z","HOPB.20190506.01.1.e-fisher",1,15,"SEMATR","Semotilus atromaculatus","species",,,,55,1.5,,,,"young of year","no sample",,,"0000-0003-4958-6412",
"520f7d28-3423-473d-84d8-30269b160226","D01","HOPB","HOPB.AOS.fish.point.01","2019-05-06T17:21Z","2019-05-06T18:54Z","HOPB.20190506.01.1.e-fisher",1,1,"RHIATR","Rhinichthys atratulus","species",,,,75,4.2,"Eroded fins",,,"adult","no sample",,,"0000-0003-4958-6412",
"bc6dd98b-1f60-4d07-9a7d-2aafd87f518f","D01","HOPB","HOPB.AOS.fish.point.01","2019-05-06T17:21Z","2019-05-06T18:54Z","HOPB.20190506.01.1.e-fisher",1,16,"SEMATR","Semotilus atromaculatus","species",,,,78,4.4,,,,"juvenile","no sample",,,"0000-0003-4958-6412",
"480decf6-e912-4e58-8f5b-4965ccdc00ec","D01","HOPB","HOPB.AOS.fish.point.01","2019-05-06T17:21Z","2019-05-06T18:54Z","HOPB.20190506.01.1.e-fisher",1,14,"SEMATR","Semotilus atromaculatus","species",,,,63,2.3,,,,"juvenile","no sample",,,"0000-0003-4958-6412",
"88ecf2ec-fc5a-48a1-bc87-92b61e06765f","D01","HOPB","HOPB.AOS.fish.point.03","2019-05-06T20:26Z","2019-05-06T22:00Z","HOPB.20190506.03.1.e-fisher",1,10,"RHIATR","Rhinichthys atratulus","species",,,,45,0.7,,,,"young of year","no sample",,,"0000-0003-4958-6412",
"331fec42-832e-46fe-99b9-c67182f8334e","D01","HOPB","HOPB.AOS.fish.point.03","2019-05-06T20:26Z","2019-05-06T22:00Z","HOPB.20190506.03.1.e-fisher",1,4,"SEMATR","Semotilus atromaculatus","species",,,,46,0.8,,,,"young of year","no sample",,,"0000-0003-4958-6412",
"b300e866-c784-444c-85bb-d949063aa4b8","D01","HOPB","HOPB.AOS.fish.point.03","2019-05-06T20:26Z","2019-05-06T22:00Z","HOPB.20190506.03.1.e-fisher",1,27,"RHIATR","Rhinichthys atratulus","species",,,,50,1.0,,"Y",,"juvenile","voucher sample only","FSH.HOPB.03.20190506.1.0027",,"0000-0003-4958-6412",
"10f1bb48-8969-4dd0-81f7-1abfb3cdda22","D01","HOPB","HOPB.AOS.fish.point.03","2019-05-06T20:26Z","2019-05-06T22:00Z","HOPB.20190506.03.1.e-fisher",1,5,"RHIATR","Rhinichthys atratulus","species",,,,45,0.7,,,,"juvenile","no sample",,,"0000-0003-4958-6412",
"97dd666c-97e3-49e7-bf7c-20ce48f0afff","D01","HOPB","HOPB.AOS.fish.point.03","2019-05-06T20:26Z","2019-05-06T22:00Z","HOPB.20190506.03.1.e-fisher",1,25,"RHIATR","Rhinichthys atratulus","species",,,,34,0.3,,,,"young of year","no sample",,,"0000-0003-4958-6412",
"fdc3986e-3c77-46af-9f80-9f1b110c27dd","D01","HOPB","HOPB.AOS.fish.point.03","2019-05-06T20:26Z","2019-05-06T22:00Z","HOPB.20190506.03.1.e-fisher",1,2,"SEMATR","Semotilus atromaculatus","species",,,,49,1.0,"Eroded fins",,,"young of year","no sample",,,"0000-0003-4958-6412",
"67170e08-9973-4d08-b8d1-fa15dac8c8eb","D01","HOPB","HOPB.AOS.fish.point.03","2019-05-06T20:26Z","2019-05-06T22:00Z","HOPB.20190506.03.1.e-fisher",1,6,"SEMATR","Semotilus atromaculatus","species",,,,62,2.2,,,,"juvenile","no sample",,,"0000-0003-4958-6412",
"352ff625-e63b-4608-8701-71ddf12e11ee","D01","HOPB","HOPB.AOS.fish.point.03","2019-05-06T20:26Z","2019-05-06T22:00Z","HOPB.20190506.03.1.e-fisher",1,16,"RHIATR","Rhinichthys atratulus","species",,,,40,0.5,,,,"young of year","no sample",,,"0000-0003-4958-6412",
"8f56b1aa-2c3e-47ff-8bd2-d7415a9cf441","D01","HOPB","HOPB.AOS.fish.point.03","2019-05-06T20:26Z","2019-05-06T22:00Z","HOPB.20190506.03.1.e-fisher",1,22,"SALFON","Salvelinus fontinalis","species",,,,32,0.5,,,,"young of year","no sample",,,"0000-0003-4958-6412",
"3604a197-a7ed-449b-ab0a-d9d694b42aae","D01","HOPB","HOPB.AOS.fish.point.03","2019-05-06T20:26Z","2019-05-06T22:00Z","HOPB.20190506.03.1.e-fisher",1,9,"SEMATR","Semotilus atromaculatus","species",,,,99,8.0,"Eroded fins",,,"adult","no sample",,,"0000-0003-4958-6412",
"7b43d955-dcf8-4412-b6b1-bf51636bf1a3","D01","HOPB","HOPB.AOS.fish.point.03","2019-05-06T20:26Z","2019-05-06T22:00Z","HOPB.20190506.03.1.e-fisher",1,18,"SEMATR","Semotilus atromaculatus","species",,,,65,2.2,,,,"juvenile","no sample",,,"0000-0003-4958-6412",
"efda2c2e-a342-4002-9b21-93a5c0fb1150","D01","HOPB","HOPB.AOS.fish.point.03","2019-05-06T20:26Z","2019-05-06T22:00Z","HOPB.20190506.03.1.e-fisher",1,26,"RHIATR","Rhinichthys atratulus","species",,,,30,0.3,,,,"young of year","no sample",,,"0000-0003-4958-6412",
"9dde1013-2413-4f89-acbe-f93a99205e96","D01","HOPB","HOPB.AOS.fish.point.03","2019-05-06T20:26Z","2019-05-06T22:00Z","HOPB.20190506.03.1.e-fisher",1,12,"RHIATR","Rhinichthys atratulus","species",,,,66,2.3,,,,"adult","no sample",,,"0000-0003-4958-6412",
"ea5f724e-11e8-4aa0-905e-d1d90c27d7cc","D01","HOPB","HOPB.AOS.fish.point.03","2019-05-06T20:26Z","2019-05-06T22:00Z","HOPB.20190506.03.1.e-fisher",1,24,"RHIATR","Rhinichthys atratulus","species",,,,45,0.6,"Eroded fins",,,"young of year","no sample",,,"0000-0003-4958-6412",
"b1d3ee6d-5262-409f-90b7-125f46a361f4","D01","HOPB","HOPB.AOS.fish.point.03","2019-05-06T20:26Z","2019-05-06T22:00Z","HOPB.20190506.03.1.e-fisher",1,17,"SEMATR","Semotilus atromaculatus","species",,,,40,0.3,,,,"young of year","no sample",,,"0000-0003-4958-6412",
"fe29565c-133d-4367-b7e2-0e2ec661f01a","D01","HOPB","HOPB.AOS.fish.point.03","2019-05-06T20:26Z","2019-05-06T22:00Z","HOPB.20190506.03.1.e-fisher",1,14,"SEMATR","Semotilus atromaculatus","species",,,,45,1.0,,,,"young of year","no sample",,,"0000-0003-4958-6412",
"8dcf6f1b-83f1-4745-b71e-59a090dd7935","D01","HOPB","HOPB.AOS.fish.point.03","2019-05-06T20:26Z","2019-05-06T22:00Z","HOPB.20190506.03.1.e-fisher",1,7,"RHIATR","Rhinichthys atratulus","species",,,,42,0.7,,,,"young of year","no sample",,,"0000-0003-4958-6412",
"20c13174-bfe9-48dc-ab68-d2af6eb2951c","D01","HOPB","HOPB.AOS.fish.point.03","2019-05-06T20:26Z","2019-05-06T22:00Z","HOPB.20190506.03.1.e-fisher",1,23,"RHIATR","Rhinichthys atratulus","species",,,,32,0.3,,,,"young of year","no sample",,,"0000-0003-4958-6412",
"e4e70756-f6c6-417b-a2e2-5de4eb22c3d2","D01","HOPB","HOPB.AOS.fish.point.03","2019-05-06T20:26Z","2019-05-06T22:00Z","HOPB.20190506.03.1.e-fisher",1,15,"SEMATR","Semotilus atromaculatus","species",,,,65,2.4,,,,"juvenile","no sample",,,"0000-0003-4958-6412",
"885afa96-cb81-4abe-b3e2-230ec6ff6c89","D01","HOPB","HOPB.AOS.fish.point.03","2019-05-06T20:26Z","2019-05-06T22:00Z","HOPB.20190506.03.1.e-fisher",1,11,"SEMATR","Semotilus atromaculatus","species",,,,68,2.8,,,,"juvenile","no sample",,,"0000-0003-4958-6412",
"80806ae9-e88f-447b-8a18-e019185b6b27","D01","HOPB","HOPB.AOS.fish.point.03","2019-05-06T20:26Z","2019-05-06T22:00Z","HOPB.20190506.03.1.e-fisher",1,19,"RHIATR","Rhinichthys atratulus","species",,,,52,1.3,"Eroded fins",,,"juvenile","no sample",,,"0000-0003-4958-6412",
"e55a1246-d7ff-499a-b8d7-2f314d120caf","D01","HOPB","HOPB.AOS.fish.point.03","2019-05-06T20:26Z","2019-05-06T22:00Z","HOPB.20190506.03.1.e-fisher",1,3,"SEMATR","Semotilus atromaculatus","species",,,,52,1.4,,,,"young of year","no sample",,,"0000-0003-4958-6412",
"6f3ae54c-94ba-41e1-ae49-148f79df573b","D01","HOPB","HOPB.AOS.fish.point.03","2019-05-06T20:26Z","2019-05-06T22:00Z","HOPB.20190506.03.1.e-fisher",1,8,"SEMATR","Semotilus atromaculatus","species",,,,62,2.0,,,,"juvenile","no sample",,,"0000-0003-4958-6412",
"6a89015d-8699-4273-95ce-50a79b18f40a","D01","HOPB","HOPB.AOS.fish.point.03","2019-05-06T20:26Z","2019-05-06T22:00Z","HOPB.20190506.03.1.e-fisher",1,20,"RHIATR","Rhinichthys atratulus","species",,,,65,2.6,,,,"adult","no sample",,,"0000-0003-4958-6412",
"e226bd42-434e-4d00-81b0-e222c5007c85","D01","HOPB","HOPB.AOS.fish.point.03","2019-05-06T20:26Z","2019-05-06T22:00Z","HOPB.20190506.03.1.e-fisher",1,13,"SEMATR","Semotilus atromaculatus","species",,,,95,8.8,,,,"adult","no sample",,,"0000-0003-4958-6412",
"4d27dc61-d7bb-4eb4-b8d0-8c69966ead3c","D01","HOPB","HOPB.AOS.fish.point.03","2019-05-06T20:26Z","2019-05-06T22:00Z","HOPB.20190506.03.1.e-fisher",1,21,"SEMATR","Semotilus atromaculatus","species",,,,55,1.6,,,,"juvenile","no sample",,,"0000-0003-4958-6412",
"a7a309b4-4664-4b46-9156-676598b142d3","D01","HOPB","HOPB.AOS.fish.point.03","2019-05-06T20:26Z","2019-05-06T22:00Z","HOPB.20190506.03.1.e-fisher",1,1,"SEMATR","Semotilus atromaculatus","species",,,,45,0.8,"Eroded fins",,,"young of year","no sample",,,"0000-0003-4958-6412",
"f46b35a5-75c7-4db4-a52e-0a1109721638","D01","HOPB","HOPB.AOS.fish.point.04","2019-05-07T13:54Z","2019-05-07T15:04Z","HOPB.20190507.04.1.e-fisher",1,14,"RHIATR","Rhinichthys atratulus","species",,,,37,0.3,,,,"young of year","no sample",,,"0000-0003-4958-6412",
"e4f60351-7408-42ee-8cf6-044cc83007d4","D01","HOPB","HOPB.AOS.fish.point.04","2019-05-07T13:54Z","2019-05-07T15:04Z","HOPB.20190507.04.1.e-fisher",1,20,"RHIATR","Rhinichthys atratulus","species",,,,48,1.4,,,,"juvenile","no sample",,,"0000-0003-4958-6412",
"c8c830f1-5b58-42ac-a6be-7c2c342c32fd","D01","HOPB","HOPB.AOS.fish.point.04","2019-05-07T13:54Z","2019-05-07T15:04Z","HOPB.20190507.04.1.e-fisher",1,15,"RHIATR","Rhinichthys atratulus","species",,,,51,1.0,,,,"juvenile","no sample",,,"0000-0003-4958-6412",
"a15cb898-71dd-46ef-8a14-de9793163615","D01","HOPB","HOPB.AOS.fish.point.04","2019-05-07T13:54Z","2019-05-07T15:04Z","HOPB.20190507.04.1.e-fisher",1,3,"SEMATR","Semotilus atromaculatus","species",,,,132,23.5,,,,"adult","no sample",,,"0000-0003-4958-6412",
"5cecfaf3-bed3-48fc-b65f-841f2110be99","D01","HOPB","HOPB.AOS.fish.point.04","2019-05-07T13:54Z","2019-05-07T15:04Z","HOPB.20190507.04.1.e-fisher",1,2,"SALFON","Salvelinus fontinalis","species",,,,107,14.1,,,,"juvenile","dna sample only","FSH.HOPB.04.20190507.1.0002","FSH.HOPB.04.20190507.1.0002.DNA","0000-0003-4958-6412",
"48b6d71d-35db-4d3b-9c42-c06ee5aeca5c","D01","HOPB","HOPB.AOS.fish.point.04","2019-05-07T13:54Z","2019-05-07T15:04Z","HOPB.20190507.04.1.e-fisher",1,7,"SEMATR","Semotilus atromaculatus","species",,,,57,1.7,,,,"juvenile","no sample",,,"0000-0003-4958-6412",
"f10fb79d-1a2f-4d85-9c18-9ce8f995927c","D01","HOPB","HOPB.AOS.fish.point.04","2019-05-07T13:54Z","2019-05-07T15:04Z","HOPB.20190507.04.1.e-fisher",1,10,"SEMATR","Semotilus atromaculatus","species",,,,63,2.6,,,,"juvenile","no sample",,,"0000-0003-4958-6412",
"9ea1351d-c8e4-4701-b75d-ff09195b5115","D01","HOPB","HOPB.AOS.fish.point.04","2019-05-07T13:54Z","2019-05-07T15:04Z","HOPB.20190507.04.1.e-fisher",1,6,"RHIATR","Rhinichthys atratulus","species",,,,36,0.8,,,,"young of year","no sample",,,"0000-0003-4958-6412",
"0485779a-807f-4e7c-ae4a-9ef78ac49343","D01","HOPB","HOPB.AOS.fish.point.04","2019-05-07T13:54Z","2019-05-07T15:04Z","HOPB.20190507.04.1.e-fisher",1,16,"RHIATR","Rhinichthys atratulus","species",,,,50,1.0,,,,"juvenile","no sample",,,"0000-0003-4958-6412",
"d2e7e07a-85f1-42b6-bf48-88f9cd43140f","D01","HOPB","HOPB.AOS.fish.point.04","2019-05-07T13:54Z","2019-05-07T15:04Z","HOPB.20190507.04.1.e-fisher",1,4,"RHIATR","Rhinichthys atratulus","species",,,,60,1.9,,,,"adult","no sample",,,"0000-0003-4958-6412",
"cc39cf94-0483-4bc2-ac75-91cf3c7c5abb","D01","HOPB","HOPB.AOS.fish.point.04","2019-05-07T13:54Z","2019-05-07T15:04Z","HOPB.20190507.04.1.e-fisher",1,1,"SALFON","Salvelinus fontinalis","species",,,,106,12.8,,,,"juvenile","dna sample only","FSH.HOPB.04.20190507.1.0001","FSH.HOPB.04.20190507.1.0001.DNA","0000-0003-4958-6412",
"2b044993-6199-4fc8-ac24-ad8862514865","D01","HOPB","HOPB.AOS.fish.point.04","2019-05-07T13:54Z","2019-05-07T15:04Z","HOPB.20190507.04.1.e-fisher",1,8,"SEMATR","Semotilus atromaculatus","species",,,,48,1.2,,,,"young of year","no sample",,,"0000-0003-4958-6412",
"bc79791f-8809-4656-baee-99485db79edf","D01","HOPB","HOPB.AOS.fish.point.04","2019-05-07T13:54Z","2019-05-07T15:04Z","HOPB.20190507.04.1.e-fisher",1,9,"SEMATR","Semotilus atromaculatus","species",,,,63,2.6,,,,"juvenile","no sample",,,"0000-0003-4958-6412",
"9965e8ec-016a-4c1a-be24-d6af1fdcf29e","D01","HOPB","HOPB.AOS.fish.point.04","2019-05-07T13:54Z","2019-05-07T15:04Z","HOPB.20190507.04.1.e-fisher",1,17,"SALFON","Salvelinus fontinalis","species",,,,31,0.5,,,,"young of year","no sample",,,"0000-0003-4958-6412",
"3f3f03f4-1d2a-44cd-84f9-9ecdebe5bee5","D01","HOPB","HOPB.AOS.fish.point.04","2019-05-07T13:54Z","2019-05-07T15:04Z","HOPB.20190507.04.1.e-fisher",1,12,"RHIATR","Rhinichthys atratulus","species",,,,50,1.8,,,,"juvenile","no sample",,,"0000-0003-4958-6412",
"0602b716-7040-4bd0-99f5-9847167fcc95","D01","HOPB","HOPB.AOS.fish.point.04","2019-05-07T13:54Z","2019-05-07T15:04Z","HOPB.20190507.04.1.e-fisher",1,18,"SEMATR","Semotilus atromaculatus","species",,,,57,1.6,,,,"juvenile","no sample",,,"0000-0003-4958-6412",
"37233ab6-1442-4afa-8c82-f14228ab3680","D01","HOPB","HOPB.AOS.fish.point.04","2019-05-07T13:54Z","2019-05-07T15:04Z","HOPB.20190507.04.1.e-fisher",1,5,"SEMATR","Semotilus atromaculatus","species",,,,60,2.0,,,,"juvenile","no sample",,,"0000-0003-4958-6412",
"c499a686-8371-4d51-984f-a517fcb572e4","D01","HOPB","HOPB.AOS.fish.point.04","2019-05-07T13:54Z","2019-05-07T15:04Z","HOPB.20190507.04.1.e-fisher",1,19,"RHIATR","Rhinichthys atratulus","species",,,,37,0.5,,,,"young of year","no sample",,,"0000-0003-4958-6412",
"253931e6-234a-4db6-9b45-ffee6f4ce154","D01","HOPB","HOPB.AOS.fish.point.04","2019-05-07T13:54Z","2019-05-07T15:04Z","HOPB.20190507.04.1.e-fisher",1,13,"RHIATR","Rhinichthys atratulus","species",,,,46,0.7,,,,"young of year","no sample",,,"0000-0003-4958-6412",
"0bf172d7-4f38-48e9-bdad-ca949d9d4749","D01","HOPB","HOPB.AOS.fish.point.04","2019-05-07T13:54Z","2019-05-07T15:04Z","HOPB.20190507.04.1.e-fisher",1,11,"SEMATR","Semotilus atromaculatus","species",,,,80,5.0,"Eroded fins",,,"juvenile","no sample",,,"0000-0003-4958-6412",
"8a9371cf-137d-49e1-81fa-6fd09bcee1fc","D01","HOPB","HOPB.AOS.fish.point.04","2019-05-07T16:08Z","2019-05-07T17:24Z","HOPB.20190507.04.2.e-fisher",2,5,"RHIATR","Rhinichthys atratulus","species",,,,48,0.9,,,,"juvenile","no sample",,,"0000-0003-4958-6412",
"c62e33f0-e56c-4117-b50b-f758a6aed945","D01","HOPB","HOPB.AOS.fish.point.04","2019-05-07T16:08Z","2019-05-07T17:24Z","HOPB.20190507.04.2.e-fisher",2,7,"RHIATR","Rhinichthys atratulus","species",,,,40,0.5,,,,"young of year","no sample",,,"0000-0003-4958-6412",
"f7be236c-10d7-4a6b-8954-2bf03bfd89d4","D01","HOPB","HOPB.AOS.fish.point.04","2019-05-07T16:08Z","2019-05-07T17:24Z","HOPB.20190507.04.2.e-fisher",2,2,"RHIATR","Rhinichthys atratulus","species",,,,70,3.3,,,,"adult","no sample",,,"0000-0003-4958-6412",
"9e3fe596-d70b-45e6-90fd-4be46b2dfe86","D01","HOPB","HOPB.AOS.fish.point.04","2019-05-07T16:08Z","2019-05-07T17:24Z","HOPB.20190507.04.2.e-fisher",2,6,"RHIATR","Rhinichthys atratulus","species",,,,62,2.0,,,,"adult","no sample",,,"0000-0003-4958-6412",
"de522780-77a5-432c-a691-3d223225481e","D01","HOPB","HOPB.AOS.fish.point.04","2019-05-07T16:08Z","2019-05-07T17:24Z","HOPB.20190507.04.2.e-fisher",2,3,"RHIATR","Rhinichthys atratulus","species",,,,64,2.2,,,,"adult","no sample",,,"0000-0003-4958-6412",
"3a78dd25-03dc-49cf-b1cf-308a9b7d8eaf","D01","HOPB","HOPB.AOS.fish.point.04","2019-05-07T16:08Z","2019-05-07T17:24Z","HOPB.20190507.04.2.e-fisher",2,4,"RHIATR","Rhinichthys atratulus","species",,,,73,3.5,,,,"adult","no sample",,,"0000-0003-4958-6412",
"c516ec86-9842-438e-bc4b-57cdbbe25754","D01","HOPB","HOPB.AOS.fish.point.04","2019-05-07T16:08Z","2019-05-07T17:24Z","HOPB.20190507.04.2.e-fisher",2,1,"RHIATR","Rhinichthys atratulus","species",,,,67,2.7,,,,"adult","no sample",,,"0000-0003-4958-6412",
"35c890c8-1330-43b7-80c5-1281953a56b0","D01","HOPB","HOPB.AOS.fish.point.04","2019-05-07T18:09Z","2019-05-07T19:22Z","HOPB.20190507.04.3.e-fisher",3,4,"RHIATR","Rhinichthys atratulus","species",,,,49,1.1,,,,"juvenile","no sample",,,"0000-0003-4958-6412",
"d4eeb979-ef37-4562-a640-75aa4cdd4594","D01","HOPB","HOPB.AOS.fish.point.04","2019-05-07T18:09Z","2019-05-07T19:22Z","HOPB.20190507.04.3.e-fisher",3,1,"SALFON","Salvelinus fontinalis","species",,,,162,35.8,,,,"adult","no sample",,,"0000-0003-4958-6412",
"0a5fc5ec-3e99-41d7-b439-193ea58741a3","D01","HOPB","HOPB.AOS.fish.point.04","2019-05-07T18:09Z","2019-05-07T19:22Z","HOPB.20190507.04.3.e-fisher",3,7,"RHIATR","Rhinichthys atratulus","species",,,,60,2.0,,,,"adult","no sample",,,"0000-0003-4958-6412",
"d8553ce3-2676-450e-9eed-815afc044142","D01","HOPB","HOPB.AOS.fish.point.04","2019-05-07T18:09Z","2019-05-07T19:22Z","HOPB.20190507.04.3.e-fisher",3,2,"RHIATR","Rhinichthys atratulus","species",,,,55,1.5,,,,"juvenile","no sample",,,"0000-0003-4958-6412",
"9736cc06-7bc1-40a1-bf1a-8b91df3cdff8","D01","HOPB","HOPB.AOS.fish.point.04","2019-05-07T18:09Z","2019-05-07T19:22Z","HOPB.20190507.04.3.e-fisher",3,5,"RHIATR","Rhinichthys atratulus","species",,,,59,2.1,,,,"adult","no sample",,,"0000-0003-4958-6412",
"345f3f8c-8734-469f-9620-b06ab33170f8","D01","HOPB","HOPB.AOS.fish.point.04","2019-05-07T18:09Z","2019-05-07T19:22Z","HOPB.20190507.04.3.e-fisher",3,3,"SEMATR","Semotilus atromaculatus","species",,,,55,1.9,,,,"juvenile","no sample",,,"0000-0003-4958-6412",
"86e022a0-9f77-4319-9070-18404af7a306","D01","HOPB","HOPB.AOS.fish.point.04","2019-05-07T18:09Z","2019-05-07T19:22Z","HOPB.20190507.04.3.e-fisher",3,6,"RHIATR","Rhinichthys atratulus","species",,,,37,0.6,"Eroded fins",,,"young of year","no sample",,,"0000-0003-4958-6412",
"c8fbc806-972d-4a26-92f0-3583e5491de8","D01","HOPB","HOPB.AOS.fish.point.06","2019-05-08T14:17Z","2019-05-08T14:51Z","HOPB.20190508.06.1.e-fisher",1,3,"RHIATR","Rhinichthys atratulus","species",,,,63,1.6,,,,"adult","no sample",,,"0000-0003-4958-6412",
"9102ea49-704d-4f4b-8c52-32eedc41e583","D01","HOPB","HOPB.AOS.fish.point.06","2019-05-08T14:17Z","2019-05-08T14:51Z","HOPB.20190508.06.1.e-fisher",1,1,"RHIATR","Rhinichthys atratulus","species",,,,53,1.1,,,,"juvenile","no sample",,,"0000-0003-4958-6412",
"89097d5c-f5d1-4597-b391-032f90402135","D01","HOPB","HOPB.AOS.fish.point.06","2019-05-08T14:17Z","2019-05-08T14:51Z","HOPB.20190508.06.1.e-fisher",1,5,"SEMATR","Semotilus atromaculatus","species",,,,42,0.6,,,,"young of year","no sample",,,"0000-0003-4958-6412",
"a1e545c9-c56c-4af2-8b74-eb0dd16b3640","D01","HOPB","HOPB.AOS.fish.point.06","2019-05-08T14:17Z","2019-05-08T14:51Z","HOPB.20190508.06.1.e-fisher",1,7,"RHIATR","Rhinichthys atratulus","species",,,,64,2.6,,,,"adult","no sample",,,"0000-0003-4958-6412",
"6d70de11-3bec-4783-86ab-6187524b6459","D01","HOPB","HOPB.AOS.fish.point.06","2019-05-08T14:17Z","2019-05-08T14:51Z","HOPB.20190508.06.1.e-fisher",1,8,"RHIATR","Rhinichthys atratulus","species",,,,73,2.3,,,,"adult","no sample",,,"0000-0003-4958-6412",
"d9688eb0-a913-4a07-ab76-4b0bc3963d96","D01","HOPB","HOPB.AOS.fish.point.06","2019-05-08T14:17Z","2019-05-08T14:51Z","HOPB.20190508.06.1.e-fisher",1,2,"RHIATR","Rhinichthys atratulus","species",,,,48,0.7,,,,"juvenile","no sample",,,"0000-0003-4958-6412",
"2cff994e-a228-430e-b99f-0a798d4bb0c6","D01","HOPB","HOPB.AOS.fish.point.06","2019-05-08T14:17Z","2019-05-08T14:51Z","HOPB.20190508.06.1.e-fisher",1,4,"RHIATR","Rhinichthys atratulus","species",,,,56,1.7,,,,"adult","no sample",,,"0000-0003-4958-6412",
"f9034898-57d5-4b5b-a017-387fc0e70b3d","D01","HOPB","HOPB.AOS.fish.point.06","2019-05-08T14:17Z","2019-05-08T14:51Z","HOPB.20190508.06.1.e-fisher",1,10,"SALFON","Salvelinus fontinalis","species",,,,216,78.3,,,,"adult","no sample",,,"0000-0003-4958-6412",
"4fda4bf4-8eb0-4ebf-8330-84968f850983","D01","HOPB","HOPB.AOS.fish.point.06","2019-05-08T14:17Z","2019-05-08T14:51Z","HOPB.20190508.06.1.e-fisher",1,9,"SALFON","Salvelinus fontinalis","species",,,,36,0.3,,,,"young of year","no sample",,,"0000-0003-4958-6412",
"5701b2d0-eab6-42dc-b5e0-2930123a528b","D01","HOPB","HOPB.AOS.fish.point.06","2019-05-08T14:17Z","2019-05-08T14:51Z","HOPB.20190508.06.1.e-fisher",1,6,"RHIATR","Rhinichthys atratulus","species",,,,52,1.3,,,,"juvenile","no sample",,,"0000-0003-4958-6412",
"f7f5abc3-eb2f-455c-ac65-1fd4777d6e60","D01","HOPB","HOPB.AOS.fish.point.06","2019-05-08T15:20Z","2019-05-08T15:47Z","HOPB.20190508.06.2.e-fisher",2,1,"RHIATR","Rhinichthys atratulus","species",,,,50,0.5,,,,"juvenile","no sample",,,"0000-0003-4958-6412",
"96d194a1-2716-42a5-a755-51d0103f5c09","D01","HOPB","HOPB.AOS.fish.point.06","2019-05-08T15:20Z","2019-05-08T15:47Z","HOPB.20190508.06.2.e-fisher",2,5,"RHIATR","Rhinichthys atratulus","species",,,,82,4.0,,,,"adult","no sample",,,"0000-0003-4958-6412",
"444b7521-abdc-4847-8dac-986365035d44","D01","HOPB","HOPB.AOS.fish.point.06","2019-05-08T15:20Z","2019-05-08T15:47Z","HOPB.20190508.06.2.e-fisher",2,2,"RHIATR","Rhinichthys atratulus","species",,,,62,3.1,,,,"adult","no sample",,,"0000-0003-4958-6412",
"877e7149-2ed2-4263-a554-261ff7e32af4","D01","HOPB","HOPB.AOS.fish.point.06","2019-05-08T15:20Z","2019-05-08T15:47Z","HOPB.20190508.06.2.e-fisher",2,4,"SEMATR","Semotilus atromaculatus","species",,,,71,1.6,,,,"adult","no sample",,,"0000-0003-4958-6412",
"bf066203-3854-4a22-9757-2e0ec3f103a1","D01","HOPB","HOPB.AOS.fish.point.06","2019-05-08T15:20Z","2019-05-08T15:47Z","HOPB.20190508.06.2.e-fisher",2,3,"SEMATR","Semotilus atromaculatus","species",,,,61,2.1,,,,"adult","no sample",,,"0000-0003-4958-6412",
"9edaac2e-76f5-4900-aacf-d91651408bde","D01","HOPB","HOPB.AOS.fish.point.06","2019-05-08T15:20Z","2019-05-08T15:47Z","HOPB.20190508.06.2.e-fisher",2,7,"RHIATR","Rhinichthys atratulus","species",,,,46,1.3,,,,"juvenile","no sample",,,"0000-0003-4958-6412",
"7e8b18de-cfad-481e-a80a-74387ffe0625","D01","HOPB","HOPB.AOS.fish.point.06","2019-05-08T15:20Z","2019-05-08T15:47Z","HOPB.20190508.06.2.e-fisher",2,6,"RHIATR","Rhinichthys atratulus","species",,,,65,2.3,,,,"adult","no sample",,,"0000-0003-4958-6412",
"725eddbf-355e-4014-9652-84f00f5b2aed","D01","HOPB","HOPB.AOS.fish.point.06","2019-05-08T16:28Z","2019-05-08T17:00Z","HOPB.20190508.06.3.e-fisher",3,1,"RHIATR","Rhinichthys atratulus","species",,,,61,2.6,,,,"adult","no sample",,,"0000-0003-4958-6412",
"d2c8fbbf-e89d-41a0-aa31-6914383d5585","D01","HOPB","HOPB.AOS.fish.point.06","2019-05-08T16:28Z","2019-05-08T17:00Z","HOPB.20190508.06.3.e-fisher",3,2,"SEMATR","Semotilus atromaculatus","species",,,,60,2.2,"Eroded fins",,,"juvenile","no sample",,,"0000-0003-4958-6412",
"2842284d-b820-4f97-acb1-0e83559724ae","D01","HOPB","HOPB.AOS.fish.point.06","2019-05-08T16:28Z","2019-05-08T17:00Z","HOPB.20190508.06.3.e-fisher",3,4,"RHIATR","Rhinichthys atratulus","species",,,,62,1.4,,,,"adult","no sample",,,"0000-0003-4958-6412",
"ebe734a4-2643-4b22-b275-1cb79da56b44","D01","HOPB","HOPB.AOS.fish.point.06","2019-05-08T16:28Z","2019-05-08T17:00Z","HOPB.20190508.06.3.e-fisher",3,5,"SEMATR","Semotilus atromaculatus","species",,,,60,1.3,,,,"juvenile","no sample",,,"0000-0003-4958-6412",
"ee3f8dfb-6917-40fd-9151-3e16446b38d6","D01","HOPB","HOPB.AOS.fish.point.06","2019-05-08T16:28Z","2019-05-08T17:00Z","HOPB.20190508.06.3.e-fisher",3,3,"RHIATR","Rhinichthys atratulus","species",,,,64,2.7,,,,"adult","no sample",,,"0000-0003-4958-6412",
"73165920-a0c4-4230-9fac-279098dba875","D01","HOPB","HOPB.AOS.fish.point.08","2019-05-08T18:15Z","2019-05-08T19:20Z","HOPB.20190508.08.1.e-fisher",1,35,"RHIATR","Rhinichthys atratulus","species",,,,28,0.3,,,,"young of year","no sample",,,"0000-0003-4958-6412",
"f223789b-bd6a-4ba3-8567-615e96e995d3","D01","HOPB","HOPB.AOS.fish.point.08","2019-05-08T18:15Z","2019-05-08T19:20Z","HOPB.20190508.08.1.e-fisher",1,16,"RHIATR","Rhinichthys atratulus","species",,,,61,1.6,,,,"adult","no sample",,,"0000-0003-4958-6412",
"d5e3e689-8efe-4ab0-bcec-f5e9833ca4e8","D01","HOPB","HOPB.AOS.fish.point.08","2019-05-08T18:15Z","2019-05-08T19:20Z","HOPB.20190508.08.1.e-fisher",1,17,"RHIATR","Rhinichthys atratulus","species",,,,41,0.6,,,,"juvenile","no sample",,,"0000-0003-4958-6412",
"b3887028-6aaf-445d-a873-d0334aaa91e0","D01","HOPB","HOPB.AOS.fish.point.08","2019-05-08T18:15Z","2019-05-08T19:20Z","HOPB.20190508.08.1.e-fisher",1,5,"RHIATR","Rhinichthys atratulus","species",,,,50,1.3,,,,"juvenile","no sample",,,"0000-0003-4958-6412",
"2bfcdac9-c0cf-44e4-8d3b-3e430a3edb9b","D01","HOPB","HOPB.AOS.fish.point.08","2019-05-08T18:15Z","2019-05-08T19:20Z","HOPB.20190508.08.1.e-fisher",1,22,"RHIATR","Rhinichthys atratulus","species",,,,66,3.8,,,,"adult","no sample",,,"0000-0003-4958-6412",
"abbd13a0-12d5-42a4-974c-d89c023337e9","D01","HOPB","HOPB.AOS.fish.point.08","2019-05-08T18:15Z","2019-05-08T19:20Z","HOPB.20190508.08.1.e-fisher",1,27,"SEMATR","Semotilus atromaculatus","species",,,,93,7.7,,,,"adult","no sample",,,"0000-0003-4958-6412",
"753fc04e-2e81-4330-a496-4c19fa97d22c","D01","HOPB","HOPB.AOS.fish.point.08","2019-05-08T18:15Z","2019-05-08T19:20Z","HOPB.20190508.08.1.e-fisher",1,19,"RHIATR","Rhinichthys atratulus","species",,,,63,1.1,,,,"adult","no sample",,,"0000-0003-4958-6412",
"22e43f6a-21d9-4e62-a47d-7dade4d31c60","D01","HOPB","HOPB.AOS.fish.point.08","2019-05-08T18:15Z","2019-05-08T19:20Z","HOPB.20190508.08.1.e-fisher",1,36,"RHIATR","Rhinichthys atratulus","species",,,,30,0.3,,,,"young of year","no sample",,,"0000-0003-4958-6412",
"d8b810e1-ce22-46dd-8bf2-ed0422acfbdc","D01","HOPB","HOPB.AOS.fish.point.08","2019-05-08T18:15Z","2019-05-08T19:20Z","HOPB.20190508.08.1.e-fisher",1,30,"RHIATR","Rhinichthys atratulus","species",,,,59,2.1,,,,"adult","no sample",,,"0000-0003-4958-6412",
"f6aa0af6-7f3e-463a-9476-02dfc7be7228","D01","HOPB","HOPB.AOS.fish.point.08","2019-05-08T18:15Z","2019-05-08T19:20Z","HOPB.20190508.08.1.e-fisher",1,37,"SEMATR","Semotilus atromaculatus","species",,,,51,1.2,,,,"juvenile","no sample",,,"0000-0003-4958-6412",
"5a2b8c69-f206-448a-abbc-b3eb806be848","D01","HOPB","HOPB.AOS.fish.point.08","2019-05-08T18:15Z","2019-05-08T19:20Z","HOPB.20190508.08.1.e-fisher",1,21,"RHIATR","Rhinichthys atratulus","species",,,,44,0.5,,,,"juvenile","no sample",,,"0000-0003-4958-6412",
"06b33ba0-e33d-4fd9-9695-3ac2e6e77f1d","D01","HOPB","HOPB.AOS.fish.point.08","2019-05-08T18:15Z","2019-05-08T19:20Z","HOPB.20190508.08.1.e-fisher",1,38,"RHIATR","Rhinichthys atratulus","species",,,,59,2.2,,,,"adult","no sample",,,"0000-0003-4958-6412",
"ae0629e0-b013-4902-9ccb-828a5e3a26df","D01","HOPB","HOPB.AOS.fish.point.08","2019-05-08T18:15Z","2019-05-08T19:20Z","HOPB.20190508.08.1.e-fisher",1,7,"RHIATR","Rhinichthys atratulus","species",,,,67,2.4,,,,"adult","no sample",,,"0000-0003-4958-6412",
"9cc77290-4a2a-4e63-bde4-d3f8a1129a25","D01","HOPB","HOPB.AOS.fish.point.08","2019-05-08T18:15Z","2019-05-08T19:20Z","HOPB.20190508.08.1.e-fisher",1,13,"SEMATR","Semotilus atromaculatus","species",,,,53,2.6,,,,"juvenile","no sample",,,"0000-0003-4958-6412",
"b7fb1683-46ba-4d9e-876b-b2e7e4e676ec","D01","HOPB","HOPB.AOS.fish.point.08","2019-05-08T18:15Z","2019-05-08T19:20Z","HOPB.20190508.08.1.e-fisher",1,15,"RHIATR","Rhinichthys atratulus","species",,,,40,0.5,,,,"juvenile","no sample",,,"0000-0003-4958-6412",
"bb061be0-383f-47a7-8534-b2ca2ee2e5ac","D01","HOPB","HOPB.AOS.fish.point.08","2019-05-08T18:15Z","2019-05-08T19:20Z","HOPB.20190508.08.1.e-fisher",1,3,"RHIATR","Rhinichthys atratulus","species",,,,68,3.0,,,,"adult","no sample",,,"0000-0003-4958-6412",
"849020c1-56be-4d14-86ae-743e3e439b23","D01","HOPB","HOPB.AOS.fish.point.08","2019-05-08T18:15Z","2019-05-08T19:20Z","HOPB.20190508.08.1.e-fisher",1,8,"SEMATR","Semotilus atromaculatus","species",,,,52,1.2,,,,"juvenile","no sample",,,"0000-0003-4958-6412",
"c75dcb1f-76c8-4904-8be8-d250f0355fb8","D01","HOPB","HOPB.AOS.fish.point.08","2019-05-08T18:15Z","2019-05-08T19:20Z","HOPB.20190508.08.1.e-fisher",1,42,"SALTRU","Salmo trutta","species",,,,223,92.4,,,,"adult","dna sample only","FSH.HOPB.08.20190508.1.0042","FSH.HOPB.08.20190508.1.0042.DNA","0000-0003-4958-6412",
"f4444b80-67bc-4af0-b039-7477f6b5e0cd","D01","HOPB","HOPB.AOS.fish.point.08","2019-05-08T18:15Z","2019-05-08T19:20Z","HOPB.20190508.08.1.e-fisher",1,33,"RHIATR","Rhinichthys atratulus","species",,,,54,0.5,"Eroded fins",,,"juvenile","no sample",,,"0000-0003-4958-6412",
"2d7e8797-9068-48b6-93bb-4a8a021f3345","D01","HOPB","HOPB.AOS.fish.point.08","2019-05-08T18:15Z","2019-05-08T19:20Z","HOPB.20190508.08.1.e-fisher",1,11,"SEMATR","Semotilus atromaculatus","species",,,,62,2.1,,,,"juvenile","no sample",,,"0000-0003-4958-6412",
"3d8c7d0c-a69c-4bc5-8215-dc3f19cc014f","D01","HOPB","HOPB.AOS.fish.point.08","2019-05-08T18:15Z","2019-05-08T19:20Z","HOPB.20190508.08.1.e-fisher",1,32,"SEMATR","Semotilus atromaculatus","species",,,,54,1.6,,,,"juvenile","no sample",,,"0000-0003-4958-6412",
"b7643263-7cd9-4e11-99cf-e71e00739a6e","D01","HOPB","HOPB.AOS.fish.point.08","2019-05-08T18:15Z","2019-05-08T19:20Z","HOPB.20190508.08.1.e-fisher",1,18,"RHIATR","Rhinichthys atratulus","species",,,,70,2.3,"Eroded fins","Y",,"adult","voucher sample only","FSH.HOPB.08.20190508.1.0018",,"0000-0003-4958-6412",
"27ae3024-bffc-4b70-bd56-1ac87f4342b1","D01","HOPB","HOPB.AOS.fish.point.08","2019-05-08T18:15Z","2019-05-08T19:20Z","HOPB.20190508.08.1.e-fisher",1,34,"RHIATR","Rhinichthys atratulus","species",,,,39,0.5,,,,"juvenile","no sample",,,"0000-0003-4958-6412",
"6d4b3a4b-97e3-4c67-b2d6-8ce36af178a4","D01","HOPB","HOPB.AOS.fish.point.08","2019-05-08T18:15Z","2019-05-08T19:20Z","HOPB.20190508.08.1.e-fisher",1,31,"SEMATR","Semotilus atromaculatus","species",,,,49,1.2,,,,"juvenile","no sample",,,"0000-0003-4958-6412",
"22e704b0-e696-49df-8ffb-ee03a413c6b3","D01","HOPB","HOPB.AOS.fish.point.08","2019-05-08T18:15Z","2019-05-08T19:20Z","HOPB.20190508.08.1.e-fisher",1,4,"SEMATR","Semotilus atromaculatus","species",,,,72,3.3,,,,"adult","no sample",,,"0000-0003-4958-6412",
"583526c1-90d6-400f-87e6-434dc54c2876","D01","HOPB","HOPB.AOS.fish.point.08","2019-05-08T18:15Z","2019-05-08T19:20Z","HOPB.20190508.08.1.e-fisher",1,41,"SALFON","Salvelinus fontinalis","species",,,,221,110.2,,,,"adult","dna sample only","FSH.HOPB.08.20190508.1.0041","FSH.HOPB.08.20190508.1.0041.DNA","0000-0003-4958-6412",
"2354b5a8-22d8-4cb1-9ab3-3146cbddefcc","D01","HOPB","HOPB.AOS.fish.point.08","2019-05-08T18:15Z","2019-05-08T19:20Z","HOPB.20190508.08.1.e-fisher",1,25,"RHIATR","Rhinichthys atratulus","species",,,,40,0.6,,,,"young of year","no sample",,,"0000-0003-4958-6412",
"9ff9fc5d-9f89-4e68-a47e-c849a424266b","D01","HOPB","HOPB.AOS.fish.point.08","2019-05-08T18:15Z","2019-05-08T19:20Z","HOPB.20190508.08.1.e-fisher",1,24,"SEMATR","Semotilus atromaculatus","species",,,,73,3.6,,,,"adult","no sample",,,"0000-0003-4958-6412",
"fd7435e5-7e7e-47d3-aab6-faee32905fa8","D01","HOPB","HOPB.AOS.fish.point.08","2019-05-08T18:15Z","2019-05-08T19:20Z","HOPB.20190508.08.1.e-fisher",1,14,"RHIATR","Rhinichthys atratulus","species",,,,41,0.5,"Eroded fins",,,"juvenile","no sample",,,"0000-0003-4958-6412",
"db5afe1b-6d41-4679-92a8-2148c2cfee45","D01","HOPB","HOPB.AOS.fish.point.08","2019-05-08T18:15Z","2019-05-08T19:20Z","HOPB.20190508.08.1.e-fisher",1,28,"RHIATR","Rhinichthys atratulus","species",,,,56,3.1,,,,"adult","no sample",,,"0000-0003-4958-6412",
"62a88bba-ae30-4012-8761-f7d1ba667ad9","D01","HOPB","HOPB.AOS.fish.point.08","2019-05-08T18:15Z","2019-05-08T19:20Z","HOPB.20190508.08.1.e-fisher",1,40,"RHIATR","Rhinichthys atratulus","species",,,,35,0.5,,,,"young of year","no sample",,,"0000-0003-4958-6412",
"8cd01467-9bf8-432c-8193-10c9b11c3497","D01","HOPB","HOPB.AOS.fish.point.08","2019-05-08T18:15Z","2019-05-08T19:20Z","HOPB.20190508.08.1.e-fisher",1,10,"SEMATR","Semotilus atromaculatus","species",,,,81,6.2,,,,"adult","no sample",,,"0000-0003-4958-6412",
"9fc985b3-a9f6-498c-91bd-c7d0c6632e92","D01","HOPB","HOPB.AOS.fish.point.08","2019-05-08T18:15Z","2019-05-08T19:20Z","HOPB.20190508.08.1.e-fisher",1,43,"SALTRU","Salmo trutta","species",,,,220,99.6,,,,"adult","dna sample only","FSH.HOPB.08.20190508.1.0043","FSH.HOPB.08.20190508.1.0043.DNA","0000-0003-4958-6412",
"71ecb2d3-deb4-4570-b073-28b0f307f55b","D01","HOPB","HOPB.AOS.fish.point.08","2019-05-08T18:15Z","2019-05-08T19:20Z","HOPB.20190508.08.1.e-fisher",1,9,"SEMATR","Semotilus atromaculatus","species",,,,51,1.2,,,,"juvenile","no sample",,,"0000-0003-4958-6412",
"512a05ec-5441-43c4-b26b-17b6944ea818","D01","HOPB","HOPB.AOS.fish.point.08","2019-05-08T18:15Z","2019-05-08T19:20Z","HOPB.20190508.08.1.e-fisher",1,29,"RHIATR","Rhinichthys atratulus","species",,,,57,1.8,,,,"adult","no sample",,,"0000-0003-4958-6412",
"25a61168-3182-4aac-ab36-f786398f8ffb","D01","HOPB","HOPB.AOS.fish.point.08","2019-05-08T18:15Z","2019-05-08T19:20Z","HOPB.20190508.08.1.e-fisher",1,6,"SEMATR","Semotilus atromaculatus","species",,,,93,5.6,,,,"adult","no sample",,,"0000-0003-4958-6412",
"8e65b1d9-64d0-43c8-835a-38cd927754cb","D01","HOPB","HOPB.AOS.fish.point.08","2019-05-08T18:15Z","2019-05-08T19:20Z","HOPB.20190508.08.1.e-fisher",1,26,"SEMATR","Semotilus atromaculatus","species",,,,57,0.9,,,,"juvenile","no sample",,,"0000-0003-4958-6412",
"46499a77-df2c-490a-8d72-51aedee58838","D01","HOPB","HOPB.AOS.fish.point.08","2019-05-08T18:15Z","2019-05-08T19:20Z","HOPB.20190508.08.1.e-fisher",1,2,"RHIATR","Rhinichthys atratulus","species",,,,31,0.3,,,,"young of year","no sample",,,"0000-0003-4958-6412",
"076bf7e3-94ec-4bc3-89ba-849c55907a12","D01","HOPB","HOPB.AOS.fish.point.08","2019-05-08T18:15Z","2019-05-08T19:20Z","HOPB.20190508.08.1.e-fisher",1,39,"RHIATR","Rhinichthys atratulus","species",,,,38,0.6,,,,"juvenile","no sample",,,"0000-0003-4958-6412",
"8b43565e-3451-44b2-8475-a0413a9c272e","D01","HOPB","HOPB.AOS.fish.point.08","2019-05-08T18:15Z","2019-05-08T19:20Z","HOPB.20190508.08.1.e-fisher",1,20,"SEMATR","Semotilus atromaculatus","species",,,,62,1.6,"Eroded fins",,,"adult","no sample",,,"0000-0003-4958-6412",
"33956cc3-fe88-4ff0-ba5b-cc3189226f99","D01","HOPB","HOPB.AOS.fish.point.08","2019-05-08T18:15Z","2019-05-08T19:20Z","HOPB.20190508.08.1.e-fisher",1,1,"SEMATR","Semotilus atromaculatus","species",,,,100,9.4,"Lesions/parasites",,,"adult","no sample",,,"0000-0003-4958-6412",
"3dddab6d-f352-4b1a-8e32-205843a729e7","D01","HOPB","HOPB.AOS.fish.point.08","2019-05-08T18:15Z","2019-05-08T19:20Z","HOPB.20190508.08.1.e-fisher",1,23,"RHIATR","Rhinichthys atratulus","species",,,,67,1.6,,,,"adult","no sample",,,"0000-0003-4958-6412",
"f10b5c84-eb3d-4452-a3d9-8eba5c72b95a","D01","HOPB","HOPB.AOS.fish.point.08","2019-05-08T18:15Z","2019-05-08T19:20Z","HOPB.20190508.08.1.e-fisher",1,12,"RHIATR","Rhinichthys atratulus","species",,,,49,1.1,,,,"juvenile","no sample",,,"0000-0003-4958-6412",
"8d59052e-1cba-48d1-8766-70e3c10edcc6","D01","HOPB","HOPB.AOS.fish.point.08","2019-05-08T18:15Z","2019-05-08T19:20Z","HOPB.20190508.08.1.e-fisher",1,44,"SALFON","Salvelinus fontinalis","species",,,,161,40.9,"Eroded fins",,,"adult","no sample",,,"0000-0003-4958-6412",
"b85b1fdc-3e09-4d5f-9c2f-2a43cea727dc","D01","HOPB","HOPB.AOS.fish.point.10","2019-05-09T15:09Z","2019-05-09T16:03Z","HOPB.20190509.10.1.e-fisher",1,54,"SEMATR","Semotilus atromaculatus","species",,,,42,1.0,,,,"juvenile","no sample",,,"0000-0003-4958-6412",
"400973d9-df4e-461b-94cc-87101e794dbc","D01","HOPB","HOPB.AOS.fish.point.10","2019-05-09T15:09Z","2019-05-09T16:03Z","HOPB.20190509.10.1.e-fisher",1,32,"SEMATR","Semotilus atromaculatus","species",,,,82,5.0,,,,"adult","no sample",,,"0000-0003-4958-6412",
"afc429bd-d7cb-4f71-af22-0caf707aaa8f","D01","HOPB","HOPB.AOS.fish.point.10","2019-05-09T15:09Z","2019-05-09T16:03Z","HOPB.20190509.10.1.e-fisher",1,35,"RHIATR","Rhinichthys atratulus","species",,,,44,1.2,"Tumors",,,"juvenile","no sample",,,"0000-0003-4958-6412",
"f7709a3a-b497-4aed-a15b-33b73d434827","D01","HOPB","HOPB.AOS.fish.point.10","2019-05-09T15:09Z","2019-05-09T16:03Z","HOPB.20190509.10.1.e-fisher",1,7,"SEMATR","Semotilus atromaculatus","species",,,,55,1.8,,,,"juvenile","no sample",,,"0000-0003-4958-6412",
"45c57739-19b1-46ac-a8a9-7e414b9b4360","D01","HOPB","HOPB.AOS.fish.point.10","2019-05-09T15:09Z","2019-05-09T16:03Z","HOPB.20190509.10.1.e-fisher",1,60,"SEMATR","Semotilus atromaculatus","species",,,,36,0.5,,,,"young of year","no sample",,,"0000-0003-4958-6412",
"e60a5c14-ea65-466d-99c5-69ac6ac48787","D01","HOPB","HOPB.AOS.fish.point.10","2019-05-09T15:09Z","2019-05-09T16:03Z","HOPB.20190509.10.1.e-fisher",1,56,"RHIATR","Rhinichthys atratulus","species",,,,62,2.8,,,,"adult","no sample",,,"0000-0003-4958-6412",
"eba35250-dbf5-4b96-a2a3-b4ae68e1d577","D01","HOPB","HOPB.AOS.fish.point.10","2019-05-09T15:09Z","2019-05-09T16:03Z","HOPB.20190509.10.1.e-fisher",1,40,"RHIATR","Rhinichthys atratulus","species",,,,45,0.6,"Eroded fins",,,"juvenile","no sample",,,"0000-0003-4958-6412",
"e0c5eb71-134f-49fe-9887-bf0980740340","D01","HOPB","HOPB.AOS.fish.point.10","2019-05-09T15:09Z","2019-05-09T16:03Z","HOPB.20190509.10.1.e-fisher",1,1,"RHIATR","Rhinichthys atratulus","species",,,,31,0.3,,,,"young of year","no sample",,,"0000-0003-4958-6412",
"e2bf3877-1710-476f-9c11-68e88f0a6447","D01","HOPB","HOPB.AOS.fish.point.10","2019-05-09T15:09Z","2019-05-09T16:03Z","HOPB.20190509.10.1.e-fisher",1,30,"RHIATR","Rhinichthys atratulus","species",,,,53,1.0,,,,"juvenile","no sample",,,"0000-0003-4958-6412",
"e45730e6-902d-4028-b9e3-31d6fb94767c","D01","HOPB","HOPB.AOS.fish.point.10","2019-05-09T15:09Z","2019-05-09T16:03Z","HOPB.20190509.10.1.e-fisher",1,39,"RHIATR","Rhinichthys atratulus","species",,,,54,1.6,,,,"juvenile","no sample",,,"0000-0003-4958-6412",
"b676c15c-483e-4c10-ab4f-2cc6c80a2250","D01","HOPB","HOPB.AOS.fish.point.10","2019-05-09T15:09Z","2019-05-09T16:03Z","HOPB.20190509.10.1.e-fisher",1,8,"RHIATR","Rhinichthys atratulus","species",,,,60,1.9,,,,"adult","no sample",,,"0000-0003-4958-6412",
"d7af6707-40f1-40e4-9d7e-d57ccfaf245f","D01","HOPB","HOPB.AOS.fish.point.10","2019-05-09T15:09Z","2019-05-09T16:03Z","HOPB.20190509.10.1.e-fisher",1,69,"RHIATR","Rhinichthys atratulus","species",,,,25,0.3,,,,"young of year","no sample",,,"0000-0003-4958-6412",
"c0e0e9cb-f007-467a-96ff-2a1c90658f55","D01","HOPB","HOPB.AOS.fish.point.10","2019-05-09T15:09Z","2019-05-09T16:03Z","HOPB.20190509.10.1.e-fisher",1,62,"SEMATR","Semotilus atromaculatus","species",,,,52,1.5,,,,"juvenile","no sample",,,"0000-0003-4958-6412",
"c00cc875-c23f-4579-8b20-0e3c9f3d6577","D01","HOPB","HOPB.AOS.fish.point.10","2019-05-09T15:09Z","2019-05-09T16:03Z","HOPB.20190509.10.1.e-fisher",1,9,"RHIATR","Rhinichthys atratulus","species",,,,60,2.0,,,,"adult","no sample",,,"0000-0003-4958-6412",
"46e1635b-c5bb-41de-9c7f-8bc432068fbe","D01","HOPB","HOPB.AOS.fish.point.10","2019-05-09T15:09Z","2019-05-09T16:03Z","HOPB.20190509.10.1.e-fisher",1,73,"SEMATR","Semotilus atromaculatus","species",,,,111,14.8,,,,"adult","dna sample only","FSH.HOPB.10.20190509.1.0073","FSH.HOPB.10.20190509.1.0073.DNA","0000-0003-4958-6412",
"5de5046a-4705-4dae-a558-4457e9a99834","D01","HOPB","HOPB.AOS.fish.point.10","2019-05-09T15:09Z","2019-05-09T16:03Z","HOPB.20190509.10.1.e-fisher",1,74,"RHIATR","Rhinichthys atratulus","species",,,,62,2.2,,,,"adult","dna sample only","FSH.HOPB.10.20190509.1.0074","FSH.HOPB.10.20190509.1.0074.DNA","0000-0003-4958-6412",
"76674da3-39a3-4fbe-a6a1-e7d4f3f725d5","D01","HOPB","HOPB.AOS.fish.point.10","2019-05-09T15:09Z","2019-05-09T16:03Z","HOPB.20190509.10.1.e-fisher",1,27,"RHIATR","Rhinichthys atratulus","species",,,,42,0.9,,,,"juvenile","no sample",,,"0000-0003-4958-6412",
"a25bd424-6422-4672-8ba1-aff880dddb32","D01","HOPB","HOPB.AOS.fish.point.10","2019-05-09T15:09Z","2019-05-09T16:03Z","HOPB.20190509.10.1.e-fisher",1,6,"SEMATR","Semotilus atromaculatus","species",,,,55,1.4,,,,"juvenile","no sample",,,"0000-0003-4958-6412",
"b3b9f5e1-e676-4192-bfe0-f33ec2f63d24","D01","HOPB","HOPB.AOS.fish.point.10","2019-05-09T15:09Z","2019-05-09T16:03Z","HOPB.20190509.10.1.e-fisher",1,12,"SEMATR","Semotilus atromaculatus","species",,,,66,2.5,,,,"juvenile","no sample",,,"0000-0003-4958-6412",
"add04014-a91a-4d76-bd09-686c7d74e01a","D01","HOPB","HOPB.AOS.fish.point.10","2019-05-09T15:09Z","2019-05-09T16:03Z","HOPB.20190509.10.1.e-fisher",1,44,"RHIATR","Rhinichthys atratulus","species",,,,58,1.8,,,,"adult","no sample",,,"0000-0003-4958-6412",
"5c468e0a-8397-475d-a421-2514e4e5e28a","D01","HOPB","HOPB.AOS.fish.point.10","2019-05-09T15:09Z","2019-05-09T16:03Z","HOPB.20190509.10.1.e-fisher",1,50,"SEMATR","Semotilus atromaculatus","species",,,,57,2.8,,,,"juvenile","no sample",,,"0000-0003-4958-6412",
"d46e832d-4cba-4a37-9e11-4a78f112c533","D01","HOPB","HOPB.AOS.fish.point.10","2019-05-09T15:09Z","2019-05-09T16:03Z","HOPB.20190509.10.1.e-fisher",1,59,"SEMATR","Semotilus atromaculatus","species",,,,87,7.6,,,,"adult","no sample",,,"0000-0003-4958-6412",
"3b224758-fed0-4491-baae-422d3512d0bd","D01","HOPB","HOPB.AOS.fish.point.10","2019-05-09T15:09Z","2019-05-09T16:03Z","HOPB.20190509.10.1.e-fisher",1,61,"RHIATR","Rhinichthys atratulus","species",,,,40,0.8,,,,"juvenile","no sample",,,"0000-0003-4958-6412",
"d216284c-a6f2-4985-8466-37b4967e4dfd","D01","HOPB","HOPB.AOS.fish.point.10","2019-05-09T15:09Z","2019-05-09T16:03Z","HOPB.20190509.10.1.e-fisher",1,71,"SEMATR","Semotilus atromaculatus","species",,,,180,64.4,,,,"adult","dna sample only","FSH.HOPB.10.20190509.1.0071","FSH.HOPB.10.20190509.1.0071.DNA","0000-0003-4958-6412",
"b8bad943-3788-4ae7-985d-5bc09e21037d","D01","HOPB","HOPB.AOS.fish.point.10","2019-05-09T15:09Z","2019-05-09T16:03Z","HOPB.20190509.10.1.e-fisher",1,66,"RHIATR","Rhinichthys atratulus","species",,,,35,0.3,"Eroded fins",,,"young of year","no sample",,,"0000-0003-4958-6412",
"8ec00e79-364c-48e6-a919-b7e069d18453","D01","HOPB","HOPB.AOS.fish.point.10","2019-05-09T15:09Z","2019-05-09T16:03Z","HOPB.20190509.10.1.e-fisher",1,47,"RHIATR","Rhinichthys atratulus","species",,,,62,2.3,,,,"adult","no sample",,,"0000-0003-4958-6412",
"ba1b4fff-e22d-4c28-b59c-99d554674685","D01","HOPB","HOPB.AOS.fish.point.10","2019-05-09T15:09Z","2019-05-09T16:03Z","HOPB.20190509.10.1.e-fisher",1,16,"SEMATR","Semotilus atromaculatus","species",,,,120,19.8,,,,"adult","no sample",,,"0000-0003-4958-6412",
"62864f12-fba7-4d19-8486-d7d4a95d6763","D01","HOPB","HOPB.AOS.fish.point.10","2019-05-09T15:09Z","2019-05-09T16:03Z","HOPB.20190509.10.1.e-fisher",1,28,"RHIATR","Rhinichthys atratulus","species",,,,37,0.3,,,,"young of year","no sample",,,"0000-0003-4958-6412",
"2e5f0408-2fae-4a3c-a7ac-b8a04944b2f0","D01","HOPB","HOPB.AOS.fish.point.10","2019-05-09T15:09Z","2019-05-09T16:03Z","HOPB.20190509.10.1.e-fisher",1,64,"SEMATR","Semotilus atromaculatus","species",,,,50,1.1,,,,"juvenile","no sample",,,"0000-0003-4958-6412",
"528c53ed-a1d2-4f6b-9acc-86273ff32ed8","D01","HOPB","HOPB.AOS.fish.point.10","2019-05-09T15:09Z","2019-05-09T16:03Z","HOPB.20190509.10.1.e-fisher",1,75,"RHIATR","Rhinichthys atratulus","species",,,,68,3.1,,,,"adult","dna sample only","FSH.HOPB.10.20190509.1.0075","FSH.HOPB.10.20190509.1.0075.DNA","0000-0003-4958-6412",
"7a8e5c45-7872-4a5b-a13b-473d176b0c5f","D01","HOPB","HOPB.AOS.fish.point.10","2019-05-09T15:09Z","2019-05-09T16:03Z","HOPB.20190509.10.1.e-fisher",1,58,"RHIATR","Rhinichthys atratulus","species",,,,42,0.6,,,,"juvenile","no sample",,,"0000-0003-4958-6412",
"8b539c98-7251-4ffb-a2d7-65e4debb5dbf","D01","HOPB","HOPB.AOS.fish.point.10","2019-05-09T15:09Z","2019-05-09T16:03Z","HOPB.20190509.10.1.e-fisher",1,41,"SEMATR","Semotilus atromaculatus","species",,,,96,7.3,,,,"adult","no sample",,,"0000-0003-4958-6412",
"4e3b4c1a-fd74-4e93-a9d8-6f594a5f010a","D01","HOPB","HOPB.AOS.fish.point.10","2019-05-09T15:09Z","2019-05-09T16:03Z","HOPB.20190509.10.1.e-fisher",1,20,"RHIATR","Rhinichthys atratulus","species",,,,37,0.5,"Eroded fins",,,"young of year","no sample",,,"0000-0003-4958-6412",
"496a252f-fbe1-46b6-94b2-a6eec1725582","D01","HOPB","HOPB.AOS.fish.point.10","2019-05-09T15:09Z","2019-05-09T16:03Z","HOPB.20190509.10.1.e-fisher",1,15,"SEMATR","Semotilus atromaculatus","species",,,,88,7.3,,,,"adult","no sample",,,"0000-0003-4958-6412",
"1c69af18-da8b-4561-a8ef-a56a2f7ecf63","D01","HOPB","HOPB.AOS.fish.point.10","2019-05-09T15:09Z","2019-05-09T16:03Z","HOPB.20190509.10.1.e-fisher",1,37,"RHIATR","Rhinichthys atratulus","species",,,,50,1.1,,,,"juvenile","no sample",,,"0000-0003-4958-6412",
"4048d468-bc9b-4df0-9633-5a56ce54a95a","D01","HOPB","HOPB.AOS.fish.point.10","2019-05-09T15:09Z","2019-05-09T16:03Z","HOPB.20190509.10.1.e-fisher",1,67,"RHIATR","Rhinichthys atratulus","species",,,,41,0.6,,,,"juvenile","no sample",,,"0000-0003-4958-6412",
"93abdfab-d12f-4994-9e94-c062623f6cf1","D01","HOPB","HOPB.AOS.fish.point.10","2019-05-09T15:09Z","2019-05-09T16:03Z","HOPB.20190509.10.1.e-fisher",1,63,"RHIATR","Rhinichthys atratulus","species",,,,61,2.2,,,,"adult","no sample",,,"0000-0003-4958-6412",
"3fa6e114-9d03-4365-9811-4a49a87a8426","D01","HOPB","HOPB.AOS.fish.point.10","2019-05-09T15:09Z","2019-05-09T16:03Z","HOPB.20190509.10.1.e-fisher",1,10,"SEMATR","Semotilus atromaculatus","species",,,,57,1.8,"Eroded fins",,,"juvenile","no sample",,,"0000-0003-4958-6412",
"b8af2c55-bbdb-46b5-b23d-d437b55b4ceb","D01","HOPB","HOPB.AOS.fish.point.10","2019-05-09T15:09Z","2019-05-09T16:03Z","HOPB.20190509.10.1.e-fisher",1,68,"RHIATR","Rhinichthys atratulus","species",,,,41,0.6,,,,"juvenile","no sample",,,"0000-0003-4958-6412",
"b93a5fd3-6792-4f45-9bc8-aa25b64cf85b","D01","HOPB","HOPB.AOS.fish.point.10","2019-05-09T15:09Z","2019-05-09T16:03Z","HOPB.20190509.10.1.e-fisher",1,38,"SEMATR","Semotilus atromaculatus","species",,,,34,0.5,"Lesions/parasites",,,"young of year","no sample",,,"0000-0003-4958-6412",
"833cbbe6-0360-4fc2-882b-71b46d729975","D01","HOPB","HOPB.AOS.fish.point.10","2019-05-09T15:09Z","2019-05-09T16:03Z","HOPB.20190509.10.1.e-fisher",1,36,"RHIATR","Rhinichthys atratulus","species",,,,59,2.0,,,,"adult","no sample",,,"0000-0003-4958-6412",
"9e64ec92-b991-4063-b0f8-d7d0da541613","D01","HOPB","HOPB.AOS.fish.point.10","2019-05-09T15:09Z","2019-05-09T16:03Z","HOPB.20190509.10.1.e-fisher",1,48,"SEMATR","Semotilus atromaculatus","species",,,,50,0.8,,,,"juvenile","no sample",,,"0000-0003-4958-6412",
"6af7e1d5-cfb6-404b-bb7c-3a35103e2c62","D01","HOPB","HOPB.AOS.fish.point.10","2019-05-09T15:09Z","2019-05-09T16:03Z","HOPB.20190509.10.1.e-fisher",1,31,"SEMATR","Semotilus atromaculatus","species",,,,80,4.8,,,,"adult","no sample",,,"0000-0003-4958-6412",
"493921a0-71e3-4805-bf19-697c302603d0","D01","HOPB","HOPB.AOS.fish.point.10","2019-05-09T15:09Z","2019-05-09T16:03Z","HOPB.20190509.10.1.e-fisher",1,5,"RHIATR","Rhinichthys atratulus","species",,,,66,2.6,,,,"adult","no sample",,,"0000-0003-4958-6412",
"5fa4a075-a6e8-4171-9435-a9b8a6a99e3c","D01","HOPB","HOPB.AOS.fish.point.10","2019-05-09T15:09Z","2019-05-09T16:03Z","HOPB.20190509.10.1.e-fisher",1,51,"SEMATR","Semotilus atromaculatus","species",,,,52,1.2,,,,"juvenile","no sample",,,"0000-0003-4958-6412",
"815687df-d34c-4113-9c03-ba195d9615de","D01","HOPB","HOPB.AOS.fish.point.10","2019-05-09T15:09Z","2019-05-09T16:03Z","HOPB.20190509.10.1.e-fisher",1,43,"RHIATR","Rhinichthys atratulus","species",,,,42,0.7,"Eroded fins",,,"juvenile","no sample",,,"0000-0003-4958-6412",
"b3d4d116-7f63-4ad7-9085-3592cafbf317","D01","HOPB","HOPB.AOS.fish.point.10","2019-05-09T15:09Z","2019-05-09T16:03Z","HOPB.20190509.10.1.e-fisher",1,72,"SEMATR","Semotilus atromaculatus","species",,,,124,23.9,,,,"adult","dna sample only","FSH.HOPB.10.20190509.1.0072","FSH.HOPB.10.20190509.1.0072.DNA","0000-0003-4958-6412",
"04dc0b69-b431-479a-a903-1302865759e3","D01","HOPB","HOPB.AOS.fish.point.10","2019-05-09T15:09Z","2019-05-09T16:03Z","HOPB.20190509.10.1.e-fisher",1,34,"RHIATR","Rhinichthys atratulus","species",,,,63,2.7,,,,"adult","no sample",,,"0000-0003-4958-6412",
"b8914bc2-a035-41cd-9cd3-8b6fc698e57e","D01","HOPB","HOPB.AOS.fish.point.10","2019-05-09T15:09Z","2019-05-09T16:03Z","HOPB.20190509.10.1.e-fisher",1,3,"RHIATR","Rhinichthys atratulus","species",,,,42,0.5,"Eroded fins",,,"juvenile","no sample",,,"0000-0003-4958-6412",
"8378ac2b-b181-46f0-ab3e-827c8ab8170d","D01","HOPB","HOPB.AOS.fish.point.10","2019-05-09T15:09Z","2019-05-09T16:03Z","HOPB.20190509.10.1.e-fisher",1,22,"SEMATR","Semotilus atromaculatus","species",,,,102,10.8,,,,"adult","no sample",,,"0000-0003-4958-6412",
"1c42cd86-3ff5-4adc-8cfa-acd237a126d1","D01","HOPB","HOPB.AOS.fish.point.10","2019-05-09T15:09Z","2019-05-09T16:03Z","HOPB.20190509.10.1.e-fisher",1,2,"SEMATR","Semotilus atromaculatus","species",,,,62,2.3,"Eroded fins",,,"juvenile","no sample",,,"0000-0003-4958-6412",
"ba690b54-17e5-4e8e-ae1e-c7050bc4bac9","D01","HOPB","HOPB.AOS.fish.point.10","2019-05-09T15:09Z","2019-05-09T16:03Z","HOPB.20190509.10.1.e-fisher",1,11,"SEMATR","Semotilus atromaculatus","species",,,,85,6.3,,,,"adult","no sample",,,"0000-0003-4958-6412",
"90b9b444-6e15-478c-94f2-dc0fff598454","D01","HOPB","HOPB.AOS.fish.point.10","2019-05-09T15:09Z","2019-05-09T16:03Z","HOPB.20190509.10.1.e-fisher",1,52,"SEMATR","Semotilus atromaculatus","species",,,,62,2.0,,,,"juvenile","no sample",,,"0000-0003-4958-6412",
"5795b4be-0036-4199-99bd-e533cde16f8c","D01","HOPB","HOPB.AOS.fish.point.10","2019-05-09T15:09Z","2019-05-09T16:03Z","HOPB.20190509.10.1.e-fisher",1,21,"RHIATR","Rhinichthys atratulus","species",,,,61,2.2,,,,"adult","no sample",,,"0000-0003-4958-6412",
"984c76f1-82d4-4629-b539-f41c77e8d8a9","D01","HOPB","HOPB.AOS.fish.point.10","2019-05-09T15:09Z","2019-05-09T16:03Z","HOPB.20190509.10.1.e-fisher",1,65,"RHIATR","Rhinichthys atratulus","species",,,,60,2.3,,,,"adult","no sample",,,"0000-0003-4958-6412",
"36f5e3f7-e786-41e6-8617-913450593165","D01","HOPB","HOPB.AOS.fish.point.10","2019-05-09T15:09Z","2019-05-09T16:03Z","HOPB.20190509.10.1.e-fisher",1,13,"RHIATR","Rhinichthys atratulus","species",,,,52,1.4,,,,"juvenile","no sample",,,"0000-0003-4958-6412",
"a131d5c5-da84-4eff-9569-75855cada855","D01","HOPB","HOPB.AOS.fish.point.10","2019-05-09T15:09Z","2019-05-09T16:03Z","HOPB.20190509.10.1.e-fisher",1,55,"RHIATR","Rhinichthys atratulus","species",,,,46,1.5,,,,"juvenile","no sample",,,"0000-0003-4958-6412",
"12ce9644-68b6-4ab8-96b2-ce98751ac071","D01","HOPB","HOPB.AOS.fish.point.10","2019-05-09T15:09Z","2019-05-09T16:03Z","HOPB.20190509.10.1.e-fisher",1,29,"SEMATR","Semotilus atromaculatus","species",,,,92,7.2,,,,"adult","no sample",,,"0000-0003-4958-6412",
"b0834c27-f04e-49cd-963c-48eaf9b196f5","D01","HOPB","HOPB.AOS.fish.point.10","2019-05-09T15:09Z","2019-05-09T16:03Z","HOPB.20190509.10.1.e-fisher",1,26,"RHIATR","Rhinichthys atratulus","species",,,,48,1.0,,,,"juvenile","no sample",,,"0000-0003-4958-6412",
"9bcdec9d-9a7f-4893-8f48-1c9e25cfe240","D01","HOPB","HOPB.AOS.fish.point.10","2019-05-09T15:09Z","2019-05-09T16:03Z","HOPB.20190509.10.1.e-fisher",1,45,"SEMATR","Semotilus atromaculatus","species",,,,67,2.5,,,,"juvenile","no sample",,,"0000-0003-4958-6412",
"693d2efb-2edc-47cd-ab40-1f658eeb2ee1","D01","HOPB","HOPB.AOS.fish.point.10","2019-05-09T15:09Z","2019-05-09T16:03Z","HOPB.20190509.10.1.e-fisher",1,49,"RHIATR","Rhinichthys atratulus","species",,,,57,1.2,,,,"adult","no sample",,,"0000-0003-4958-6412",
"64fff8a8-daee-4a8c-8e71-f6d2b7b2b9ae","D01","HOPB","HOPB.AOS.fish.point.10","2019-05-09T15:09Z","2019-05-09T16:03Z","HOPB.20190509.10.1.e-fisher",1,46,"SEMATR","Semotilus atromaculatus","species",,,,100,9.4,,,,"adult","no sample",,,"0000-0003-4958-6412",
"b07c30fb-6493-475c-90a2-f012913a0296","D01","HOPB","HOPB.AOS.fish.point.10","2019-05-09T15:09Z","2019-05-09T16:03Z","HOPB.20190509.10.1.e-fisher",1,25,"RHIATR","Rhinichthys atratulus","species",,,,46,0.8,,,,"juvenile","no sample",,,"0000-0003-4958-6412",
"81ca06ff-0fda-4615-9e74-c1f1695fb2bd","D01","HOPB","HOPB.AOS.fish.point.10","2019-05-09T15:09Z","2019-05-09T16:03Z","HOPB.20190509.10.1.e-fisher",1,53,"RHIATR","Rhinichthys atratulus","species",,,,60,1.8,,,,"adult","no sample",,,"0000-0003-4958-6412",
"61555cd4-f03d-41f9-865e-1675c0395780","D01","HOPB","HOPB.AOS.fish.point.10","2019-05-09T15:09Z","2019-05-09T16:03Z","HOPB.20190509.10.1.e-fisher",1,4,"SEMATR","Semotilus atromaculatus","species",,,,56,1.7,"Eroded fins",,,"juvenile","no sample",,,"0000-0003-4958-6412",
"4d7225fb-78cd-446d-8649-1d66fa2bda9d","D01","HOPB","HOPB.AOS.fish.point.10","2019-05-09T15:09Z","2019-05-09T16:03Z","HOPB.20190509.10.1.e-fisher",1,18,"RHIATR","Rhinichthys atratulus","species",,,,40,0.5,,,,"juvenile","no sample",,,"0000-0003-4958-6412",
"94fd864c-3300-47ee-addc-a0f9b8c38c04","D01","HOPB","HOPB.AOS.fish.point.10","2019-05-09T15:09Z","2019-05-09T16:03Z","HOPB.20190509.10.1.e-fisher",1,19,"RHIATR","Rhinichthys atratulus","species",,,,61,2.0,,,,"adult","no sample",,,"0000-0003-4958-6412",
"f2af9b2a-bea5-4f10-985e-b506d8a53005","D01","HOPB","HOPB.AOS.fish.point.10","2019-05-09T15:09Z","2019-05-09T16:03Z","HOPB.20190509.10.1.e-fisher",1,14,"RHIATR","Rhinichthys atratulus","species",,,,58,1.8,,,,"juvenile","no sample",,,"0000-0003-4958-6412",
"5aea01b7-b53a-4ff6-bfbc-74bddde1f218","D01","HOPB","HOPB.AOS.fish.point.10","2019-05-09T15:09Z","2019-05-09T16:03Z","HOPB.20190509.10.1.e-fisher",1,17,"SEMATR","Semotilus atromaculatus","species",,,,67,3.6,,,,"juvenile","no sample",,,"0000-0003-4958-6412",
"f0d47c97-f6e6-4c8e-9b4a-4df8cf6115cf","D01","HOPB","HOPB.AOS.fish.point.10","2019-05-09T15:09Z","2019-05-09T16:03Z","HOPB.20190509.10.1.e-fisher",1,70,"SALFON","Salvelinus fontinalis","species",,,,183,65.0,,,,"adult","no sample",,,"0000-0003-4958-6412",
"b158452a-0df6-4db4-86a3-27e7d2b1221f","D01","HOPB","HOPB.AOS.fish.point.10","2019-05-09T15:09Z","2019-05-09T16:03Z","HOPB.20190509.10.1.e-fisher",1,57,"RHIATR","Rhinichthys atratulus","species",,,,43,0.6,,,,"juvenile","no sample",,,"0000-0003-4958-6412",
"7cd8fda0-0c2d-40c0-8ea9-7aa781b6cf8b","D01","HOPB","HOPB.AOS.fish.point.10","2019-05-09T15:09Z","2019-05-09T16:03Z","HOPB.20190509.10.1.e-fisher",1,76,"RHIATR","Rhinichthys atratulus","species",,,,66,2.8,,,,"adult","dna sample only","FSH.HOPB.10.20190509.1.0076","FSH.HOPB.10.20190509.1.0076.DNA","0000-0003-4958-6412",
"74a563ed-d8a9-40bc-a790-e935acaaaffb","D01","HOPB","HOPB.AOS.fish.point.10","2019-05-09T15:09Z","2019-05-09T16:03Z","HOPB.20190509.10.1.e-fisher",1,42,"RHIATR","Rhinichthys atratulus","species",,,,60,2.2,,,,"adult","no sample",,,"0000-0003-4958-6412",
"b69c8082-0169-429d-805b-6842a1225e5c","D01","HOPB","HOPB.AOS.fish.point.10","2019-05-09T15:09Z","2019-05-09T16:03Z","HOPB.20190509.10.1.e-fisher",1,24,"SEMATR","Semotilus atromaculatus","species",,,,46,1.1,,,,"young of year","no sample",,,"0000-0003-4958-6412",
"c1881b46-e3e5-4e6a-8cd3-9f20234c05ff","D01","HOPB","HOPB.AOS.fish.point.10","2019-05-09T15:09Z","2019-05-09T16:03Z","HOPB.20190509.10.1.e-fisher",1,23,"SEMATR","Semotilus atromaculatus","species",,,,89,7.9,,,,"adult","no sample",,,"0000-0003-4958-6412",
"bba62f74-12ef-4ee3-9232-2d7b5b5e9a07","D01","HOPB","HOPB.AOS.fish.point.10","2019-05-09T15:09Z","2019-05-09T16:03Z","HOPB.20190509.10.1.e-fisher",1,33,"SEMATR","Semotilus atromaculatus","species",,,,92,7.7,,,,"adult","no sample",,,"0000-0003-4958-6412",
"68c8ca00-6b42-47cb-a8cb-c1980522a40d","D01","HOPB","HOPB.AOS.fish.point.10","2019-05-09T18:06Z","2019-05-09T19:16Z","HOPB.20190509.10.2.e-fisher",2,33,"RHIATR","Rhinichthys atratulus","species",,,,57,1.7,,,,"juvenile","no sample",,,"0000-0003-4958-6412",
"49fb4b5e-ebb3-430c-932d-1da9d99c5b32","D01","HOPB","HOPB.AOS.fish.point.10","2019-05-09T18:06Z","2019-05-09T19:16Z","HOPB.20190509.10.2.e-fisher",2,12,"RHIATR","Rhinichthys atratulus","species",,,,59,2.1,,,,"adult","no sample",,,"0000-0003-4958-6412",
"9957072e-01c6-4c18-b4ff-822f3d81219a","D01","HOPB","HOPB.AOS.fish.point.10","2019-05-09T18:06Z","2019-05-09T19:16Z","HOPB.20190509.10.2.e-fisher",2,30,"SEMATR","Semotilus atromaculatus","species",,,,72,3.8,,,,"juvenile","no sample",,,"0000-0003-4958-6412",
"f1c492e5-5894-4a35-b016-f1301f9208db","D01","HOPB","HOPB.AOS.fish.point.10","2019-05-09T18:06Z","2019-05-09T19:16Z","HOPB.20190509.10.2.e-fisher",2,37,"RHIATR","Rhinichthys atratulus","species",,,,48,0.9,,,,"juvenile","no sample",,,"0000-0003-4958-6412",
"04bb4460-7242-4947-bb31-bd23da5b1c3f","D01","HOPB","HOPB.AOS.fish.point.10","2019-05-09T18:06Z","2019-05-09T19:16Z","HOPB.20190509.10.2.e-fisher",2,25,"RHIATR","Rhinichthys atratulus","species",,,,52,1.5,,,,"juvenile","no sample",,,"0000-0003-4958-6412",
"1ef7f181-4cd3-4cec-bd52-5ecd11b24e54","D01","HOPB","HOPB.AOS.fish.point.10","2019-05-09T18:06Z","2019-05-09T19:16Z","HOPB.20190509.10.2.e-fisher",2,3,"RHIATR","Rhinichthys atratulus","species",,,,57,1.8,,,,"juvenile","no sample",,,"0000-0003-4958-6412",
"be073b90-8600-4cb4-8887-7f2907e54678","D01","HOPB","HOPB.AOS.fish.point.10","2019-05-09T18:06Z","2019-05-09T19:16Z","HOPB.20190509.10.2.e-fisher",2,7,"RHIATR","Rhinichthys atratulus","species",,,,42,0.5,,,,"juvenile","no sample",,,"0000-0003-4958-6412",
"d90be0d5-0034-4c7c-a34f-60811b121d2c","D01","HOPB","HOPB.AOS.fish.point.10","2019-05-09T18:06Z","2019-05-09T19:16Z","HOPB.20190509.10.2.e-fisher",2,31,"SEMATR","Semotilus atromaculatus","species",,,,32,0.3,,,,"young of year","no sample",,,"0000-0003-4958-6412",
"fe7fa309-cbfe-427a-9f11-938abb160b06","D01","HOPB","HOPB.AOS.fish.point.10","2019-05-09T18:06Z","2019-05-09T19:16Z","HOPB.20190509.10.2.e-fisher",2,14,"RHIATR","Rhinichthys atratulus","species",,,,41,0.8,,,,"juvenile","no sample",,,"0000-0003-4958-6412",
"0f64d8c3-335d-46e1-a61e-2639bc08adbf","D01","HOPB","HOPB.AOS.fish.point.10","2019-05-09T18:06Z","2019-05-09T19:16Z","HOPB.20190509.10.2.e-fisher",2,2,"RHIATR","Rhinichthys atratulus","species",,,,61,2.2,,,,"adult","no sample",,,"0000-0003-4958-6412",
"8709d33e-f53e-4b1f-8163-8ba32067c5d7","D01","HOPB","HOPB.AOS.fish.point.10","2019-05-09T18:06Z","2019-05-09T19:16Z","HOPB.20190509.10.2.e-fisher",2,17,"RHIATR","Rhinichthys atratulus","species",,,,61,2.3,"Eroded fins",,,"adult","no sample",,,"0000-0003-4958-6412",
"59e6e1ac-00cf-4ef8-b4ec-41551b18597a","D01","HOPB","HOPB.AOS.fish.point.10","2019-05-09T18:06Z","2019-05-09T19:16Z","HOPB.20190509.10.2.e-fisher",2,27,"RHIATR","Rhinichthys atratulus","species",,,,40,0.8,,,,"juvenile","no sample",,,"0000-0003-4958-6412",
"ca01b3f3-6ed2-4466-aaa3-715176e2fd6d","D01","HOPB","HOPB.AOS.fish.point.10","2019-05-09T18:06Z","2019-05-09T19:16Z","HOPB.20190509.10.2.e-fisher",2,19,"RHIATR","Rhinichthys atratulus","species",,,,46,0.9,,,,"juvenile","no sample",,,"0000-0003-4958-6412",
"8166ab8f-6e51-4320-a93e-53111c4de733","D01","HOPB","HOPB.AOS.fish.point.10","2019-05-09T18:06Z","2019-05-09T19:16Z","HOPB.20190509.10.2.e-fisher",2,5,"SEMATR","Semotilus atromaculatus","species",,,,90,9.3,,,,"adult","no sample",,,"0000-0003-4958-6412",
"b37ac183-2f0d-43fb-9ca9-180e1d3f9109","D01","HOPB","HOPB.AOS.fish.point.10","2019-05-09T18:06Z","2019-05-09T19:16Z","HOPB.20190509.10.2.e-fisher",2,4,"SEMATR","Semotilus atromaculatus","species",,,,76,4.4,,,,"juvenile","no sample",,,"0000-0003-4958-6412",
"6203fff2-c402-4e3d-a388-4b491996aa82","D01","HOPB","HOPB.AOS.fish.point.10","2019-05-09T18:06Z","2019-05-09T19:16Z","HOPB.20190509.10.2.e-fisher",2,20,"SEMATR","Semotilus atromaculatus","species",,,,45,1.5,,,,"juvenile","no sample",,,"0000-0003-4958-6412",
"b5236fd1-d71c-41d6-a0af-b3017f9e4ac0","D01","HOPB","HOPB.AOS.fish.point.10","2019-05-09T18:06Z","2019-05-09T19:16Z","HOPB.20190509.10.2.e-fisher",2,18,"RHIATR","Rhinichthys atratulus","species",,,,69,3.3,,,,"adult","no sample",,,"0000-0003-4958-6412",
"646c59f6-66ca-4263-820b-961a4bb33cbe","D01","HOPB","HOPB.AOS.fish.point.10","2019-05-09T18:06Z","2019-05-09T19:16Z","HOPB.20190509.10.2.e-fisher",2,21,"RHIATR","Rhinichthys atratulus","species",,,,40,0.7,,,,"juvenile","no sample",,,"0000-0003-4958-6412",
"98803085-acec-41ad-97d3-f14594cd09b8","D01","HOPB","HOPB.AOS.fish.point.10","2019-05-09T18:06Z","2019-05-09T19:16Z","HOPB.20190509.10.2.e-fisher",2,29,"RHIATR","Rhinichthys atratulus","species",,,,42,0.9,,,,"juvenile","no sample",,,"0000-0003-4958-6412",
"e890e416-443f-4ca1-a0ce-e752cd5f87d6","D01","HOPB","HOPB.AOS.fish.point.10","2019-05-09T18:06Z","2019-05-09T19:16Z","HOPB.20190509.10.2.e-fisher",2,23,"RHIATR","Rhinichthys atratulus","species",,,,61,2.4,,,,"adult","no sample",,,"0000-0003-4958-6412",
"d0e7f855-8bdf-4c98-8b29-a377c9d2dbaf","D01","HOPB","HOPB.AOS.fish.point.10","2019-05-09T18:06Z","2019-05-09T19:16Z","HOPB.20190509.10.2.e-fisher",2,32,"RHIATR","Rhinichthys atratulus","species",,,,62,2.8,,,,"adult","no sample",,,"0000-0003-4958-6412",
"abc7d156-49b6-4789-a385-a7542e92469d","D01","HOPB","HOPB.AOS.fish.point.10","2019-05-09T18:06Z","2019-05-09T19:16Z","HOPB.20190509.10.2.e-fisher",2,35,"SEMATR","Semotilus atromaculatus","species",,,,50,1.5,,,,"juvenile","no sample",,,"0000-0003-4958-6412",
"c4a72e85-9da2-457d-a45d-f7767f971dcd","D01","HOPB","HOPB.AOS.fish.point.10","2019-05-09T18:06Z","2019-05-09T19:16Z","HOPB.20190509.10.2.e-fisher",2,15,"RHIATR","Rhinichthys atratulus","species",,,,31,0.3,,,,"young of year","no sample",,,"0000-0003-4958-6412",
"fea607c3-f099-400b-bae2-eacd038dc7e9","D01","HOPB","HOPB.AOS.fish.point.10","2019-05-09T18:06Z","2019-05-09T19:16Z","HOPB.20190509.10.2.e-fisher",2,13,"RHIATR","Rhinichthys atratulus","species",,,,63,2.8,,,,"adult","no sample",,,"0000-0003-4958-6412",
"594dea4f-2bbf-497a-a639-0bb143fdf382","D01","HOPB","HOPB.AOS.fish.point.10","2019-05-09T18:06Z","2019-05-09T19:16Z","HOPB.20190509.10.2.e-fisher",2,16,"RHIATR","Rhinichthys atratulus","species",,,,67,3.3,,,,"adult","no sample",,,"0000-0003-4958-6412",
"8ab4ead6-594a-4fa7-a007-5a8af9bd56e3","D01","HOPB","HOPB.AOS.fish.point.10","2019-05-09T18:06Z","2019-05-09T19:16Z","HOPB.20190509.10.2.e-fisher",2,8,"RHIATR","Rhinichthys atratulus","species",,,,43,1.2,,,,"juvenile","no sample",,,"0000-0003-4958-6412",
"ce46d78c-c252-4688-a2c4-8b06abfb2191","D01","HOPB","HOPB.AOS.fish.point.10","2019-05-09T18:06Z","2019-05-09T19:16Z","HOPB.20190509.10.2.e-fisher",2,36,"RHIATR","Rhinichthys atratulus","species",,,,40,0.7,,,,"juvenile","no sample",,,"0000-0003-4958-6412",
"17b4453a-1196-4eb3-be86-decd66013b15","D01","HOPB","HOPB.AOS.fish.point.10","2019-05-09T18:06Z","2019-05-09T19:16Z","HOPB.20190509.10.2.e-fisher",2,11,"RHIATR","Rhinichthys atratulus","species",,,,36,1.2,,,,"juvenile","no sample",,,"0000-0003-4958-6412",
"a58fb47a-c9c3-4e6e-8031-721674c06723","D01","HOPB","HOPB.AOS.fish.point.10","2019-05-09T18:06Z","2019-05-09T19:16Z","HOPB.20190509.10.2.e-fisher",2,28,"RHIATR","Rhinichthys atratulus","species",,,,60,1.9,,,,"adult","no sample",,,"0000-0003-4958-6412",
"dd2cb9a0-7a6e-4ab1-9ecb-2e1bb338f732","D01","HOPB","HOPB.AOS.fish.point.10","2019-05-09T18:06Z","2019-05-09T19:16Z","HOPB.20190509.10.2.e-fisher",2,38,"RHIATR","Rhinichthys atratulus","species",,,,45,0.8,,,,"juvenile","no sample",,,"0000-0003-4958-6412",
"f6e3a1af-0175-4f5f-abb2-aa6cb4a9d5d1","D01","HOPB","HOPB.AOS.fish.point.10","2019-05-09T18:06Z","2019-05-09T19:16Z","HOPB.20190509.10.2.e-fisher",2,1,"SEMATR","Semotilus atromaculatus","species",,,,142,36.7,,,,"adult","no sample",,,"0000-0003-4958-6412",
"bb73dc7b-349c-4f28-afab-272ccde1dfd1","D01","HOPB","HOPB.AOS.fish.point.10","2019-05-09T18:06Z","2019-05-09T19:16Z","HOPB.20190509.10.2.e-fisher",2,6,"RHIATR","Rhinichthys atratulus","species",,,,62,1.9,,,,"adult","no sample",,,"0000-0003-4958-6412",
"6a1ded6a-8a24-4eba-a6be-8a00079c6244","D01","HOPB","HOPB.AOS.fish.point.10","2019-05-09T18:06Z","2019-05-09T19:16Z","HOPB.20190509.10.2.e-fisher",2,26,"SEMATR","Semotilus atromaculatus","species",,,,47,1.5,,,,"juvenile","no sample",,,"0000-0003-4958-6412",
"5baee602-ba59-4195-990f-3e7e325f8f58","D01","HOPB","HOPB.AOS.fish.point.10","2019-05-09T18:06Z","2019-05-09T19:16Z","HOPB.20190509.10.2.e-fisher",2,22,"SEMATR","Semotilus atromaculatus","species",,,,67,2.8,,,,"juvenile","no sample",,,"0000-0003-4958-6412",
"4987b6f2-be93-4858-9a85-4b22b53a71df","D01","HOPB","HOPB.AOS.fish.point.10","2019-05-09T18:06Z","2019-05-09T19:16Z","HOPB.20190509.10.2.e-fisher",2,34,"RHIATR","Rhinichthys atratulus","species",,,,42,0.9,"Eroded fins",,,"juvenile","no sample",,,"0000-0003-4958-6412",
"a233b1be-9603-4d67-a806-a71022d09882","D01","HOPB","HOPB.AOS.fish.point.10","2019-05-09T18:06Z","2019-05-09T19:16Z","HOPB.20190509.10.2.e-fisher",2,9,"RHIATR","Rhinichthys atratulus","species",,,,46,0.9,,,,"juvenile","no sample",,,"0000-0003-4958-6412",
"0384dfc9-c306-4c41-8c79-5a0acd6636d4","D01","HOPB","HOPB.AOS.fish.point.10","2019-05-09T18:06Z","2019-05-09T19:16Z","HOPB.20190509.10.2.e-fisher",2,10,"RHIATR","Rhinichthys atratulus","species",,,,63,2.5,,,,"adult","no sample",,,"0000-0003-4958-6412",
"fdd819d5-95f8-4a65-9283-c3049b0ddea3","D01","HOPB","HOPB.AOS.fish.point.10","2019-05-09T18:06Z","2019-05-09T19:16Z","HOPB.20190509.10.2.e-fisher",2,24,"RHIATR","Rhinichthys atratulus","species",,,,42,0.8,,,,"juvenile","no sample",,,"0000-0003-4958-6412",
"32ee9f99-319f-4efe-940f-d4524e05ae6f","D01","HOPB","HOPB.AOS.fish.point.10","2019-05-09T20:01Z","2019-05-09T20:52Z","HOPB.20190509.10.3.e-fisher",3,12,"RHIATR","Rhinichthys atratulus","species",,,,55,1.6,,,,"juvenile","no sample",,,"0000-0003-4958-6412",
"2629c5ec-0b0a-4b65-96ae-34adb106528d","D01","HOPB","HOPB.AOS.fish.point.10","2019-05-09T20:01Z","2019-05-09T20:52Z","HOPB.20190509.10.3.e-fisher",3,4,"SEMATR","Semotilus atromaculatus","species",,,,86,5.6,,,,"juvenile","no sample",,,"0000-0003-4958-6412",
"e4701643-a4e0-4478-9cb9-89811256782d","D01","HOPB","HOPB.AOS.fish.point.10","2019-05-09T20:01Z","2019-05-09T20:52Z","HOPB.20190509.10.3.e-fisher",3,15,"RHIATR","Rhinichthys atratulus","species",,,,46,0.8,,,,"juvenile","no sample",,,"0000-0003-4958-6412",
"097b2c4f-1dae-490f-b0b1-e18612d3cf92","D01","HOPB","HOPB.AOS.fish.point.10","2019-05-09T20:01Z","2019-05-09T20:52Z","HOPB.20190509.10.3.e-fisher",3,24,"RHIATR","Rhinichthys atratulus","species",,,,45,0.8,,,,"juvenile","no sample",,,"0000-0003-4958-6412",
"b857160f-efc4-4853-9854-48620a37b21f","D01","HOPB","HOPB.AOS.fish.point.10","2019-05-09T20:01Z","2019-05-09T20:52Z","HOPB.20190509.10.3.e-fisher",3,23,"RHIATR","Rhinichthys atratulus","species",,,,58,1.5,,,,"juvenile","no sample",,,"0000-0003-4958-6412",
"ccaa0de7-24b5-485f-b498-d2328f415c84","D01","HOPB","HOPB.AOS.fish.point.10","2019-05-09T20:01Z","2019-05-09T20:52Z","HOPB.20190509.10.3.e-fisher",3,21,"RHIATR","Rhinichthys atratulus","species",,,,46,0.8,,,,"juvenile","no sample",,,"0000-0003-4958-6412",
"a3e1dc0b-8268-463b-9ff6-d064dba14d82","D01","HOPB","HOPB.AOS.fish.point.10","2019-05-09T20:01Z","2019-05-09T20:52Z","HOPB.20190509.10.3.e-fisher",3,11,"RHIATR","Rhinichthys atratulus","species",,,,46,0.8,,,,"juvenile","no sample",,,"0000-0003-4958-6412",
"fff459cf-f261-4e2a-81b2-fca81d9b94f2","D01","HOPB","HOPB.AOS.fish.point.10","2019-05-09T20:01Z","2019-05-09T20:52Z","HOPB.20190509.10.3.e-fisher",3,16,"SEMATR","Semotilus atromaculatus","species",,,,56,1.7,,,,"juvenile","no sample",,,"0000-0003-4958-6412",
"c81a2614-a711-4caa-8b2b-7d159ae98ae0","D01","HOPB","HOPB.AOS.fish.point.10","2019-05-09T20:01Z","2019-05-09T20:52Z","HOPB.20190509.10.3.e-fisher",3,13,"RHIATR","Rhinichthys atratulus","species",,,,42,0.6,,,,"juvenile","no sample",,,"0000-0003-4958-6412",
"4ee07896-b45d-473c-a705-1c5091fdcd9e","D01","HOPB","HOPB.AOS.fish.point.10","2019-05-09T20:01Z","2019-05-09T20:52Z","HOPB.20190509.10.3.e-fisher",3,17,"SEMATR","Semotilus atromaculatus","species",,,,85,7.1,,,,"adult","no sample",,,"0000-0003-4958-6412",
"c114ff4b-5100-44db-b718-a999dcc2f4f7","D01","HOPB","HOPB.AOS.fish.point.10","2019-05-09T20:01Z","2019-05-09T20:52Z","HOPB.20190509.10.3.e-fisher",3,14,"RHIATR","Rhinichthys atratulus","species",,,,53,1.8,,,,"juvenile","no sample",,,"0000-0003-4958-6412",
"be4df876-fd6d-4864-8f2b-4703cf056246","D01","HOPB","HOPB.AOS.fish.point.10","2019-05-09T20:01Z","2019-05-09T20:52Z","HOPB.20190509.10.3.e-fisher",3,10,"SEMATR","Semotilus atromaculatus","species",,,,45,1.0,,,,"juvenile","no sample",,,"0000-0003-4958-6412",
"e3c7c964-9974-4bb8-a4d1-ccf9abfd4746","D01","HOPB","HOPB.AOS.fish.point.10","2019-05-09T20:01Z","2019-05-09T20:52Z","HOPB.20190509.10.3.e-fisher",3,22,"RHIATR","Rhinichthys atratulus","species",,,,47,1.2,,,,"juvenile","no sample",,,"0000-0003-4958-6412",
"f7fc1259-ef5e-4445-b3e1-ec638d00846a","D01","HOPB","HOPB.AOS.fish.point.10","2019-05-09T20:01Z","2019-05-09T20:52Z","HOPB.20190509.10.3.e-fisher",3,7,"SEMATR","Semotilus atromaculatus","species",,,,56,1.5,,,,"juvenile","no sample",,,"0000-0003-4958-6412",
"aabf6619-9563-4a72-8ea8-d045aae4467a","D01","HOPB","HOPB.AOS.fish.point.10","2019-05-09T20:01Z","2019-05-09T20:52Z","HOPB.20190509.10.3.e-fisher",3,5,"SEMATR","Semotilus atromaculatus","species",,,,67,2.9,"Tumors",,,"juvenile","no sample",,,"0000-0003-4958-6412",
"cbfa1cab-e6c9-4f85-8a8e-dbf0b1f8371a","D01","HOPB","HOPB.AOS.fish.point.10","2019-05-09T20:01Z","2019-05-09T20:52Z","HOPB.20190509.10.3.e-fisher",3,25,"SALFON","Salvelinus fontinalis","species",,,,30,0.3,,,,"young of year","no sample",,,"0000-0003-4958-6412",
"eed03c9d-dc72-4a61-a3d8-76b4ebb97b50","D01","HOPB","HOPB.AOS.fish.point.10","2019-05-09T20:01Z","2019-05-09T20:52Z","HOPB.20190509.10.3.e-fisher",3,18,"RHIATR","Rhinichthys atratulus","species",,,,45,0.8,,,,"juvenile","no sample",,,"0000-0003-4958-6412",
"aa48fdb8-c9ff-4511-ad09-593cf0c2729d","D01","HOPB","HOPB.AOS.fish.point.10","2019-05-09T20:01Z","2019-05-09T20:52Z","HOPB.20190509.10.3.e-fisher",3,2,"SEMATR","Semotilus atromaculatus","species",,,,175,58.5,,,,"adult","no sample",,,"0000-0003-4958-6412",
"e0a5edc3-7ef6-4ef3-959d-007ce9641d82","D01","HOPB","HOPB.AOS.fish.point.10","2019-05-09T20:01Z","2019-05-09T20:52Z","HOPB.20190509.10.3.e-fisher",3,19,"SEMATR","Semotilus atromaculatus","species",,,,39,0.6,,,,"young of year","no sample",,,"0000-0003-4958-6412",
"888ed055-26a7-4e96-bdd0-f3e7fa4e5fa0","D01","HOPB","HOPB.AOS.fish.point.10","2019-05-09T20:01Z","2019-05-09T20:52Z","HOPB.20190509.10.3.e-fisher",3,8,"RHIATR","Rhinichthys atratulus","species",,,,55,1.7,,,,"juvenile","no sample",,,"0000-0003-4958-6412",
"c66ef60f-e94c-43d3-bd15-5e345f873fd9","D01","HOPB","HOPB.AOS.fish.point.10","2019-05-09T20:01Z","2019-05-09T20:52Z","HOPB.20190509.10.3.e-fisher",3,1,"SEMATR","Semotilus atromaculatus","species",,,,175,62.7,,,,"adult","no sample",,,"0000-0003-4958-6412",
"789cda4d-702e-4769-949a-051612c13cda","D01","HOPB","HOPB.AOS.fish.point.10","2019-05-09T20:01Z","2019-05-09T20:52Z","HOPB.20190509.10.3.e-fisher",3,9,"RHIATR","Rhinichthys atratulus","species",,,,31,0.3,,,,"young of year","no sample",,,"0000-0003-4958-6412",
"0b7b5ab6-0e5f-4fd4-b601-3e2d999ae6ff","D01","HOPB","HOPB.AOS.fish.point.10","2019-05-09T20:01Z","2019-05-09T20:52Z","HOPB.20190509.10.3.e-fisher",3,20,"RHIATR","Rhinichthys atratulus","species",,,,40,0.6,,,,"young of year","no sample",,,"0000-0003-4958-6412",
"30d4975b-f08f-4b3b-a997-cae66ab694a3","D01","HOPB","HOPB.AOS.fish.point.10","2019-05-09T20:01Z","2019-05-09T20:52Z","HOPB.20190509.10.3.e-fisher",3,3,"SEMATR","Semotilus atromaculatus","species",,,,105,11.3,,,,"adult","no sample",,,"0000-0003-4958-6412",
"f890a203-d263-4d88-bfcf-987b6849fc07","D01","HOPB","HOPB.AOS.fish.point.10","2019-05-09T20:01Z","2019-05-09T20:52Z","HOPB.20190509.10.3.e-fisher",3,6,"RHIATR","Rhinichthys atratulus","species",,,,47,1.2,,,,"juvenile","no sample",,,"0000-0003-4958-6412",
