uid,domainID,siteID,namedLocation,passStartTime,passEndTime,passNumber,reachID,eventID,waterTemp,dissolvedOxygen,specificConductance,samplerType,habitatType,subdominantHabitatType,initialFrequency,initialDutyCycle,initialVoltage,finalFrequency,finalDutyCycle,finalVoltage,efTime,settingsChanged,initialFrequency2,initialDutyCycle2,initialVoltage2,finalFrequency2,finalDutyCycle2,finalVoltage2,efTime2,settingsChanged2,netIntegrity,netSetTime,netEndTime,netDeploymentTime,netLength,netDepth,targetTaxaPresent,remarks
"b0f8cfd6-4a65-49b5-9a99-3fca581f486b","D01","HOPB","HOPB.AOS.fish.point.01","2019-05-06T17:21Z","2019-05-06T18:54Z",1,"HOPB.20190506.01","HOPB.20190506.01.1.e-fisher",12.5,9.8,80.2,"electrofisher","riffle","pool",30,20,300,,,,3409,,,,,,,,,,"Not compromised",,,,,,"Y",
"01178860-c492-46b0-99e1-f6062b1e49f0","D01","HOPB","HOPB.AOS.fish.point.03","2019-05-06T20:26Z","2019-05-06T22:00Z",1,"HOPB.20190506.03","HOPB.20190506.03.1.e-fisher",14.6,9.8,86.7,"electrofisher","riffle","pool",30,20,300,,,,2776,,,,,,,,,,"Not compromised",,,,,,"Y",
"640e0cac-ba66-4e8c-a07d-f155f5a0ec25","D01","HOPB","HOPB.AOS.fish.point.04","2019-05-07T13:54Z","2019-05-07T15:04Z",1,"HOPB.20190507.04","HOPB.20190507.04.1.e-fisher",10.1,11.5,90.1,"electrofisher","riffle","pool",30,20,300,,,,2357,,,,,,,,,,"<10% compromised",,,,,,"Y","Corner had small gap"
"51e2ee6f-cc29-4d11-9002-2244bd244a9f","D01","HOPB","HOPB.AOS.fish.point.04","2019-05-07T16:08Z","2019-05-07T17:24Z",2,"HOPB.20190507.04","HOPB.20190507.04.2.e-fisher",12.1,10.8,90.1,"electrofisher","riffle","pool",30,20,300,,,,1986,,,,,,,,,,"Not compromised",,,,,,"Y",
"31c53a87-e002-4195-930c-7bb11ce04354","D01","HOPB","HOPB.AOS.fish.point.04","2019-05-07T18:09Z","2019-05-07T19:22Z",3,"HOPB.20190507.04","HOPB.20190507.04.3.e-fisher",13.5,10.4,90.1,"electrofisher","riffle","pool",30,20,300,,,,2070,,,,,,,,,,"Not compromised",,,,,,"Y",
"6d1d85fe-7f7b-442d-8366-7430e8eddfe6","D01","HOPB","HOPB.AOS.fish.point.06","2019-05-08T14:17Z","2019-05-08T14:51Z",1,"HOPB.20190508.06","HOPB.20190508.06.1.e-fisher",11.0,10.3,89.5,"electrofisher","riffle","pool",30,20,300,,,,1413,,,,,,,,,,"Not compromised",,,,,,"Y",
"87b7128d-a806-4200-a591-ebeb6e0994de","D01","HOPB","HOPB.AOS.fish.point.06","2019-05-08T15:20Z","2019-05-08T15:47Z",2,"HOPB.20190508.06","HOPB.20190508.06.2.e-fisher",11.9,10.6,89.6,"electrofisher","riffle","pool",30,20,300,,,,927,,,,,,,,,,"Not compromised",,,,,,"Y",
"b459912c-0f08-4770-a0bf-0ae915105a8c","D01","HOPB","HOPB.AOS.fish.point.06","2019-05-08T16:28Z","2019-05-08T17:00Z",3,"HOPB.20190508.06","HOPB.20190508.06.3.e-fisher",13.1,10.2,89.4,"electrofisher","riffle","pool",30,20,300,,,,945,,,,,,,,,,"<10% compromised",,,,,,"Y",
"e1a197d7-702d-4f96-88b2-b6cf8f27e6c0","D01","HOPB","HOPB.AOS.fish.point.08","2019-05-08T18:15Z","2019-05-08T19:20Z",1,"HOPB.20190508.08","HOPB.20190508.08.1.e-fisher",14.7,9.4,89.1,"electrofisher","riffle","pool",30,20,300,,,,2356,,,,,,,,,,"Not compromised",,,,,,"Y",
"c4dfa285-6642-4645-988b-c050c8240479","D01","HOPB","HOPB.AOS.fish.point.10","2019-05-09T15:09Z","2019-05-09T16:03Z",1,"HOPB.20190509.10","HOPB.20190509.10.1.e-fisher",10.1,10.8,92.0,"electrofisher","riffle","pool",30,20,300,,,,1852,,,,,,,,,,"Not compromised",,,,,,"Y",
"59fcd879-b4ed-4851-953d-8cb80844dc6d","D01","HOPB","HOPB.AOS.fish.point.10","2019-05-09T18:06Z","2019-05-09T19:16Z",2,"HOPB.20190509.10","HOPB.20190509.10.2.e-fisher",11.4,10.4,91.0,"electrofisher","riffle","pool",30,20,300,,,,1939,,,,,,,,,,"Not compromised",,,,,,"Y",
"b1ca194a-3456-4656-9eef-875f84ea7d0a","D01","HOPB","HOPB.AOS.fish.point.10","2019-05-09T20:01Z","2019-05-09T20:52Z",3,"HOPB.20190509.10","HOPB.20190509.10.3.e-fisher",12.1,10.1,92.7,"electrofisher","riffle","pool",30,20,300,,,,1443,,,,,,,,,,"Not compromised",,,,,,"Y",
