uid,domainID,siteID,namedLocation,aquaticSiteType,decimalLatitude,decimalLongitude,coordinateUncertainty,elevation,elevationUncertainty,geodeticDatum,startDate,endDate,reachID,samplingProtocolVersion,samplingImpractical,reachCondition,measuredReachLength,fixedRandomReach,identifiedBy,aCollectedBy,bCollectedBy,cCollectedBy,remarks
"ebd63cbd-6ecc-421d-a57a-a58b4ec2d609","D01","HOPB","HOPB.AOS.fish.point.03","stream",42.471277,-72.327139,1.1,196.3,1.6,"WGS84","2016-10-24","2016-10-24","HOPB.20161024.03","NEON.DOC.001296vC",,,110.0,"random","adavila@battelleecology.org","thillman@battelleecology.org","nflannery@battelleecology.org",,
"c2413aae-2626-4937-b439-e9c9b9f28d36","D01","HOPB","HOPB.AOS.fish.point.04","stream",42.471863,-72.328095,0.4,202.1,0.6,"WGS84","2016-10-25","2016-10-25","HOPB.20161025.04","NEON.DOC.001296vC",,,80.0,"fixed","adavila@battelleecology.org","thillman@battelleecology.org","nflannery@battelleecology.org",,
"4faa95d9-3d6b-4149-8e03-c2781b76f1ae","D01","HOPB","HOPB.AOS.fish.point.05","stream",42.472170,-72.329040,0.3,207.9,0.3,"WGS84","2016-10-25","2016-10-25","HOPB.20161025.05","NEON.DOC.001296vC",,,95.0,"random","adavila@battelleecology.org","thillman@battelleecology.org","nflannery@battelleecology.org",,
"07e5b9e5-9f9d-4a75-9947-036a2b32e3c8","D01","HOPB","HOPB.AOS.fish.point.06","stream",42.471703,-72.329882,0.4,225.9,0.6,"WGS84","2016-10-26","2016-10-26","HOPB.20161026.06","NEON.DOC.001296vC",,,80.0,"fixed","adavila@battelleecology.org","thillman@battelleecology.org","nflannery@battelleecology.org",,
"c538fb64-81a3-4dc3-900e-3686dd5f69e0","D01","HOPB","HOPB.AOS.fish.point.09","stream",42.473116,-72.330784,0.3,210.5,0.4,"WGS84","2016-10-27","2016-10-27","HOPB.20161027.09","NEON.DOC.001296vC",,,80.0,"fixed","adavila@battelleecology.org","thillman@battelleecology.org","nflannery@battelleecology.org",,
"e286b15e-3f94-4302-b93c-dbb89f2643a9","D01","HOPB","HOPB.AOS.fish.point.10","stream",42.473425,-72.331693,0.1,211.8,0.1,"WGS84","2016-10-27","2016-10-27","HOPB.20161027.10","NEON.DOC.001296vC",,,120.0,"fixed","adavila@battelleecology.org","thillman@battelleecology.org","nflannery@battelleecology.org",,
