uid,domainID,siteID,namedLocation,passStartTime,passEndTime,passNumber,reachID,eventID,waterTemp,dissolvedOxygen,specificConductance,samplerType,habitatType,subdominantHabitatType,initialFrequency,initialDutyCycle,initialVoltage,finalFrequency,finalDutyCycle,finalVoltage,efTime,settingsChanged,initialFrequency2,initialDutyCycle2,initialVoltage2,finalFrequency2,finalDutyCycle2,finalVoltage2,efTime2,settingsChanged2,netIntegrity,netSetTime,netEndTime,netDeploymentTime,netLength,netDepth,targetTaxaPresent,remarks
"4e827125-beb3-436b-88e5-ceec2cdfb2ef","D01","HOPB","HOPB.AOS.fish.point.03","2016-10-24T15:30Z","2016-10-24T16:45Z",1,"HOPB.20161024.03","HOPB.20161024.03.1.e-fisher",9.3,9.0,150.4,"electrofisher","riffle","step pool",30,10,250,30,10,300,520,1,,,,,,,,,"Not compromised",,,,,,"Y",
"ed67c444-3dbb-4e1a-90b1-1a5db8f69515","D01","HOPB","HOPB.AOS.fish.point.04","2016-10-25T13:45Z","2016-10-25T15:05Z",1,"HOPB.20161025.04","HOPB.20161025.04.1.e-fisher",6.7,8.9,156.0,"electrofisher","pool","step pool",30,10,300,30,10,300,1904,0,,,,,,,,,"Not compromised",,,,,,"Y",
"c26c942c-9e5d-4716-8f85-9caa801f5504","D01","HOPB","HOPB.AOS.fish.point.04","2016-10-25T16:40Z","2016-10-25T17:00Z",2,"HOPB.20161025.04","HOPB.20161025.04.2.e-fisher",6.7,8.9,156.0,"electrofisher","pool","step pool",30,10,300,30,10,300,1281,0,,,,,,,,,"Not compromised",,,,,,"Y",
"62851600-a1b4-4447-b15d-72ff8ef8ad65","D01","HOPB","HOPB.AOS.fish.point.04","2016-10-25T18:20Z","2016-10-25T19:00Z",3,"HOPB.20161025.04","HOPB.20161025.04.3.e-fisher",6.7,8.9,156.0,"electrofisher","pool","step pool",30,10,300,30,10,300,1352,0,,,,,,,,,"Not compromised",,,,,,"Y",
"684ddea0-bae0-414e-a302-302d180de7e2","D01","HOPB","HOPB.AOS.fish.point.05","2016-10-25T20:00Z","2016-10-25T20:30Z",1,"HOPB.20161025.05","HOPB.20161025.05.1.e-fisher",7.6,9.1,154.0,"electrofisher","riffle","step pool",30,10,300,30,10,300,905,0,,,,,,,,,"Not compromised",,,,,,"Y",
"f9c85f90-6d5e-48f9-9858-083d74094141","D01","HOPB","HOPB.AOS.fish.point.06","2016-10-26T14:30Z","2016-10-26T15:00Z",1,"HOPB.20161026.06","HOPB.20161026.06.1.e-fisher",5.3,9.0,156.8,"electrofisher","riffle","step pool",30,10,300,30,10,300,1123,0,,,,,,,,,"Not compromised",,,,,,"Y",
"9c88f824-a0c5-413e-8bc6-d5e4c5ff94da","D01","HOPB","HOPB.AOS.fish.point.06","2016-10-26T15:50Z","2016-10-26T16:20Z",2,"HOPB.20161026.06","HOPB.20161026.06.2.e-fisher",5.3,9.0,156.8,"electrofisher","riffle","step pool",30,10,300,30,10,300,955,0,,,,,,,,,"Not compromised",,,,,,"Y",
"48b3723e-5fdf-4920-bad1-f01c84b5a4f0","D01","HOPB","HOPB.AOS.fish.point.06","2016-10-26T16:40Z","2016-10-26T17:05Z",3,"HOPB.20161026.06","HOPB.20161026.06.3.e-fisher",5.3,9.0,156.8,"electrofisher","riffle","step pool",30,10,300,30,10,300,905,0,,,,,,,,,"Not compromised",,,,,,"Y",
"469ecdca-1347-4689-8a2c-7c53ae4df6f9","D01","HOPB","HOPB.AOS.fish.point.09","2016-10-27T13:20Z","2016-10-27T14:00Z",1,"HOPB.20161027.09","HOPB.20161027.09.1.e-fisher",4.3,9.4,156.7,"electrofisher","riffle","pool",30,10,300,30,10,300,1848,0,,,,,,,,,"Not compromised",,,,,,"Y",
"fcb06b58-6e8f-4de3-a326-81c663de7128","D01","HOPB","HOPB.AOS.fish.point.10","2016-10-27T15:20Z","2016-10-27T16:40Z",1,"HOPB.20161027.10","HOPB.20161027.10.1.e-fisher",5.3,8.3,128.7,"electrofisher","riffle","pool",30,10,300,30,10,300,1667,0,,,,,,,,,"Not compromised",,,,,,"Y",
"a6046adc-6f40-4f77-9600-b30d93ecfca6","D01","HOPB","HOPB.AOS.fish.point.10","2016-10-27T16:00Z","2016-10-27T16:00Z",3,"HOPB.20161027.10","HOPB.20161027.10.3.e-fisher",5.3,8.3,128.7,"electrofisher","riffle","pool",30,10,300,30,10,300,1309,0,,,,,,,,,"Not compromised",,,,,,"Y","No time given for pass 3"
"587c6b2e-5d19-4c46-96e0-17459a785dcc","D01","HOPB","HOPB.AOS.fish.point.10","2016-10-27T17:00Z","2016-10-27T17:40Z",2,"HOPB.20161027.10","HOPB.20161027.10.2.e-fisher",5.3,8.3,128.7,"electrofisher","riffle","pool",30,10,300,30,10,300,1530,0,,,,,,,,,"Not compromised",,,,,,"Y",
