uid,domainID,siteID,namedLocation,passStartTime,passEndTime,passNumber,eventID,taxonID,scientificName,morphospeciesID,bulkFishCount,actualOrEstimated,identificationQualifier,identifiedBy,remarks
"b216bb26-3d3e-4a42-8ff8-832da3bea003","D01","HOPB","HOPB.AOS.fish.point.04","2016-10-25T18:20Z","2016-10-25T19:00Z",3,"HOPB.20161025.04.3.e-fisher","RHIATR","Rhinichthys atratulus",,1,"actual",,"adavila@battelleecology.org",
"be65f7a3-56c9-400a-8971-361da126c815","D01","HOPB","HOPB.AOS.fish.point.05","2016-10-25T20:00Z","2016-10-25T20:30Z",1,"HOPB.20161025.05.1.e-fisher","RHIATR","Rhinichthys atratulus",,7,"actual",,"adavila@battelleecology.org",
"f37139b6-1dfa-4fd4-8c67-39f9d2f0cc1f","D01","HOPB","HOPB.AOS.fish.point.06","2016-10-26T14:30Z","2016-10-26T17:05Z",1,"HOPB.20161026.06.1.e-fisher","RHIATR","Rhinichthys atratulus",,16,"actual",,"adavila@battelleecology.org",
"dc07b648-d3bf-41c0-ab8a-19051ef2123f","D01","HOPB","HOPB.AOS.fish.point.06","2016-10-26T15:50Z","2016-10-26T16:20Z",2,"HOPB.20161026.06.2.e-fisher","RHIATR","Rhinichthys atratulus",,40,"actual",,"adavila@battelleecology.org",
"4951d6ad-3ce7-4fff-95a9-f516ee1c740e","D01","HOPB","HOPB.AOS.fish.point.06","2016-10-26T16:40Z","2016-10-26T17:05Z",3,"HOPB.20161026.06.3.e-fisher","RHIATR","Rhinichthys atratulus",,33,"actual",,"adavila@battelleecology.org",
"784d4b80-df54-4b10-be01-584b3bc2f8b6","D01","HOPB","HOPB.AOS.fish.point.09","2016-10-27T13:20Z","2016-10-27T14:00Z",1,"HOPB.20161027.09.1.e-fisher","RHIATR","Rhinichthys atratulus",,58,"actual",,"adavila@battelleecology.org",
"146d9352-2e1b-49e1-8f1b-d19ee966113e","D01","HOPB","HOPB.AOS.fish.point.09","2016-10-27T13:20Z","2016-10-27T14:00Z",1,"HOPB.20161027.09.1.e-fisher","SEMATR","Semotilus atromaculatus",,1,"actual",,"adavila@battelleecology.org",
"1f3de822-9882-438e-a02d-343540c12618","D01","HOPB","HOPB.AOS.fish.point.10","2016-10-27T15:20Z","2016-10-27T16:40Z",1,"HOPB.20161027.10.1.e-fisher","SEMATR","Semotilus atromaculatus",,9,"actual",,"adavila@battelleecology.org",
"06affd88-1793-4445-a26f-c2439d5ebd33","D01","HOPB","HOPB.AOS.fish.point.10","2016-10-27T15:20Z","2016-10-27T16:40Z",1,"HOPB.20161027.10.1.e-fisher","RHIATR","Rhinichthys atratulus",,39,"actual",,"adavila@battelleecology.org",
"9749137a-760b-4140-823d-594ac63f7b44","D01","HOPB","HOPB.AOS.fish.point.10","2016-10-27T16:00Z","2016-10-27T16:00Z",3,"HOPB.20161027.10.3.e-fisher","RHIATR","Rhinichthys atratulus",,46,"actual",,"adavila@battelleecology.org",
"cd10725c-d1fd-4bb6-b908-0ae4268c066c","D01","HOPB","HOPB.AOS.fish.point.10","2016-10-27T16:00Z","2016-10-27T16:00Z",3,"HOPB.20161027.10.3.e-fisher","SEMATR","Semotilus atromaculatus",,24,"actual",,"adavila@battelleecology.org",
"f6c5c007-8f28-4809-a332-522411044eed","D01","HOPB","HOPB.AOS.fish.point.10","2016-10-27T17:00Z","2016-10-27T17:40Z",2,"HOPB.20161027.10.2.e-fisher","SEMATR","Semotilus atromaculatus",,38,"actual",,"adavila@battelleecology.org",
"fb4c43d4-4610-4f37-a456-467f920d56dc","D01","HOPB","HOPB.AOS.fish.point.10","2016-10-27T17:00Z","2016-10-27T17:40Z",2,"HOPB.20161027.10.2.e-fisher","RHIATR","Rhinichthys atratulus",,67,"actual",,"adavila@battelleecology.org",
