uid,domainID,siteID,namedLocation,passStartTime,passEndTime,passNumber,reachID,eventID,waterTemp,dissolvedOxygen,specificConductance,samplerType,habitatType,subdominantHabitatType,initialFrequency,initialDutyCycle,initialVoltage,finalFrequency,finalDutyCycle,finalVoltage,efTime,settingsChanged,initialFrequency2,initialDutyCycle2,initialVoltage2,finalFrequency2,finalDutyCycle2,finalVoltage2,efTime2,settingsChanged2,netIntegrity,netSetTime,netEndTime,netDeploymentTime,netLength,netDepth,targetTaxaPresent,remarks
"a4a5ad2f-c862-4935-a84b-6ce4afd28218","D01","HOPB","HOPB.AOS.fish.point.05","2018-05-01T14:00Z","2018-05-01T15:15Z",1,"HOPB.20180501.05","HOPB.20180501.05.1.e-fisher",8.4,11.2,104.9,"electrofisher","riffle","pool",30,20,300,30,20,300,2739,0,,,,,,,,,"NA",,,,,,"Y",
"65250c35-2c42-43d0-bea2-01f1f825e5c4","D01","HOPB","HOPB.AOS.fish.point.06","2018-05-01T17:30Z","2018-05-01T18:10Z",1,"HOPB.20180501.06","HOPB.20180501.06.1.e-fisher",10.8,10.8,106.5,"electrofisher","riffle","pool",30,20,300,30,20,300,1719,0,,,,,,,,,"<10% compromised",,,,,,"Y",
"10c2ab69-4e3e-4339-b16b-6ca02993a124","D01","HOPB","HOPB.AOS.fish.point.06","2018-05-01T18:55Z","2018-05-01T19:35Z",2,"HOPB.20180501.06","HOPB.20180501.06.2.e-fisher",11.5,10.1,105.7,"electrofisher","riffle","pool",30,20,300,30,20,300,1712,0,,,,,,,,,"<10% compromised",,,,,,"Y","One small gap at base of net. Covered with rock"
"b48ccc99-0196-4256-ae53-0bb92126f216","D01","HOPB","HOPB.AOS.fish.point.06","2018-05-01T20:05Z","2018-05-01T21:04Z",3,"HOPB.20180501.06","HOPB.20180501.06.3.e-fisher",11.8,10.2,107.6,"electrofisher","riffle","pool",30,20,300,30,20,300,2390,0,,,,,,,,,"<10% compromised",,,,,,"Y",
"d83a35b5-9426-4d19-9229-108ab13f17d5","D01","HOPB","HOPB.AOS.fish.point.07","2018-05-02T13:57Z","2018-05-02T15:21Z",1,"HOPB.20180502.07","HOPB.20180502.07.1.e-fisher",11.9,10.8,106.2,"electrofisher","riffle","pool",30,20,300,30,20,300,2818,0,,,,,,,,,"NA",,,,,,"Y",
"e51bebe1-141a-4696-8c55-645777094f18","D01","HOPB","HOPB.AOS.fish.point.09","2018-05-02T17:05Z","2018-05-02T18:27Z",1,"HOPB.20180502.09","HOPB.20180502.09.1.e-fisher",15.5,10.0,108.1,"electrofisher","riffle","pool",30,20,300,30,20,300,2816,0,,,,,,,,,"NA",,,,,,"Y",
"5e7e2cae-9a1a-4f04-a468-d275362d5f52","D01","HOPB","HOPB.AOS.fish.point.10","2018-05-03T13:23Z","2018-05-03T14:45Z",1,"HOPB.20180503.10","HOPB.20180503.10.1.e-fisher",14.3,9.6,110.8,"electrofisher","riffle","pool",30,20,300,30,20,300,2535,0,,,,,,,,,"Not compromised",,,,,,"Y",
"17bd6a97-611c-41bd-a564-bb5f439881d2","D01","HOPB","HOPB.AOS.fish.point.10","2018-05-03T15:23Z","2018-05-03T16:55Z",2,"HOPB.20180503.10","HOPB.20180503.10.2.e-fisher",15.5,10.0,112.8,"electrofisher","riffle","pool",30,20,300,30,20,300,2927,0,,,,,,,,,"Not compromised",,,,,,"Y",
"b18af8aa-e8d6-4c11-b08f-cc30674018a0","D01","HOPB","HOPB.AOS.fish.point.10","2018-05-03T17:27Z","2018-05-03T19:00Z",3,"HOPB.20180503.10","HOPB.20180503.10.3.e-fisher",15.9,9.2,112.4,"electrofisher","riffle","pool",30,20,300,30,20,300,2929,0,,,,,,,,,"Not compromised",,,,,,"Y",
