uid,domainID,siteID,namedLocation,aquaticSiteType,decimalLatitude,decimalLongitude,coordinateUncertainty,elevation,elevationUncertainty,geodeticDatum,startDate,endDate,reachID,samplingProtocolVersion,samplingImpractical,reachCondition,measuredReachLength,fixedRandomReach,identifiedBy,aCollectedBy,bCollectedBy,cCollectedBy,remarks
"c22f43af-1cd7-4942-b33f-5ec9b8f395eb","D01","HOPB","HOPB.AOS.fish.point.06","stream",42.471703,-72.329882,0.4,225.9,0.6,"WGS84","2018-05-01","2018-05-01","HOPB.20180501.06","NEON.DOC.001295vD",,"normal flow",82.0,"fixed","rwilliams@battelleecology.org","rwilliams@battelleecology.org","thillman@battelleecology.org","jlerner@battelleecology.org",
"f5968e70-c798-42e5-9240-254e9a8ca664","D01","HOPB","HOPB.AOS.fish.point.05","stream",42.472170,-72.329040,0.3,207.9,0.3,"WGS84","2018-05-01","2018-05-01","HOPB.20180501.05","NEON.DOC.001295vD",,"normal flow",95.0,"random","rwilliams@battelleecology.org","rwilliams@battelleecology.org","thillman@battelleecology.org","jlerner@battelleecology.org",
"683ab28d-4cad-4cb3-a0da-f888b5155dce","D01","HOPB","HOPB.AOS.fish.point.07","stream",42.471835,-72.330872,0.9,221.7,1.8,"WGS84","2018-05-02","2018-05-02","HOPB.20180502.07","NEON.DOC.001295vD",,"normal flow",95.0,"random","rwilliams@battelleecology.org","rwilliams@battelleecology.org","thillman@battelleecology.org","jlerner@battelleecology.org",
"8cbc32fe-2c9a-4e1d-a930-f093d8ebe373","D01","HOPB","HOPB.AOS.fish.point.09","stream",42.473116,-72.330784,0.3,210.5,0.4,"WGS84","2018-05-02","2018-05-02","HOPB.20180502.09","NEON.DOC.001295vD",,"normal flow",81.0,"random","rwilliams@battelleecology.org","rwilliams@battelleecology.org","thillman@battelleecology.org","jlerner@battelleecology.org",
"205ec94c-84c7-4e42-878a-7bb1fc140989","D01","HOPB","HOPB.AOS.fish.point.10","stream",42.473425,-72.331693,0.1,211.8,0.1,"WGS84","2018-05-03","2018-05-03","HOPB.20180503.10","NEON.DOC.001295vD",,"normal flow",99.0,"fixed","rwilliams@battelleecology.org","rwilliams@battelleecology.org","thillman@battelleecology.org","jlerner@battelleecology.org",
