uid,domainID,siteID,namedLocation,passStartTime,passEndTime,eventID,passNumber,specimenNumber,taxonID,scientificName,taxonRank,morphospeciesID,morphospeciesIDRemarks,identificationQualifier,fishTotalLength,fishWeight,delt,efMortality,efInjury,fishLifeStage,sampleTypeCollected,voucherSampleID,dnaSampleID,identifiedBy,remarks
"dd40e113-a013-4b09-ab89-98440961e681","D01","HOPB","HOPB.AOS.fish.point.05","2018-05-01T14:00Z","2018-05-01T15:15Z","HOPB.20180501.05.1.e-fisher",1,1,"SALFON","Salvelinus fontinalis","species",,,,163,39.5,,,,"juvenile","dna sample only","FSH.HOPB.05.20180501.1.0001","FSH.HOPB.05.20180501.1.0001.DNA","rwilliams@battelleecology.org",
"aa23122c-cd01-430a-9db4-e686bb8f2144","D01","HOPB","HOPB.AOS.fish.point.05","2018-05-01T14:00Z","2018-05-01T15:15Z","HOPB.20180501.05.1.e-fisher",1,52,"RHIATR","Rhinichthys atratulus","species",,,,55,1.6,,,,"juvenile","no sample",,,"rwilliams@battelleecology.org",
"22cc94e1-5e58-4d05-bd9b-10c3e0a19674","D01","HOPB","HOPB.AOS.fish.point.05","2018-05-01T14:00Z","2018-05-01T15:15Z","HOPB.20180501.05.1.e-fisher",1,26,"RHIATR","Rhinichthys atratulus","species",,,,76,2.8,,,,"adult","no sample",,,"rwilliams@battelleecology.org",
"459ec6e0-c276-4803-860d-652ca8e1a246","D01","HOPB","HOPB.AOS.fish.point.05","2018-05-01T14:00Z","2018-05-01T15:15Z","HOPB.20180501.05.1.e-fisher",1,33,"RHIATR","Rhinichthys atratulus","species",,,,51,1.5,,,,"juvenile","no sample",,,"rwilliams@battelleecology.org",
"a3619c7b-d3b6-4834-b4bb-a96762884b83","D01","HOPB","HOPB.AOS.fish.point.05","2018-05-01T14:00Z","2018-05-01T15:15Z","HOPB.20180501.05.1.e-fisher",1,51,"RHIATR","Rhinichthys atratulus","species",,,,56,1.7,,,,"adult","no sample",,,"rwilliams@battelleecology.org",
"8ba1dfa7-9ac0-4cf6-ad1c-6aac74b00591","D01","HOPB","HOPB.AOS.fish.point.05","2018-05-01T14:00Z","2018-05-01T15:15Z","HOPB.20180501.05.1.e-fisher",1,38,"RHIATR","Rhinichthys atratulus","species",,,,57,1.7,,,,"adult","no sample",,,"rwilliams@battelleecology.org",
"d2f1e9fd-d0af-457a-96dc-e94300f60b4c","D01","HOPB","HOPB.AOS.fish.point.05","2018-05-01T14:00Z","2018-05-01T15:15Z","HOPB.20180501.05.1.e-fisher",1,40,"RHIATR","Rhinichthys atratulus","species",,,,55,1.2,,,,"juvenile","no sample",,,"rwilliams@battelleecology.org",
"5042ca46-1132-464b-9102-305fd1286ac2","D01","HOPB","HOPB.AOS.fish.point.05","2018-05-01T14:00Z","2018-05-01T15:15Z","HOPB.20180501.05.1.e-fisher",1,37,"RHIATR","Rhinichthys atratulus","species",,,,74,3.9,,,,"adult","no sample",,,"rwilliams@battelleecology.org",
"011cc407-10a9-47ec-a544-4d7c49cf063e","D01","HOPB","HOPB.AOS.fish.point.05","2018-05-01T14:00Z","2018-05-01T15:15Z","HOPB.20180501.05.1.e-fisher",1,34,"RHIATR","Rhinichthys atratulus","species",,,,65,2.5,,,,"adult","no sample",,,"rwilliams@battelleecology.org",
"19ec0b92-8200-4a5d-b34d-a7a2798cbaeb","D01","HOPB","HOPB.AOS.fish.point.05","2018-05-01T14:00Z","2018-05-01T15:15Z","HOPB.20180501.05.1.e-fisher",1,35,"RHIATR","Rhinichthys atratulus","species",,,,45,1.0,,,,"juvenile","no sample",,,"rwilliams@battelleecology.org",
"5dc0e444-0fa5-4e3a-8658-a2db3e4ba1ce","D01","HOPB","HOPB.AOS.fish.point.05","2018-05-01T14:00Z","2018-05-01T15:15Z","HOPB.20180501.05.1.e-fisher",1,17,"RHIATR","Rhinichthys atratulus","species",,,,61,2.1,,,,"adult","no sample",,,"rwilliams@battelleecology.org",
"70eb78a2-dd80-459f-8f6c-d3613e59f4d1","D01","HOPB","HOPB.AOS.fish.point.05","2018-05-01T14:00Z","2018-05-01T15:15Z","HOPB.20180501.05.1.e-fisher",1,44,"RHIATR","Rhinichthys atratulus","species",,,,69,2.4,,,,"adult","no sample",,,"rwilliams@battelleecology.org",
"d13a3219-8540-4e17-b38a-c48bdefd3cc0","D01","HOPB","HOPB.AOS.fish.point.05","2018-05-01T14:00Z","2018-05-01T15:15Z","HOPB.20180501.05.1.e-fisher",1,13,"RHIATR","Rhinichthys atratulus","species",,,,56,1.4,,,,"juvenile","no sample",,,"rwilliams@battelleecology.org",
"ca558b2e-c460-4003-a705-e1c9ae7689d9","D01","HOPB","HOPB.AOS.fish.point.05","2018-05-01T14:00Z","2018-05-01T15:15Z","HOPB.20180501.05.1.e-fisher",1,39,"RHIATR","Rhinichthys atratulus","species",,,,65,2.9,,,,"adult","no sample",,,"rwilliams@battelleecology.org",
"5836e66f-bbf5-4e18-9ac0-441e4b28c514","D01","HOPB","HOPB.AOS.fish.point.05","2018-05-01T14:00Z","2018-05-01T15:15Z","HOPB.20180501.05.1.e-fisher",1,48,"RHIATR","Rhinichthys atratulus","species",,,,46,0.7,,,,"juvenile","no sample",,,"rwilliams@battelleecology.org",
"31b46e6e-fe98-4c32-be5d-d5b26cd7f9cd","D01","HOPB","HOPB.AOS.fish.point.05","2018-05-01T14:00Z","2018-05-01T15:15Z","HOPB.20180501.05.1.e-fisher",1,19,"RHIATR","Rhinichthys atratulus","species",,,,46,0.8,,,,"juvenile","no sample",,,"rwilliams@battelleecology.org",
"cda0ee95-7349-421e-aee7-42b8baa7624f","D01","HOPB","HOPB.AOS.fish.point.05","2018-05-01T14:00Z","2018-05-01T15:15Z","HOPB.20180501.05.1.e-fisher",1,46,"RHIATR","Rhinichthys atratulus","species",,,,56,1.5,,,,"juvenile","no sample",,,"rwilliams@battelleecology.org",
"fb8c7c41-b515-48e8-8e8a-df038e29627f","D01","HOPB","HOPB.AOS.fish.point.05","2018-05-01T14:00Z","2018-05-01T15:15Z","HOPB.20180501.05.1.e-fisher",1,4,"SALFON","Salvelinus fontinalis","species",,,,190,62.4,,,,"juvenile","dna sample only","FSH.HOPB.05.20180501.1.0004","FSH.HOPB.05.20180501.1.0004.DNA","rwilliams@battelleecology.org",
"d6bea207-402e-4881-9fce-6383a696d63d","D01","HOPB","HOPB.AOS.fish.point.05","2018-05-01T14:00Z","2018-05-01T15:15Z","HOPB.20180501.05.1.e-fisher",1,54,"RHIATR","Rhinichthys atratulus","species",,,,25,0.3,,"Y",,"young of year","voucher sample only","FSH.HOPB.05.20180501.1.0054",,"rwilliams@battelleecology.org","Left in AQUI-S too long"
"be07e3d1-c4b4-4f95-8839-5454ea5bac4a","D01","HOPB","HOPB.AOS.fish.point.05","2018-05-01T14:00Z","2018-05-01T15:15Z","HOPB.20180501.05.1.e-fisher",1,8,"RHIATR","Rhinichthys atratulus","species",,,,74,3.5,,,,"adult","dna sample only","FSH.HOPB.05.20180501.1.0008","FSH.HOPB.05.20180501.1.0008.DNA","rwilliams@battelleecology.org",
"a48ceb64-dda3-4aca-a629-45efac942c41","D01","HOPB","HOPB.AOS.fish.point.05","2018-05-01T14:00Z","2018-05-01T15:15Z","HOPB.20180501.05.1.e-fisher",1,45,"RHIATR","Rhinichthys atratulus","species",,,,51,2.7,"Eroded fins",,,"juvenile","no sample",,,"rwilliams@battelleecology.org","Tail fin injured"
"7351bedb-43bd-41d8-8c92-aebcb3dd6149","D01","HOPB","HOPB.AOS.fish.point.05","2018-05-01T14:00Z","2018-05-01T15:15Z","HOPB.20180501.05.1.e-fisher",1,11,"RHIATR","Rhinichthys atratulus","species",,,,52,1.1,,,,"juvenile","no sample",,,"rwilliams@battelleecology.org",
"bbc906ae-7482-48f2-a9ca-6194a680bf0a","D01","HOPB","HOPB.AOS.fish.point.05","2018-05-01T14:00Z","2018-05-01T15:15Z","HOPB.20180501.05.1.e-fisher",1,18,"RHIATR","Rhinichthys atratulus","species",,,,50,1.0,,,,"juvenile","no sample",,,"rwilliams@battelleecology.org",
"8cb4984a-40c0-4288-a87a-3ebd54ece816","D01","HOPB","HOPB.AOS.fish.point.05","2018-05-01T14:00Z","2018-05-01T15:15Z","HOPB.20180501.05.1.e-fisher",1,30,"RHIATR","Rhinichthys atratulus","species",,,,26,0.3,,,,"young of year","no sample",,,"rwilliams@battelleecology.org",
"e1ac49c8-b3fd-47c3-8c3e-85637e966352","D01","HOPB","HOPB.AOS.fish.point.05","2018-05-01T14:00Z","2018-05-01T15:15Z","HOPB.20180501.05.1.e-fisher",1,20,"RHIATR","Rhinichthys atratulus","species",,,,66,2.2,,,,"adult","no sample",,,"rwilliams@battelleecology.org",
"6db2d54d-0a57-4ee6-9d53-3f6502f39aa1","D01","HOPB","HOPB.AOS.fish.point.05","2018-05-01T14:00Z","2018-05-01T15:15Z","HOPB.20180501.05.1.e-fisher",1,5,"SEMATR","Semotilus atromaculatus","species",,,,82,5.0,,,,"adult","dna sample only","FSH.HOPB.05.20180501.1.0005","FSH.HOPB.05.20180501.1.0005.DNA","rwilliams@battelleecology.org",
"f50b9afe-df42-4d58-bc52-908e69551844","D01","HOPB","HOPB.AOS.fish.point.05","2018-05-01T14:00Z","2018-05-01T15:15Z","HOPB.20180501.05.1.e-fisher",1,7,"SEMATR","Semotilus atromaculatus","species",,,,94,6.6,,,,"adult","dna sample only","FSH.HOPB.05.20180501.1.0007","FSH.HOPB.05.20180501.1.0007.DNA","rwilliams@battelleecology.org",
"b80b3e39-9fdb-468f-b158-be38541764a2","D01","HOPB","HOPB.AOS.fish.point.05","2018-05-01T14:00Z","2018-05-01T15:15Z","HOPB.20180501.05.1.e-fisher",1,24,"RHIATR","Rhinichthys atratulus","species",,,,49,1.2,,,,"juvenile","no sample",,,"rwilliams@battelleecology.org",
"55ab44fe-e701-48b6-8243-12c3f96dcfc4","D01","HOPB","HOPB.AOS.fish.point.05","2018-05-01T14:00Z","2018-05-01T15:15Z","HOPB.20180501.05.1.e-fisher",1,29,"RHIATR","Rhinichthys atratulus","species",,,,30,0.3,,,,"juvenile","no sample",,,"rwilliams@battelleecology.org",
"4c6c1b19-09ce-4c4d-abe9-ec6b0b8442b4","D01","HOPB","HOPB.AOS.fish.point.05","2018-05-01T14:00Z","2018-05-01T15:15Z","HOPB.20180501.05.1.e-fisher",1,28,"RHIATR","Rhinichthys atratulus","species",,,,71,3.4,,,,"adult","no sample",,,"rwilliams@battelleecology.org",
"90eb31f0-e796-49c2-8593-66d28bb8c363","D01","HOPB","HOPB.AOS.fish.point.05","2018-05-01T14:00Z","2018-05-01T15:15Z","HOPB.20180501.05.1.e-fisher",1,10,"RHIATR","Rhinichthys atratulus","species",,,,71,3.1,,,,"adult","dna sample only","FSH.HOPB.05.20180501.1.0010","FSH.HOPB.05.20180501.1.0010.DNA","rwilliams@battelleecology.org",
"3b172f3b-81b4-47bc-8651-9ac16449a2af","D01","HOPB","HOPB.AOS.fish.point.05","2018-05-01T14:00Z","2018-05-01T15:15Z","HOPB.20180501.05.1.e-fisher",1,36,"RHIATR","Rhinichthys atratulus","species",,,,51,1.1,,,,"juvenile","no sample",,,"rwilliams@battelleecology.org",
"05dd6381-05b8-47af-b1e8-b32a556c7112","D01","HOPB","HOPB.AOS.fish.point.05","2018-05-01T14:00Z","2018-05-01T15:15Z","HOPB.20180501.05.1.e-fisher",1,3,"SALFON","Salvelinus fontinalis","species",,,,163,43.9,,,,"juvenile","dna sample only","FSH.HOPB.05.20180501.1.0003","FSH.HOPB.05.20180501.1.0003.DNA","rwilliams@battelleecology.org",
"abfc4115-943f-4433-beb2-d0fea6901cb8","D01","HOPB","HOPB.AOS.fish.point.05","2018-05-01T14:00Z","2018-05-01T15:15Z","HOPB.20180501.05.1.e-fisher",1,14,"RHIATR","Rhinichthys atratulus","species",,,,35,0.6,,,,"juvenile","no sample",,,"rwilliams@battelleecology.org",
"407ce4ce-5c57-4113-8fa3-8cb0a509e53c","D01","HOPB","HOPB.AOS.fish.point.05","2018-05-01T14:00Z","2018-05-01T15:15Z","HOPB.20180501.05.1.e-fisher",1,25,"RHIATR","Rhinichthys atratulus","species",,,,48,0.8,,,,"juvenile","no sample",,,"rwilliams@battelleecology.org",
"7ee6dc5d-2c51-4444-b7c7-a32d407eaaca","D01","HOPB","HOPB.AOS.fish.point.05","2018-05-01T14:00Z","2018-05-01T15:15Z","HOPB.20180501.05.1.e-fisher",1,27,"RHIATR","Rhinichthys atratulus","species",,,,54,1.4,,,,"adult","no sample",,,"rwilliams@battelleecology.org",
"74d060a1-3497-4a91-985b-6d79a091e829","D01","HOPB","HOPB.AOS.fish.point.05","2018-05-01T14:00Z","2018-05-01T15:15Z","HOPB.20180501.05.1.e-fisher",1,42,"RHIATR","Rhinichthys atratulus","species",,,,60,1.7,,,,,"no sample",,,"rwilliams@battelleecology.org",
"de3d54ec-63c4-439e-8c8a-e74b22ecf755","D01","HOPB","HOPB.AOS.fish.point.05","2018-05-01T14:00Z","2018-05-01T15:15Z","HOPB.20180501.05.1.e-fisher",1,50,"RHIATR","Rhinichthys atratulus","species",,,,51,1.2,,,,"juvenile","no sample",,,"rwilliams@battelleecology.org",
"231365f5-01d4-4de9-8d77-c24e7154dc74","D01","HOPB","HOPB.AOS.fish.point.05","2018-05-01T14:00Z","2018-05-01T15:15Z","HOPB.20180501.05.1.e-fisher",1,31,"RHIATR","Rhinichthys atratulus","species",,,,34,0.3,,,,"juvenile","no sample",,,"rwilliams@battelleecology.org",
"3daa38bb-fae7-48b0-9ede-73197716cb45","D01","HOPB","HOPB.AOS.fish.point.05","2018-05-01T14:00Z","2018-05-01T15:15Z","HOPB.20180501.05.1.e-fisher",1,23,"RHIATR","Rhinichthys atratulus","species",,,,32,0.3,,,,"juvenile","no sample",,,"rwilliams@battelleecology.org",
"0216cac2-70b4-4287-855d-ff4b84ac4354","D01","HOPB","HOPB.AOS.fish.point.05","2018-05-01T14:00Z","2018-05-01T15:15Z","HOPB.20180501.05.1.e-fisher",1,22,"RHIATR","Rhinichthys atratulus","species",,,,31,0.3,,,,"juvenile","no sample",,,"rwilliams@battelleecology.org",
"f1da95f5-cc19-4959-8792-bf5b2dc7c1f1","D01","HOPB","HOPB.AOS.fish.point.05","2018-05-01T14:00Z","2018-05-01T15:15Z","HOPB.20180501.05.1.e-fisher",1,9,"SEMATR","Semotilus atromaculatus","species",,,,75,3.8,,,,"adult","no sample",,,"rwilliams@battelleecology.org",
"63ee1dc2-6890-465c-86d9-184964e9ca0e","D01","HOPB","HOPB.AOS.fish.point.05","2018-05-01T14:00Z","2018-05-01T15:15Z","HOPB.20180501.05.1.e-fisher",1,43,"SEMATR","Semotilus atromaculatus","species",,,,66,2.2,,,,"adult","no sample",,,"rwilliams@battelleecology.org",
"1ec0aa81-4cf0-4128-8cba-c486e56b6643","D01","HOPB","HOPB.AOS.fish.point.05","2018-05-01T14:00Z","2018-05-01T15:15Z","HOPB.20180501.05.1.e-fisher",1,41,"RHIATR","Rhinichthys atratulus","species",,,,55,1.5,,,,"juvenile","no sample",,,"rwilliams@battelleecology.org",
"eb50985f-fc5e-42b9-a876-bf21415152ff","D01","HOPB","HOPB.AOS.fish.point.05","2018-05-01T14:00Z","2018-05-01T15:15Z","HOPB.20180501.05.1.e-fisher",1,12,"RHIATR","Rhinichthys atratulus","species",,,,49,0.8,,,,"juvenile","no sample",,,"rwilliams@battelleecology.org",
"7af122b1-e731-4fe9-bf72-2ef6dca5171f","D01","HOPB","HOPB.AOS.fish.point.05","2018-05-01T14:00Z","2018-05-01T15:15Z","HOPB.20180501.05.1.e-fisher",1,16,"RHIATR","Rhinichthys atratulus","species",,,,62,2.3,,,,"adult","no sample",,,"rwilliams@battelleecology.org",
"b0289b04-b4ee-44b3-ab37-94ee0acb16aa","D01","HOPB","HOPB.AOS.fish.point.05","2018-05-01T14:00Z","2018-05-01T15:15Z","HOPB.20180501.05.1.e-fisher",1,47,"RHIATR","Rhinichthys atratulus","species",,,,59,1.4,,,,"adult","no sample",,,"rwilliams@battelleecology.org",
"6c4b74a3-92fb-4d9f-955c-22be8d7ecc07","D01","HOPB","HOPB.AOS.fish.point.05","2018-05-01T14:00Z","2018-05-01T15:15Z","HOPB.20180501.05.1.e-fisher",1,6,"SEMATR","Semotilus atromaculatus","species",,,,106,11.3,,,,"adult","dna sample only","FSH.HOPB.05.20180501.1.0006","FSH.HOPB.05.20180501.1.0006.DNA","rwilliams@battelleecology.org",
"5a1465fa-87f7-41bf-917e-b88e22fa1a6d","D01","HOPB","HOPB.AOS.fish.point.05","2018-05-01T14:00Z","2018-05-01T15:15Z","HOPB.20180501.05.1.e-fisher",1,2,"SALTRU","Salmo trutta","species",,,,151,28.0,,,,"juvenile","dna sample only","FSH.HOPB.05.20180501.1.0002","FSH.HOPB.05.20180501.1.0002.DNA","rwilliams@battelleecology.org",
"81c182b9-3dfc-4d5a-8893-b938bcbf0e1b","D01","HOPB","HOPB.AOS.fish.point.05","2018-05-01T14:00Z","2018-05-01T15:15Z","HOPB.20180501.05.1.e-fisher",1,21,"SALFON","Salvelinus fontinalis","species",,,"cf. species",20,0.3,,,,"young of year","no sample",,,"rwilliams@battelleecology.org","Alternate species Salmo trutta"
"fa22bf92-f7c4-44de-835e-812f3cbb5101","D01","HOPB","HOPB.AOS.fish.point.05","2018-05-01T14:00Z","2018-05-01T15:15Z","HOPB.20180501.05.1.e-fisher",1,32,"RHIATR","Rhinichthys atratulus","species",,,,36,0.3,,,,"juvenile","no sample",,,"rwilliams@battelleecology.org",
"65bb94b6-ce41-489e-bda7-6cd42bd3bbc2","D01","HOPB","HOPB.AOS.fish.point.05","2018-05-01T14:00Z","2018-05-01T15:15Z","HOPB.20180501.05.1.e-fisher",1,15,"RHIATR","Rhinichthys atratulus","species",,,,27,0.3,,,,"young of year","no sample",,,"rwilliams@battelleecology.org",
"79da8996-f3d7-4e13-91b1-399436f8e0fd","D01","HOPB","HOPB.AOS.fish.point.05","2018-05-01T14:00Z","2018-05-01T15:15Z","HOPB.20180501.05.1.e-fisher",1,53,"RHIATR","Rhinichthys atratulus","species",,,,25,0.3,,,,"young of year","no sample",,,"rwilliams@battelleecology.org",
"6dfdfaf6-5e60-49bf-ba20-770d49c9e114","D01","HOPB","HOPB.AOS.fish.point.05","2018-05-01T14:00Z","2018-05-01T15:15Z","HOPB.20180501.05.1.e-fisher",1,49,"RHIATR","Rhinichthys atratulus","species",,,,43,0.7,,,,"juvenile","no sample",,,"rwilliams@battelleecology.org",
"dfb81aa6-371d-42c4-9137-5cf931a70e97","D01","HOPB","HOPB.AOS.fish.point.06","2018-05-01T17:30Z","2018-05-01T18:10Z","HOPB.20180501.06.1.e-fisher",1,17,"SALTRU","Salmo trutta","species",,,,150,30.0,,,,"juvenile","no sample",,,"rwilliams@battelleecology.org",
"911c519c-bd86-45bf-9ada-aa7d38084fa4","D01","HOPB","HOPB.AOS.fish.point.06","2018-05-01T17:30Z","2018-05-01T18:10Z","HOPB.20180501.06.1.e-fisher",1,12,"SEMATR","Semotilus atromaculatus","species",,,,26,0.3,,,,"young of year","no sample",,,"rwilliams@battelleecology.org",
"75dde521-1321-40c1-bb04-34904e120b97","D01","HOPB","HOPB.AOS.fish.point.06","2018-05-01T17:30Z","2018-05-01T18:10Z","HOPB.20180501.06.1.e-fisher",1,8,"RHIATR","Rhinichthys atratulus","species",,,,52,1.0,,,,"juvenile","no sample",,,"rwilliams@battelleecology.org",
"331607cc-00a5-488b-b6d9-7c5bfe38014d","D01","HOPB","HOPB.AOS.fish.point.06","2018-05-01T17:30Z","2018-05-01T18:10Z","HOPB.20180501.06.1.e-fisher",1,9,"RHIATR","Rhinichthys atratulus","species",,,,56,1.6,,,,"adult","no sample",,,"rwilliams@battelleecology.org",
"11c20eb1-e13e-4d4b-815f-773e00d99b9a","D01","HOPB","HOPB.AOS.fish.point.06","2018-05-01T17:30Z","2018-05-01T18:10Z","HOPB.20180501.06.1.e-fisher",1,11,"RHIATR","Rhinichthys atratulus","species",,,,51,1.2,,,,"juvenile","no sample",,,"rwilliams@battelleecology.org",
"949ce8df-67fb-475a-a972-691302d3bc1e","D01","HOPB","HOPB.AOS.fish.point.06","2018-05-01T17:30Z","2018-05-01T18:10Z","HOPB.20180501.06.1.e-fisher",1,2,"RHIATR","Rhinichthys atratulus","species",,,,66,2.8,,,,"adult","no sample",,,"rwilliams@battelleecology.org",
"fce5adb9-0bf8-450e-ad7c-35c6bce1735e","D01","HOPB","HOPB.AOS.fish.point.06","2018-05-01T17:30Z","2018-05-01T18:10Z","HOPB.20180501.06.1.e-fisher",1,6,"RHIATR","Rhinichthys atratulus","species",,,,32,0.3,,,,"juvenile","no sample",,,"rwilliams@battelleecology.org",
"bd32f2d1-8090-458b-957d-6d4e25ea8657","D01","HOPB","HOPB.AOS.fish.point.06","2018-05-01T17:30Z","2018-05-01T18:10Z","HOPB.20180501.06.1.e-fisher",1,3,"RHIATR","Rhinichthys atratulus","species",,,,56,1.8,,,,"adult","no sample",,,"rwilliams@battelleecology.org",
"bcb6d24e-c468-44f4-b8f7-1e4ee07aa15c","D01","HOPB","HOPB.AOS.fish.point.06","2018-05-01T17:30Z","2018-05-01T18:10Z","HOPB.20180501.06.1.e-fisher",1,1,"RHIATR","Rhinichthys atratulus","species",,,,53,1.1,,,,"juvenile","no sample",,,"rwilliams@battelleecology.org",
"c7853941-7c5e-45dc-be8b-46ed913a565c","D01","HOPB","HOPB.AOS.fish.point.06","2018-05-01T17:30Z","2018-05-01T18:10Z","HOPB.20180501.06.1.e-fisher",1,5,"RHIATR","Rhinichthys atratulus","species",,,,46,0.6,,,,"juvenile","no sample",,,"rwilliams@battelleecology.org",
"cf529443-d650-41ec-8b95-7c0ca996938f","D01","HOPB","HOPB.AOS.fish.point.06","2018-05-01T17:30Z","2018-05-01T18:10Z","HOPB.20180501.06.1.e-fisher",1,13,"RHIATR","Rhinichthys atratulus","species",,,,23,0.3,"Eroded fins",,,"young of year","no sample",,,"rwilliams@battelleecology.org",
"caed3efa-fa46-4519-9d4e-8c3edb96afea","D01","HOPB","HOPB.AOS.fish.point.06","2018-05-01T17:30Z","2018-05-01T18:10Z","HOPB.20180501.06.1.e-fisher",1,14,"RHIATR","Rhinichthys atratulus","species",,,,30,0.3,,,,"young of year","no sample",,,"rwilliams@battelleecology.org",
"be8758e4-f49d-4889-a18e-3c08f3fbe7f4","D01","HOPB","HOPB.AOS.fish.point.06","2018-05-01T17:30Z","2018-05-01T18:10Z","HOPB.20180501.06.1.e-fisher",1,4,"RHIATR","Rhinichthys atratulus","species",,,,53,1.3,,,,"adult","no sample",,,"rwilliams@battelleecology.org",
"9eed11d3-d4a9-4094-a1ff-9959e13d3790","D01","HOPB","HOPB.AOS.fish.point.06","2018-05-01T17:30Z","2018-05-01T18:10Z","HOPB.20180501.06.1.e-fisher",1,18,"SALFON","Salvelinus fontinalis","species",,,,145,34.7,,,,"juvenile","no sample",,,"rwilliams@battelleecology.org",
"5dca8729-66f0-40e1-9b8d-79843e663de8","D01","HOPB","HOPB.AOS.fish.point.06","2018-05-01T17:30Z","2018-05-01T18:10Z","HOPB.20180501.06.1.e-fisher",1,15,"RHIATR","Rhinichthys atratulus","species",,,,30,0.3,,,,"young of year","no sample",,,"rwilliams@battelleecology.org",
"b471856c-c0ea-4f21-9855-a20e1ea6640b","D01","HOPB","HOPB.AOS.fish.point.06","2018-05-01T17:30Z","2018-05-01T18:10Z","HOPB.20180501.06.1.e-fisher",1,10,"RHIATR","Rhinichthys atratulus","species",,,,51,0.9,,,,"juvenile","no sample",,,"rwilliams@battelleecology.org",
"f6ff3607-6879-4d23-a85a-1364637919b5","D01","HOPB","HOPB.AOS.fish.point.06","2018-05-01T17:30Z","2018-05-01T18:10Z","HOPB.20180501.06.1.e-fisher",1,7,"SEMATR","Semotilus atromaculatus","species",,,,54,1.3,,,,"juvenile","no sample",,,"rwilliams@battelleecology.org",
"81e9d4dc-ea59-42e2-8b8a-31bf59c7612f","D01","HOPB","HOPB.AOS.fish.point.06","2018-05-01T17:30Z","2018-05-01T18:10Z","HOPB.20180501.06.1.e-fisher",1,16,"RHIATR","Rhinichthys atratulus","species",,,,74,3.8,,,,"adult","no sample",,,"rwilliams@battelleecology.org",
"4d8be754-4795-47c7-80aa-754591e6dbf4","D01","HOPB","HOPB.AOS.fish.point.06","2018-05-01T18:55Z","2018-05-01T19:35Z","HOPB.20180501.06.2.e-fisher",2,10,"RHIATR","Rhinichthys atratulus","species",,,,47,0.8,,,,"juvenile","no sample",,,"rwilliams@battelleecology.org",
"a4696ecf-d476-4fd6-8954-e699c57ecf38","D01","HOPB","HOPB.AOS.fish.point.06","2018-05-01T18:55Z","2018-05-01T19:35Z","HOPB.20180501.06.2.e-fisher",2,2,"RHIATR","Rhinichthys atratulus","species",,,,40,0.6,,,,"juvenile","no sample",,,"rwilliams@battelleecology.org",
"8224890c-e816-4c81-931a-31e9320537eb","D01","HOPB","HOPB.AOS.fish.point.06","2018-05-01T18:55Z","2018-05-01T19:35Z","HOPB.20180501.06.2.e-fisher",2,3,"RHIATR","Rhinichthys atratulus","species",,,,74,3.6,,,,"adult","no sample",,,"rwilliams@battelleecology.org",
"e48afdd1-9de5-4517-a337-1c600380f4ba","D01","HOPB","HOPB.AOS.fish.point.06","2018-05-01T18:55Z","2018-05-01T19:35Z","HOPB.20180501.06.2.e-fisher",2,11,"RHIATR","Rhinichthys atratulus","species",,,,51,1.1,,,,"juvenile","no sample",,,"rwilliams@battelleecology.org",
"d5cfd15c-fc15-4579-ab6b-3b8e3f292912","D01","HOPB","HOPB.AOS.fish.point.06","2018-05-01T18:55Z","2018-05-01T19:35Z","HOPB.20180501.06.2.e-fisher",2,16,"RHIATR","Rhinichthys atratulus","species",,,,49,0.9,,,,"juvenile","no sample",,,"rwilliams@battelleecology.org",
"6fd832d7-4de8-4d98-9bf9-f8d61eaedeb1","D01","HOPB","HOPB.AOS.fish.point.06","2018-05-01T18:55Z","2018-05-01T19:35Z","HOPB.20180501.06.2.e-fisher",2,6,"RHIATR","Rhinichthys atratulus","species",,,,71,3.7,,,,"adult","no sample",,,"rwilliams@battelleecology.org",
"21bb0633-c66c-40a7-b8cb-a9a7dbc221a8","D01","HOPB","HOPB.AOS.fish.point.06","2018-05-01T18:55Z","2018-05-01T19:35Z","HOPB.20180501.06.2.e-fisher",2,19,"RHIATR","Rhinichthys atratulus","species",,,,34,0.3,,,,"juvenile","no sample",,,"rwilliams@battelleecology.org",
"9b42847f-1fab-453e-986c-ed14c3c61877","D01","HOPB","HOPB.AOS.fish.point.06","2018-05-01T18:55Z","2018-05-01T19:35Z","HOPB.20180501.06.2.e-fisher",2,1,"SALTRU","Salmo trutta","species",,,,147,27.3,,,,"juvenile","no sample",,,"rwilliams@battelleecology.org",
"e4e05fa6-9a1d-4e17-ad9c-0aa84ebf5c28","D01","HOPB","HOPB.AOS.fish.point.06","2018-05-01T18:55Z","2018-05-01T19:35Z","HOPB.20180501.06.2.e-fisher",2,5,"SEMATR","Semotilus atromaculatus","species",,,,71,2.6,,,,"juvenile","no sample",,,"rwilliams@battelleecology.org","Missing portion of tail"
"5966013b-f080-44d1-b59a-7b810898dd99","D01","HOPB","HOPB.AOS.fish.point.06","2018-05-01T18:55Z","2018-05-01T19:35Z","HOPB.20180501.06.2.e-fisher",2,9,"RHIATR","Rhinichthys atratulus","species",,,,46,0.6,,,,"juvenile","no sample",,,"rwilliams@battelleecology.org",
"cc119f14-635f-4ee1-ba34-046abaacce2e","D01","HOPB","HOPB.AOS.fish.point.06","2018-05-01T18:55Z","2018-05-01T19:35Z","HOPB.20180501.06.2.e-fisher",2,7,"SEMATR","Semotilus atromaculatus","species",,,,61,2.2,,,,"juvenile","no sample",,,"rwilliams@battelleecology.org",
"f400e161-086a-47be-a809-9b51c77ef706","D01","HOPB","HOPB.AOS.fish.point.06","2018-05-01T18:55Z","2018-05-01T19:35Z","HOPB.20180501.06.2.e-fisher",2,12,"RHIATR","Rhinichthys atratulus","species",,,,50,0.9,,,,"juvenile","no sample",,,"rwilliams@battelleecology.org",
"3fbe1714-fe44-4cb8-8b5c-02b818522431","D01","HOPB","HOPB.AOS.fish.point.06","2018-05-01T18:55Z","2018-05-01T19:35Z","HOPB.20180501.06.2.e-fisher",2,15,"RHIATR","Rhinichthys atratulus","species",,,,51,1.0,,,,"juvenile","no sample",,,"rwilliams@battelleecology.org",
"326e64f9-9623-4ead-b168-19bd915fb95b","D01","HOPB","HOPB.AOS.fish.point.06","2018-05-01T18:55Z","2018-05-01T19:35Z","HOPB.20180501.06.2.e-fisher",2,20,"RHIATR","Rhinichthys atratulus","species",,,,52,0.9,,,,"juvenile","no sample",,,"rwilliams@battelleecology.org",
"0af222d8-099e-484b-a8a5-6f40134c1d87","D01","HOPB","HOPB.AOS.fish.point.06","2018-05-01T18:55Z","2018-05-01T19:35Z","HOPB.20180501.06.2.e-fisher",2,13,"RHIATR","Rhinichthys atratulus","species",,,,47,1.0,,,,"juvenile","no sample",,,"rwilliams@battelleecology.org",
"d2c402fc-24f5-414b-a987-440a3e74a10e","D01","HOPB","HOPB.AOS.fish.point.06","2018-05-01T18:55Z","2018-05-01T19:35Z","HOPB.20180501.06.2.e-fisher",2,14,"RHIATR","Rhinichthys atratulus","species",,,,23,0.3,,,,"young of year","no sample",,,"rwilliams@battelleecology.org",
"2595e3eb-0c74-45a5-9422-0785191fedc6","D01","HOPB","HOPB.AOS.fish.point.06","2018-05-01T18:55Z","2018-05-01T19:35Z","HOPB.20180501.06.2.e-fisher",2,4,"RHIATR","Rhinichthys atratulus","species",,,,73,3.2,,,,"adult","no sample",,,"rwilliams@battelleecology.org",
"e9f1f980-f831-41b2-968c-8abd78ef4aaa","D01","HOPB","HOPB.AOS.fish.point.06","2018-05-01T18:55Z","2018-05-01T19:35Z","HOPB.20180501.06.2.e-fisher",2,17,"RHIATR","Rhinichthys atratulus","species",,,,46,0.6,,,,"juvenile","no sample",,,"rwilliams@battelleecology.org",
"010bf22b-965a-4c9f-bb18-264392e76dbf","D01","HOPB","HOPB.AOS.fish.point.06","2018-05-01T18:55Z","2018-05-01T19:35Z","HOPB.20180501.06.2.e-fisher",2,8,"RHIATR","Rhinichthys atratulus","species",,,,70,2.8,,,,"adult","no sample",,,"rwilliams@battelleecology.org",
"ad2439ea-cbe0-4ad1-9c0c-0e375c93837a","D01","HOPB","HOPB.AOS.fish.point.06","2018-05-01T18:55Z","2018-05-01T19:35Z","HOPB.20180501.06.2.e-fisher",2,18,"RHIATR","Rhinichthys atratulus","species",,,,38,0.3,,,,"juvenile","no sample",,,"rwilliams@battelleecology.org",
"0b96fa16-81b7-49be-8d6a-3d1ed6b8c31b","D01","HOPB","HOPB.AOS.fish.point.06","2018-05-01T20:05Z","2018-05-01T21:04Z","HOPB.20180501.06.3.e-fisher",3,11,"RHIATR","Rhinichthys atratulus","species",,,,62,2.2,,,,"adult","no sample",,,"rwilliams@battelleecology.org",
"d9dd8f96-4899-48ff-b75a-f91dd49fe606","D01","HOPB","HOPB.AOS.fish.point.06","2018-05-01T20:05Z","2018-05-01T21:04Z","HOPB.20180501.06.3.e-fisher",3,2,"RHIATR","Rhinichthys atratulus","species",,,,30,0.3,,,,"young of year","no sample",,,"rwilliams@battelleecology.org",
"e5906666-5774-4df5-a927-85862728d355","D01","HOPB","HOPB.AOS.fish.point.06","2018-05-01T20:05Z","2018-05-01T21:04Z","HOPB.20180501.06.3.e-fisher",3,6,"RHIATR","Rhinichthys atratulus","species",,,,23,0.3,,,,"young of year","no sample",,,"rwilliams@battelleecology.org",
"423ba0f1-cb32-4f67-a4d2-bdf037343a82","D01","HOPB","HOPB.AOS.fish.point.06","2018-05-01T20:05Z","2018-05-01T21:04Z","HOPB.20180501.06.3.e-fisher",3,3,"RHIATR","Rhinichthys atratulus","species",,,,55,1.2,,,,"adult","no sample",,,"rwilliams@battelleecology.org",
"57ebb658-d1c8-479a-a7f0-3792069678a2","D01","HOPB","HOPB.AOS.fish.point.06","2018-05-01T20:05Z","2018-05-01T21:04Z","HOPB.20180501.06.3.e-fisher",3,1,"RHIATR","Rhinichthys atratulus","species",,,,47,0.9,,,,"juvenile","no sample",,,"rwilliams@battelleecology.org",
"57a94b96-73c0-42d1-8222-ab9dd91833d8","D01","HOPB","HOPB.AOS.fish.point.06","2018-05-01T20:05Z","2018-05-01T21:04Z","HOPB.20180501.06.3.e-fisher",3,15,"RHIATR","Rhinichthys atratulus","species",,,,49,0.8,,,,"juvenile","no sample",,,"rwilliams@battelleecology.org",
"0e69f858-327a-4fdd-b436-e3114d4a2113","D01","HOPB","HOPB.AOS.fish.point.06","2018-05-01T20:05Z","2018-05-01T21:04Z","HOPB.20180501.06.3.e-fisher",3,9,"RHIATR","Rhinichthys atratulus","species",,,,28,0.3,,,,"young of year","no sample",,,"rwilliams@battelleecology.org",
"eee47f33-eeb1-4c61-8fdb-148c5fd5b0b8","D01","HOPB","HOPB.AOS.fish.point.06","2018-05-01T20:05Z","2018-05-01T21:04Z","HOPB.20180501.06.3.e-fisher",3,12,"RHIATR","Rhinichthys atratulus","species",,,,43,0.7,,,,"juvenile","no sample",,,"rwilliams@battelleecology.org",
"ae71e7db-778e-49d0-9520-9f60c624ac44","D01","HOPB","HOPB.AOS.fish.point.06","2018-05-01T20:05Z","2018-05-01T21:04Z","HOPB.20180501.06.3.e-fisher",3,13,"RHIATR","Rhinichthys atratulus","species",,,,25,0.3,,,,"young of year","no sample",,,"rwilliams@battelleecology.org",
"6136acdf-d095-4a51-b35d-64ea5dd4871e","D01","HOPB","HOPB.AOS.fish.point.06","2018-05-01T20:05Z","2018-05-01T21:04Z","HOPB.20180501.06.3.e-fisher",3,7,"SEMATR","Semotilus atromaculatus","species",,,,53,1.5,,,,"juvenile","no sample",,,"rwilliams@battelleecology.org",
"d3582261-3e10-4738-aa27-907a3cd28798","D01","HOPB","HOPB.AOS.fish.point.06","2018-05-01T20:05Z","2018-05-01T21:04Z","HOPB.20180501.06.3.e-fisher",3,14,"RHIATR","Rhinichthys atratulus","species",,,,48,0.7,,,,"juvenile","no sample",,,"rwilliams@battelleecology.org",
"3cedb215-e98b-456e-b011-7b58381f8e1b","D01","HOPB","HOPB.AOS.fish.point.06","2018-05-01T20:05Z","2018-05-01T21:04Z","HOPB.20180501.06.3.e-fisher",3,16,"SALFON","Salvelinus fontinalis","species",,,,142,29.5,,,,"juvenile","no sample",,,"rwilliams@battelleecology.org",
"718a7b50-311c-4932-b391-08df3f13ed7b","D01","HOPB","HOPB.AOS.fish.point.06","2018-05-01T20:05Z","2018-05-01T21:04Z","HOPB.20180501.06.3.e-fisher",3,5,"RHIATR","Rhinichthys atratulus","species",,,,30,0.3,,,,"young of year","no sample",,,"rwilliams@battelleecology.org",
"fc1deabf-6b0e-4885-9bb5-59b667359faf","D01","HOPB","HOPB.AOS.fish.point.06","2018-05-01T20:05Z","2018-05-01T21:04Z","HOPB.20180501.06.3.e-fisher",3,4,"RHIATR","Rhinichthys atratulus","species",,,,80,5.6,,,,"adult","no sample",,,"rwilliams@battelleecology.org",
"76669a30-e567-4afa-98be-002c216c1085","D01","HOPB","HOPB.AOS.fish.point.06","2018-05-01T20:05Z","2018-05-01T21:04Z","HOPB.20180501.06.3.e-fisher",3,8,"RHIATR","Rhinichthys atratulus","species",,,,50,1.5,,,,"juvenile","no sample",,,"rwilliams@battelleecology.org",
"9b2835d2-b464-4b76-9610-5198d0fb3ddb","D01","HOPB","HOPB.AOS.fish.point.06","2018-05-01T20:05Z","2018-05-01T21:04Z","HOPB.20180501.06.3.e-fisher",3,10,"SEMATR","Semotilus atromaculatus","species",,,,58,1.7,,,,"juvenile","no sample",,,"rwilliams@battelleecology.org",
"b83e4b0b-7092-460e-9503-04d194714d4a","D01","HOPB","HOPB.AOS.fish.point.07","2018-05-02T13:57Z","2018-05-02T15:21Z","HOPB.20180502.07.1.e-fisher",1,30,"SEMATR","Semotilus atromaculatus","species",,,,77,4.2,,,,"juvenile","no sample",,,"rwilliams@battelleecology.org",
"55094c76-f79b-472f-82af-118885cc609f","D01","HOPB","HOPB.AOS.fish.point.07","2018-05-02T13:57Z","2018-05-02T15:21Z","HOPB.20180502.07.1.e-fisher",1,35,"RHIATR","Rhinichthys atratulus","species",,,,56,0.9,,,,"juvenile","no sample",,,"rwilliams@battelleecology.org",
"8ba631b1-40b2-4bbf-a9b8-0ffb017987e3","D01","HOPB","HOPB.AOS.fish.point.07","2018-05-02T13:57Z","2018-05-02T15:21Z","HOPB.20180502.07.1.e-fisher",1,32,"RHIATR","Rhinichthys atratulus","species",,,,54,1.1,"Lesions/parasites",,,"juvenile","no sample",,,"rwilliams@battelleecology.org",
"438594a1-f7b1-4e25-9268-90d41bf8ef8f","D01","HOPB","HOPB.AOS.fish.point.07","2018-05-02T13:57Z","2018-05-02T15:21Z","HOPB.20180502.07.1.e-fisher",1,48,"RHIATR","Rhinichthys atratulus","species",,,,71,3.6,,,,"adult","no sample",,,"rwilliams@battelleecology.org",
"d3839c7b-6902-4bc8-878b-a1bde2bed495","D01","HOPB","HOPB.AOS.fish.point.07","2018-05-02T13:57Z","2018-05-02T15:21Z","HOPB.20180502.07.1.e-fisher",1,31,"RHIATR","Rhinichthys atratulus","species",,,,52,0.7,,,,"juvenile","no sample",,,"rwilliams@battelleecology.org",
"9abfb546-81df-459f-8db8-d9b1866915ef","D01","HOPB","HOPB.AOS.fish.point.07","2018-05-02T13:57Z","2018-05-02T15:21Z","HOPB.20180502.07.1.e-fisher",1,15,"RHIATR","Rhinichthys atratulus","species",,,,70,2.8,,,,"adult","no sample",,,"rwilliams@battelleecology.org",
"3b22f42b-da3c-4615-a7e9-ec326c9fd719","D01","HOPB","HOPB.AOS.fish.point.07","2018-05-02T13:57Z","2018-05-02T15:21Z","HOPB.20180502.07.1.e-fisher",1,16,"RHIATR","Rhinichthys atratulus","species",,,,75,3.7,,,,"adult","no sample",,,"rwilliams@battelleecology.org",
"a198ac49-aab6-4fa3-8538-d4db72729304","D01","HOPB","HOPB.AOS.fish.point.07","2018-05-02T13:57Z","2018-05-02T15:21Z","HOPB.20180502.07.1.e-fisher",1,38,"RHIATR","Rhinichthys atratulus","species",,,,64,1.4,,,,"adult","no sample",,,"rwilliams@battelleecology.org",
"49787abe-32ad-40be-951b-694ff5b9f1d0","D01","HOPB","HOPB.AOS.fish.point.07","2018-05-02T13:57Z","2018-05-02T15:21Z","HOPB.20180502.07.1.e-fisher",1,39,"RHIATR","Rhinichthys atratulus","species",,,,66,2.6,,,,"adult","no sample",,,"rwilliams@battelleecology.org",
"6ed45805-95b9-40f5-9091-bd410697f859","D01","HOPB","HOPB.AOS.fish.point.07","2018-05-02T13:57Z","2018-05-02T15:21Z","HOPB.20180502.07.1.e-fisher",1,55,"RHIATR","Rhinichthys atratulus","species",,,,66,2.8,,,,"adult","no sample",,,"rwilliams@battelleecology.org",
"f2ae9b36-07a9-4f92-992f-e010d51f3811","D01","HOPB","HOPB.AOS.fish.point.07","2018-05-02T13:57Z","2018-05-02T15:21Z","HOPB.20180502.07.1.e-fisher",1,67,"RHIATR","Rhinichthys atratulus","species",,,,63,2.3,,,,"adult","no sample",,,"rwilliams@battelleecology.org",
"1e8c0653-705b-4ce6-ac33-118b2478334f","D01","HOPB","HOPB.AOS.fish.point.07","2018-05-02T13:57Z","2018-05-02T15:21Z","HOPB.20180502.07.1.e-fisher",1,65,"SEMATR","Semotilus atromaculatus","species",,,,60,2.1,,,,"juvenile","no sample",,,"rwilliams@battelleecology.org",
"361a3013-3b22-4de3-bd54-1b73aa6ea60c","D01","HOPB","HOPB.AOS.fish.point.07","2018-05-02T13:57Z","2018-05-02T15:21Z","HOPB.20180502.07.1.e-fisher",1,49,"RHIATR","Rhinichthys atratulus","species",,,,54,1.4,,,,"juvenile","no sample",,,"rwilliams@battelleecology.org",
"69115092-e4ed-46c5-a9f2-364945201adc","D01","HOPB","HOPB.AOS.fish.point.07","2018-05-02T13:57Z","2018-05-02T15:21Z","HOPB.20180502.07.1.e-fisher",1,60,"SEMATR","Semotilus atromaculatus","species",,,,88,5.8,,,,"juvenile","no sample",,,"rwilliams@battelleecology.org",
"9e2d61ca-4302-43b1-98c4-5ba0d5e31f93","D01","HOPB","HOPB.AOS.fish.point.07","2018-05-02T13:57Z","2018-05-02T15:21Z","HOPB.20180502.07.1.e-fisher",1,20,"RHIATR","Rhinichthys atratulus","species",,,,61,2.5,,,,"adult","no sample",,,"rwilliams@battelleecology.org",
"cad75045-5f3a-4a5c-ab3f-9e01e167b508","D01","HOPB","HOPB.AOS.fish.point.07","2018-05-02T13:57Z","2018-05-02T15:21Z","HOPB.20180502.07.1.e-fisher",1,69,"RHIATR","Rhinichthys atratulus","species",,,,60,2.2,,,,"adult","no sample",,,"rwilliams@battelleecology.org",
"b4f7b5e2-8924-4679-acca-58039685cbce","D01","HOPB","HOPB.AOS.fish.point.07","2018-05-02T13:57Z","2018-05-02T15:21Z","HOPB.20180502.07.1.e-fisher",1,27,"RHIATR","Rhinichthys atratulus","species",,,,35,0.3,,,,"young of year","no sample",,,"rwilliams@battelleecology.org",
"a889f51e-cde8-40fc-8ea5-62b4fc5c7432","D01","HOPB","HOPB.AOS.fish.point.07","2018-05-02T13:57Z","2018-05-02T15:21Z","HOPB.20180502.07.1.e-fisher",1,4,"RHIATR","Rhinichthys atratulus","species",,,,67,2.8,,,,"adult","no sample",,,"rwilliams@battelleecology.org",
"099a68a6-2634-4233-b054-ae58e0632476","D01","HOPB","HOPB.AOS.fish.point.07","2018-05-02T13:57Z","2018-05-02T15:21Z","HOPB.20180502.07.1.e-fisher",1,59,"RHIATR","Rhinichthys atratulus","species",,,,50,0.3,,,,"juvenile","no sample",,,"rwilliams@battelleecology.org",
"a63de9ba-4922-42c4-acd3-e1d507da8923","D01","HOPB","HOPB.AOS.fish.point.07","2018-05-02T13:57Z","2018-05-02T15:21Z","HOPB.20180502.07.1.e-fisher",1,46,"RHIATR","Rhinichthys atratulus","species",,,,27,0.3,,,,"young of year","no sample",,,"rwilliams@battelleecology.org",
"801105f9-3f6a-476a-a146-18e544cda548","D01","HOPB","HOPB.AOS.fish.point.07","2018-05-02T13:57Z","2018-05-02T15:21Z","HOPB.20180502.07.1.e-fisher",1,47,"RHIATR","Rhinichthys atratulus","species",,,,58,1.7,,,,"adult","no sample",,,"rwilliams@battelleecology.org",
"5a9d7ca2-6590-416b-b65e-1738a5040fd7","D01","HOPB","HOPB.AOS.fish.point.07","2018-05-02T13:57Z","2018-05-02T15:21Z","HOPB.20180502.07.1.e-fisher",1,8,"RHIATR","Rhinichthys atratulus","species",,,,55,1.6,,,,"adult","no sample",,,"rwilliams@battelleecology.org",
"6c7ea8f5-0f5c-4fcd-92a4-1e6541c4cd45","D01","HOPB","HOPB.AOS.fish.point.07","2018-05-02T13:57Z","2018-05-02T15:21Z","HOPB.20180502.07.1.e-fisher",1,18,"RHIATR","Rhinichthys atratulus","species",,,,77,4.3,,,,"adult","no sample",,,"rwilliams@battelleecology.org",
"7ca87123-282f-4de7-a460-93730c097ca5","D01","HOPB","HOPB.AOS.fish.point.07","2018-05-02T13:57Z","2018-05-02T15:21Z","HOPB.20180502.07.1.e-fisher",1,25,"RHIATR","Rhinichthys atratulus","species",,,,57,1.4,,,,"juvenile","no sample",,,"rwilliams@battelleecology.org",
"c45ec882-821b-4d7b-922b-d1761dab9e2f","D01","HOPB","HOPB.AOS.fish.point.07","2018-05-02T13:57Z","2018-05-02T15:21Z","HOPB.20180502.07.1.e-fisher",1,6,"RHIATR","Rhinichthys atratulus","species",,,,30,0.3,,,,"young of year","no sample",,,"rwilliams@battelleecology.org",
"251e2623-8e1f-4b89-bd74-5fb421bb8f3a","D01","HOPB","HOPB.AOS.fish.point.07","2018-05-02T13:57Z","2018-05-02T15:21Z","HOPB.20180502.07.1.e-fisher",1,5,"RHIATR","Rhinichthys atratulus","species",,,,27,0.3,,,,"young of year","no sample",,,"rwilliams@battelleecology.org",
"02d69efc-c8f9-48d6-86b6-ce759ee23bf5","D01","HOPB","HOPB.AOS.fish.point.07","2018-05-02T13:57Z","2018-05-02T15:21Z","HOPB.20180502.07.1.e-fisher",1,11,"RHIATR","Rhinichthys atratulus","species",,,,56,1.4,,,,"adult","no sample",,,"rwilliams@battelleecology.org",
"b52d12e7-ac56-46f6-9d1a-accbcd544598","D01","HOPB","HOPB.AOS.fish.point.07","2018-05-02T13:57Z","2018-05-02T15:21Z","HOPB.20180502.07.1.e-fisher",1,26,"RHIATR","Rhinichthys atratulus","species",,,,74,4.5,,,,"adult","no sample",,,"rwilliams@battelleecology.org",
"883faa5e-5e6a-42e2-adf9-b89d69da448c","D01","HOPB","HOPB.AOS.fish.point.07","2018-05-02T13:57Z","2018-05-02T15:21Z","HOPB.20180502.07.1.e-fisher",1,56,"SEMATR","Semotilus atromaculatus","species",,,,60,1.3,,,,"juvenile","no sample",,,"rwilliams@battelleecology.org",
"ed13f811-f51e-4f65-8afc-2cb1b550f84e","D01","HOPB","HOPB.AOS.fish.point.07","2018-05-02T13:57Z","2018-05-02T15:21Z","HOPB.20180502.07.1.e-fisher",1,51,"RHIATR","Rhinichthys atratulus","species",,,,64,2.3,,,,"adult","no sample",,,"rwilliams@battelleecology.org",
"82ad685f-c4e5-404e-b155-abb8d64b4428","D01","HOPB","HOPB.AOS.fish.point.07","2018-05-02T13:57Z","2018-05-02T15:21Z","HOPB.20180502.07.1.e-fisher",1,44,"RHIATR","Rhinichthys atratulus","species",,,,70,3.3,,,,"adult","no sample",,,"rwilliams@battelleecology.org",
"d25f9672-e9e9-47a1-8842-186dfdb2233b","D01","HOPB","HOPB.AOS.fish.point.07","2018-05-02T13:57Z","2018-05-02T15:21Z","HOPB.20180502.07.1.e-fisher",1,33,"RHIATR","Rhinichthys atratulus","species",,,,36,0.3,,,,"juvenile","no sample",,,"rwilliams@battelleecology.org",
"51ea5c1d-b0c6-42fb-bed3-659466656e21","D01","HOPB","HOPB.AOS.fish.point.07","2018-05-02T13:57Z","2018-05-02T15:21Z","HOPB.20180502.07.1.e-fisher",1,41,"RHIATR","Rhinichthys atratulus","species",,,,57,1.7,,,,"adult","no sample",,,"rwilliams@battelleecology.org",
"824bed3a-8ee4-4ee3-ad28-d2d3886eaea8","D01","HOPB","HOPB.AOS.fish.point.07","2018-05-02T13:57Z","2018-05-02T15:21Z","HOPB.20180502.07.1.e-fisher",1,28,"RHIATR","Rhinichthys atratulus","species",,,,26,0.3,,,,"young of year","no sample",,,"rwilliams@battelleecology.org",
"d15c2f82-e9d6-4f4d-8ea2-892acefc4771","D01","HOPB","HOPB.AOS.fish.point.07","2018-05-02T13:57Z","2018-05-02T15:21Z","HOPB.20180502.07.1.e-fisher",1,62,"RHIATR","Rhinichthys atratulus","species",,,,70,3.4,,,,"adult","no sample",,,"rwilliams@battelleecology.org",
"363da205-b346-4072-9bd1-e57af631d403","D01","HOPB","HOPB.AOS.fish.point.07","2018-05-02T13:57Z","2018-05-02T15:21Z","HOPB.20180502.07.1.e-fisher",1,45,"RHIATR","Rhinichthys atratulus","species",,,,48,0.7,,,,"juvenile","no sample",,,"rwilliams@battelleecology.org",
"a9c0fca0-d756-4900-bcb6-4ae60c56c843","D01","HOPB","HOPB.AOS.fish.point.07","2018-05-02T13:57Z","2018-05-02T15:21Z","HOPB.20180502.07.1.e-fisher",1,1,"SALFON","Salvelinus fontinalis","species",,,,144,30.4,,,,"juvenile","no sample",,,"rwilliams@battelleecology.org",
"541454ef-8f58-4eaa-af3d-5898f76347d0","D01","HOPB","HOPB.AOS.fish.point.07","2018-05-02T13:57Z","2018-05-02T15:21Z","HOPB.20180502.07.1.e-fisher",1,61,"RHIATR","Rhinichthys atratulus","species",,,,62,1.7,,,,"adult","no sample",,,"rwilliams@battelleecology.org",
"3e6e21ee-bac9-4d93-ba74-d0f885c458aa","D01","HOPB","HOPB.AOS.fish.point.07","2018-05-02T13:57Z","2018-05-02T15:21Z","HOPB.20180502.07.1.e-fisher",1,9,"RHIATR","Rhinichthys atratulus","species",,,,53,1.0,,,,"adult","no sample",,,"rwilliams@battelleecology.org",
"90b2e99d-b51d-47f0-8697-8c6c46ea8189","D01","HOPB","HOPB.AOS.fish.point.07","2018-05-02T13:57Z","2018-05-02T15:21Z","HOPB.20180502.07.1.e-fisher",1,13,"RHIATR","Rhinichthys atratulus","species",,,,47,0.6,,,,"juvenile","no sample",,,"rwilliams@battelleecology.org",
"ac8a6f77-0fa8-46fb-b3c8-0387dfb497b6","D01","HOPB","HOPB.AOS.fish.point.07","2018-05-02T13:57Z","2018-05-02T15:21Z","HOPB.20180502.07.1.e-fisher",1,14,"RHIATR","Rhinichthys atratulus","species",,,,74,4.0,,,,"adult","no sample",,,"rwilliams@battelleecology.org",
"18b55ff2-4372-40d4-b119-08e61462e148","D01","HOPB","HOPB.AOS.fish.point.07","2018-05-02T13:57Z","2018-05-02T15:21Z","HOPB.20180502.07.1.e-fisher",1,52,"RHIATR","Rhinichthys atratulus","species",,,,60,1.7,,,,"adult","no sample",,,"rwilliams@battelleecology.org",
"a8ebc262-73e8-4ba2-a523-cafd883417b2","D01","HOPB","HOPB.AOS.fish.point.07","2018-05-02T13:57Z","2018-05-02T15:21Z","HOPB.20180502.07.1.e-fisher",1,12,"RHIATR","Rhinichthys atratulus","species",,,,31,0.3,,,,"young of year","no sample",,,"rwilliams@battelleecology.org",
"ad25caca-1370-4ff5-bc2d-96fd9627930b","D01","HOPB","HOPB.AOS.fish.point.07","2018-05-02T13:57Z","2018-05-02T15:21Z","HOPB.20180502.07.1.e-fisher",1,10,"RHIATR","Rhinichthys atratulus","species",,,,47,1.0,,,,"juvenile","no sample",,,"rwilliams@battelleecology.org",
"1077fe2e-0b3b-470d-99cc-2e8672be9eb2","D01","HOPB","HOPB.AOS.fish.point.07","2018-05-02T13:57Z","2018-05-02T15:21Z","HOPB.20180502.07.1.e-fisher",1,3,"RHIATR","Rhinichthys atratulus","species",,,,65,3.3,,,,"adult","no sample",,,"rwilliams@battelleecology.org",
"e5c3e1c0-d5a0-433d-a996-39f2c5229148","D01","HOPB","HOPB.AOS.fish.point.07","2018-05-02T13:57Z","2018-05-02T15:21Z","HOPB.20180502.07.1.e-fisher",1,36,"RHIATR","Rhinichthys atratulus","species",,,,48,0.6,,,,"juvenile","no sample",,,"rwilliams@battelleecology.org",
"21267965-24b4-48c3-b407-d9a4117ef6a1","D01","HOPB","HOPB.AOS.fish.point.07","2018-05-02T13:57Z","2018-05-02T15:21Z","HOPB.20180502.07.1.e-fisher",1,2,"SALTRU","Salmo trutta","species",,,,171,46.0,,,,"juvenile","no sample",,,"rwilliams@battelleecology.org",
"458eb634-3c44-4e77-910f-a0986469cbc0","D01","HOPB","HOPB.AOS.fish.point.07","2018-05-02T13:57Z","2018-05-02T15:21Z","HOPB.20180502.07.1.e-fisher",1,24,"RHIATR","Rhinichthys atratulus","species",,,,28,0.3,,,,"young of year","no sample",,,"rwilliams@battelleecology.org",
"768cd8b7-5559-496e-89ad-dd047167f2d1","D01","HOPB","HOPB.AOS.fish.point.07","2018-05-02T13:57Z","2018-05-02T15:21Z","HOPB.20180502.07.1.e-fisher",1,70,"RHIATR","Rhinichthys atratulus","species",,,,30,0.3,,,,"young of year","no sample",,,"rwilliams@battelleecology.org",
"84f404dd-f680-40cc-a353-42e4aa6ac2ab","D01","HOPB","HOPB.AOS.fish.point.07","2018-05-02T13:57Z","2018-05-02T15:21Z","HOPB.20180502.07.1.e-fisher",1,58,"RHIATR","Rhinichthys atratulus","species",,,,48,0.9,,,,"juvenile","no sample",,,"rwilliams@battelleecology.org",
"3fb715a7-790a-4147-a50b-52e76c387379","D01","HOPB","HOPB.AOS.fish.point.07","2018-05-02T13:57Z","2018-05-02T15:21Z","HOPB.20180502.07.1.e-fisher",1,43,"RHIATR","Rhinichthys atratulus","species",,,,50,1.1,"Lesions/parasites",,,"juvenile","no sample",,,"rwilliams@battelleecology.org",
"3d541371-fb9d-4837-b71b-2f75b76937aa","D01","HOPB","HOPB.AOS.fish.point.07","2018-05-02T13:57Z","2018-05-02T15:21Z","HOPB.20180502.07.1.e-fisher",1,37,"SEMATR","Semotilus atromaculatus","species",,,,94,7.7,,,,"adult","no sample",,,"rwilliams@battelleecology.org",
"5ac0b71d-41c9-4160-b96e-c3b52b591724","D01","HOPB","HOPB.AOS.fish.point.07","2018-05-02T13:57Z","2018-05-02T15:21Z","HOPB.20180502.07.1.e-fisher",1,50,"RHIATR","Rhinichthys atratulus","species",,,,40,0.6,,,,"juvenile","no sample",,,"rwilliams@battelleecology.org",
"b84475ba-770c-4ab2-bb48-534bb1e8607c","D01","HOPB","HOPB.AOS.fish.point.07","2018-05-02T13:57Z","2018-05-02T15:21Z","HOPB.20180502.07.1.e-fisher",1,17,"RHIATR","Rhinichthys atratulus","species",,,,74,4.5,,,,"adult","no sample",,,"rwilliams@battelleecology.org",
"a477873d-6745-45c4-9489-e1538a45c2ea","D01","HOPB","HOPB.AOS.fish.point.07","2018-05-02T13:57Z","2018-05-02T15:21Z","HOPB.20180502.07.1.e-fisher",1,40,"RHIATR","Rhinichthys atratulus","species",,,,46,1.0,,,,"juvenile","no sample",,,"rwilliams@battelleecology.org",
"9a527747-756b-4c63-a411-d03a36dd7081","D01","HOPB","HOPB.AOS.fish.point.07","2018-05-02T13:57Z","2018-05-02T15:21Z","HOPB.20180502.07.1.e-fisher",1,54,"RHIATR","Rhinichthys atratulus","species",,,,55,1.1,,,,"juvenile","no sample",,,"rwilliams@battelleecology.org",
"9fe2c23b-1a8d-46d0-8776-4c0547a8ee51","D01","HOPB","HOPB.AOS.fish.point.07","2018-05-02T13:57Z","2018-05-02T15:21Z","HOPB.20180502.07.1.e-fisher",1,42,"SEMATR","Semotilus atromaculatus","species",,,,51,1.6,,,,"juvenile","no sample",,,"rwilliams@battelleecology.org",
"df05c1ee-c882-47e5-83f9-bef283513b02","D01","HOPB","HOPB.AOS.fish.point.07","2018-05-02T13:57Z","2018-05-02T15:21Z","HOPB.20180502.07.1.e-fisher",1,68,"RHIATR","Rhinichthys atratulus","species",,,,50,1.0,,,,"juvenile","no sample",,,"rwilliams@battelleecology.org",
"e7e29d53-60cc-43c9-9683-6b2a5977387a","D01","HOPB","HOPB.AOS.fish.point.07","2018-05-02T13:57Z","2018-05-02T15:21Z","HOPB.20180502.07.1.e-fisher",1,53,"SEMATR","Semotilus atromaculatus","species",,,,64,2.3,,,,"juvenile","no sample",,,"rwilliams@battelleecology.org",
"091e9d54-7bdc-43c2-8b1c-8dd258e48915","D01","HOPB","HOPB.AOS.fish.point.07","2018-05-02T13:57Z","2018-05-02T15:21Z","HOPB.20180502.07.1.e-fisher",1,29,"RHIATR","Rhinichthys atratulus","species",,,,77,4.1,,,,"adult","no sample",,,"rwilliams@battelleecology.org",
"8852b083-455d-4d01-bbaf-991c6660e8c8","D01","HOPB","HOPB.AOS.fish.point.07","2018-05-02T13:57Z","2018-05-02T15:21Z","HOPB.20180502.07.1.e-fisher",1,64,"RHIATR","Rhinichthys atratulus","species",,,,25,0.3,"Tumors",,,"young of year","no sample",,,"rwilliams@battelleecology.org",
"75178d97-5ccc-4f20-b822-efe1fa95d297","D01","HOPB","HOPB.AOS.fish.point.07","2018-05-02T13:57Z","2018-05-02T15:21Z","HOPB.20180502.07.1.e-fisher",1,7,"RHIATR","Rhinichthys atratulus","species",,,,44,0.7,,,,"juvenile","no sample",,,"rwilliams@battelleecology.org",
"5acc71dd-5356-4aa5-a9a8-9709d55c0cb4","D01","HOPB","HOPB.AOS.fish.point.07","2018-05-02T13:57Z","2018-05-02T15:21Z","HOPB.20180502.07.1.e-fisher",1,21,"RHIATR","Rhinichthys atratulus","species",,,,70,3.5,,,,"adult","no sample",,,"rwilliams@battelleecology.org",
"41083fa3-8f06-429e-9628-0e5cf7286203","D01","HOPB","HOPB.AOS.fish.point.07","2018-05-02T13:57Z","2018-05-02T15:21Z","HOPB.20180502.07.1.e-fisher",1,63,"RHIATR","Rhinichthys atratulus","species",,,,33,0.3,,,,"young of year","no sample",,,"rwilliams@battelleecology.org",
"ebe927a0-fca4-414f-a05a-356f8b227f4a","D01","HOPB","HOPB.AOS.fish.point.07","2018-05-02T13:57Z","2018-05-02T15:21Z","HOPB.20180502.07.1.e-fisher",1,23,"RHIATR","Rhinichthys atratulus","species",,,,29,0.3,,,,"young of year","no sample",,,"rwilliams@battelleecology.org",
"db03aef1-c94f-4252-80eb-b0fbc4222b82","D01","HOPB","HOPB.AOS.fish.point.07","2018-05-02T13:57Z","2018-05-02T15:21Z","HOPB.20180502.07.1.e-fisher",1,22,"RHIATR","Rhinichthys atratulus","species",,,,44,0.6,,,,"juvenile","no sample",,,"rwilliams@battelleecology.org",
"f5872d11-c8a1-4b4c-875e-1e8999d1fc81","D01","HOPB","HOPB.AOS.fish.point.07","2018-05-02T13:57Z","2018-05-02T15:21Z","HOPB.20180502.07.1.e-fisher",1,71,"RHIATR","Rhinichthys atratulus","species",,,,40,0.3,,,,"young of year","no sample",,,"rwilliams@battelleecology.org",
"1398097c-ca57-4bf6-8825-26f1f9a796a9","D01","HOPB","HOPB.AOS.fish.point.07","2018-05-02T13:57Z","2018-05-02T15:21Z","HOPB.20180502.07.1.e-fisher",1,66,"RHIATR","Rhinichthys atratulus","species",,,,52,1.7,,,,"juvenile","no sample",,,"rwilliams@battelleecology.org",
"2a9c2f22-8a62-440b-823b-9fea425cc617","D01","HOPB","HOPB.AOS.fish.point.07","2018-05-02T13:57Z","2018-05-02T15:21Z","HOPB.20180502.07.1.e-fisher",1,34,"RHIATR","Rhinichthys atratulus","species",,,,74,2.2,,,,"adult","no sample",,,"rwilliams@battelleecology.org",
"1cabe165-34ea-45e5-b641-b9b012cf1fb5","D01","HOPB","HOPB.AOS.fish.point.07","2018-05-02T13:57Z","2018-05-02T15:21Z","HOPB.20180502.07.1.e-fisher",1,57,"SEMATR","Semotilus atromaculatus","species",,,,87,5.2,"Lesions/parasites",,,"juvenile","no sample",,,"rwilliams@battelleecology.org",
"983d0fb8-1f82-4c82-964c-a343214cc448","D01","HOPB","HOPB.AOS.fish.point.07","2018-05-02T13:57Z","2018-05-02T15:21Z","HOPB.20180502.07.1.e-fisher",1,19,"RHIATR","Rhinichthys atratulus","species",,,,44,0.5,,,,"juvenile","no sample",,,"rwilliams@battelleecology.org",
"2c4a943d-8a11-4f78-a5b1-e3687ddf0159","D01","HOPB","HOPB.AOS.fish.point.09","2018-05-02T17:05Z","2018-05-02T18:27Z","HOPB.20180502.09.1.e-fisher",1,7,"RHIATR","Rhinichthys atratulus","species",,,,43,0.7,,,,"juvenile","no sample",,,"rwilliams@battelleecology.org",
"5d79b32b-42ef-4a92-869a-81f6942bf009","D01","HOPB","HOPB.AOS.fish.point.09","2018-05-02T17:05Z","2018-05-02T18:27Z","HOPB.20180502.09.1.e-fisher",1,62,"RHIATR","Rhinichthys atratulus","species",,,,33,0.3,,,,"juvenile","no sample",,,"rwilliams@battelleecology.org",
"702ec6ad-ee2f-4795-9a95-8ea99818d097","D01","HOPB","HOPB.AOS.fish.point.09","2018-05-02T17:05Z","2018-05-02T18:27Z","HOPB.20180502.09.1.e-fisher",1,36,"RHIATR","Rhinichthys atratulus","species",,,,59,1.2,,,,"adult","no sample",,,"rwilliams@battelleecology.org","Bitten tail"
"a6b87448-d8fe-4ee8-8fed-6458e185337e","D01","HOPB","HOPB.AOS.fish.point.09","2018-05-02T17:05Z","2018-05-02T18:27Z","HOPB.20180502.09.1.e-fisher",1,44,"RHIATR","Rhinichthys atratulus","species",,,,35,0.3,,,,"juvenile","no sample",,,"rwilliams@battelleecology.org",
"74dcddf7-fe29-4fc2-b400-676687abaa13","D01","HOPB","HOPB.AOS.fish.point.09","2018-05-02T17:05Z","2018-05-02T18:27Z","HOPB.20180502.09.1.e-fisher",1,37,"RHIATR","Rhinichthys atratulus","species",,,,62,2.0,,,,"adult","no sample",,,"rwilliams@battelleecology.org",
"4888af41-b9ac-43cd-b49a-eeea5bea37e0","D01","HOPB","HOPB.AOS.fish.point.09","2018-05-02T17:05Z","2018-05-02T18:27Z","HOPB.20180502.09.1.e-fisher",1,58,"RHIATR","Rhinichthys atratulus","species",,,,62,2.9,,,,"adult","no sample",,,"rwilliams@battelleecology.org",
"b56ca204-8472-4e0a-a8bd-27ffb2a50daa","D01","HOPB","HOPB.AOS.fish.point.09","2018-05-02T17:05Z","2018-05-02T18:27Z","HOPB.20180502.09.1.e-fisher",1,31,"SEMATR","Semotilus atromaculatus","species",,,,32,0.3,,,,"young of year","no sample",,,"rwilliams@battelleecology.org",
"8e251694-014b-4323-8f15-7bb1db1c760c","D01","HOPB","HOPB.AOS.fish.point.09","2018-05-02T17:05Z","2018-05-02T18:27Z","HOPB.20180502.09.1.e-fisher",1,46,"RHIATR","Rhinichthys atratulus","species",,,,50,0.8,,,,"juvenile","no sample",,,"rwilliams@battelleecology.org","Bitten tail"
"24ac2299-ea8d-4d67-a7df-5e8b5a737e89","D01","HOPB","HOPB.AOS.fish.point.09","2018-05-02T17:05Z","2018-05-02T18:27Z","HOPB.20180502.09.1.e-fisher",1,12,"RHIATR","Rhinichthys atratulus","species",,,,29,0.3,,,,"young of year","no sample",,,"rwilliams@battelleecology.org",
"965398e0-1bc2-411b-b05f-8b3ba54dba3d","D01","HOPB","HOPB.AOS.fish.point.09","2018-05-02T17:05Z","2018-05-02T18:27Z","HOPB.20180502.09.1.e-fisher",1,34,"RHIATR","Rhinichthys atratulus","species",,,,64,2.5,,,,"adult","no sample",,,"rwilliams@battelleecology.org",
"d6a0e509-d7b4-433a-afd8-ac2e0835000d","D01","HOPB","HOPB.AOS.fish.point.09","2018-05-02T17:05Z","2018-05-02T18:27Z","HOPB.20180502.09.1.e-fisher",1,11,"RHIATR","Rhinichthys atratulus","species",,,,55,1.4,,,,"juvenile","no sample",,,"rwilliams@battelleecology.org",
"eeac8de0-acb5-4e9c-8e8c-01f25629ed1b","D01","HOPB","HOPB.AOS.fish.point.09","2018-05-02T17:05Z","2018-05-02T18:27Z","HOPB.20180502.09.1.e-fisher",1,61,"RHIATR","Rhinichthys atratulus","species",,,,40,0.6,,,,"juvenile","no sample",,,"rwilliams@battelleecology.org",
"f7607642-af02-4438-891e-1eb6a2f70a7d","D01","HOPB","HOPB.AOS.fish.point.09","2018-05-02T17:05Z","2018-05-02T18:27Z","HOPB.20180502.09.1.e-fisher",1,39,"RHIATR","Rhinichthys atratulus","species",,,,25,0.3,,,,"young of year","no sample",,,"rwilliams@battelleecology.org",
"7b5f7123-1fac-4c20-bb89-425ddb510b85","D01","HOPB","HOPB.AOS.fish.point.09","2018-05-02T17:05Z","2018-05-02T18:27Z","HOPB.20180502.09.1.e-fisher",1,16,"RHIATR","Rhinichthys atratulus","species",,,,35,0.3,,,,"young of year","no sample",,,"rwilliams@battelleecology.org",
"6ccf056f-bb5b-4d04-9885-65c5564c492c","D01","HOPB","HOPB.AOS.fish.point.09","2018-05-02T17:05Z","2018-05-02T18:27Z","HOPB.20180502.09.1.e-fisher",1,33,"SEMATR","Semotilus atromaculatus","species",,,,61,2.0,,,,"juvenile","no sample",,,"rwilliams@battelleecology.org","Bitten tail"
"cee742f1-15fc-47c7-8a52-8f092f0059ae","D01","HOPB","HOPB.AOS.fish.point.09","2018-05-02T17:05Z","2018-05-02T18:27Z","HOPB.20180502.09.1.e-fisher",1,6,"RHIATR","Rhinichthys atratulus","species",,,,51,1.1,,,,"juvenile","no sample",,,"rwilliams@battelleecology.org",
"50d51207-02e5-437a-82f4-a57ffcc595b6","D01","HOPB","HOPB.AOS.fish.point.09","2018-05-02T17:05Z","2018-05-02T18:27Z","HOPB.20180502.09.1.e-fisher",1,22,"RHIATR","Rhinichthys atratulus","species",,,,23,0.3,,"Y",,"young of year","voucher sample only","FSH.HOPB.09.20180502.1.0022",,"rwilliams@battelleecology.org",
"3d7f34cb-5f99-41e0-9e69-769810a015f6","D01","HOPB","HOPB.AOS.fish.point.09","2018-05-02T17:05Z","2018-05-02T18:27Z","HOPB.20180502.09.1.e-fisher",1,35,"RHIATR","Rhinichthys atratulus","species",,,,72,3.7,,,,"adult","no sample",,,"rwilliams@battelleecology.org",
"3f75a6d2-5358-44ce-a37d-563d0acd23f9","D01","HOPB","HOPB.AOS.fish.point.09","2018-05-02T17:05Z","2018-05-02T18:27Z","HOPB.20180502.09.1.e-fisher",1,30,"SEMATR","Semotilus atromaculatus","species",,,,60,1.9,,,,"juvenile","no sample",,,"rwilliams@battelleecology.org",
"2b5f383f-406b-4588-9af4-1ef47c31d71d","D01","HOPB","HOPB.AOS.fish.point.09","2018-05-02T17:05Z","2018-05-02T18:27Z","HOPB.20180502.09.1.e-fisher",1,48,"RHIATR","Rhinichthys atratulus","species",,,,47,1.0,,,,"juvenile","no sample",,,"rwilliams@battelleecology.org",
"a8525ba5-da26-4044-a635-61447ca18eb4","D01","HOPB","HOPB.AOS.fish.point.09","2018-05-02T17:05Z","2018-05-02T18:27Z","HOPB.20180502.09.1.e-fisher",1,49,"SEMATR","Semotilus atromaculatus","species",,,,56,0.9,,,,"juvenile","no sample",,,"rwilliams@battelleecology.org","Bitten tail"
"8d6a8db8-0ab4-4075-b5f8-15a2b1a3187d","D01","HOPB","HOPB.AOS.fish.point.09","2018-05-02T17:05Z","2018-05-02T18:27Z","HOPB.20180502.09.1.e-fisher",1,1,"RHIATR","Rhinichthys atratulus","species",,,,52,1.7,,,,"juvenile","no sample",,,"rwilliams@battelleecology.org",
"730340a1-73f3-4246-b51f-27d0fad27377","D01","HOPB","HOPB.AOS.fish.point.09","2018-05-02T17:05Z","2018-05-02T18:27Z","HOPB.20180502.09.1.e-fisher",1,66,"RHIATR","Rhinichthys atratulus","species",,,,32,0.3,,,,"young of year","no sample",,,"rwilliams@battelleecology.org",
"a0ece95a-a330-4e85-b255-f22795fd6747","D01","HOPB","HOPB.AOS.fish.point.09","2018-05-02T17:05Z","2018-05-02T18:27Z","HOPB.20180502.09.1.e-fisher",1,43,"RHIATR","Rhinichthys atratulus","species",,,,27,0.3,,,,"young of year","no sample",,,"rwilliams@battelleecology.org",
"486d1306-785c-412a-8bfa-1661b5dc7548","D01","HOPB","HOPB.AOS.fish.point.09","2018-05-02T17:05Z","2018-05-02T18:27Z","HOPB.20180502.09.1.e-fisher",1,26,"RHIATR","Rhinichthys atratulus","species",,,,42,0.8,,,,"juvenile","no sample",,,"rwilliams@battelleecology.org","Tail bitten"
"b7def261-e0c1-4058-b465-b24a3361d3c5","D01","HOPB","HOPB.AOS.fish.point.09","2018-05-02T17:05Z","2018-05-02T18:27Z","HOPB.20180502.09.1.e-fisher",1,20,"RHIATR","Rhinichthys atratulus","species",,,,48,0.9,,,,"juvenile","no sample",,,"rwilliams@battelleecology.org",
"099e9510-f495-4084-bab5-7017fc4463d7","D01","HOPB","HOPB.AOS.fish.point.09","2018-05-02T17:05Z","2018-05-02T18:27Z","HOPB.20180502.09.1.e-fisher",1,4,"RHIATR","Rhinichthys atratulus","species",,,,50,1.5,,,,"juvenile","no sample",,,"rwilliams@battelleecology.org",
"5b893222-ff28-4ade-b879-d8e6211d2868","D01","HOPB","HOPB.AOS.fish.point.09","2018-05-02T17:05Z","2018-05-02T18:27Z","HOPB.20180502.09.1.e-fisher",1,15,"RHIATR","Rhinichthys atratulus","species",,,,25,0.3,,,,"young of year","no sample",,,"rwilliams@battelleecology.org",
"d85fc8fb-0c85-4d7f-8ff4-e9f99b90cc33","D01","HOPB","HOPB.AOS.fish.point.09","2018-05-02T17:05Z","2018-05-02T18:27Z","HOPB.20180502.09.1.e-fisher",1,19,"SEMATR","Semotilus atromaculatus","species",,,,56,0.5,,,,"juvenile","no sample",,,"rwilliams@battelleecology.org",
"a4fc42c2-9c8b-46d8-a91f-0e35ec839d0c","D01","HOPB","HOPB.AOS.fish.point.09","2018-05-02T17:05Z","2018-05-02T18:27Z","HOPB.20180502.09.1.e-fisher",1,54,"SEMATR","Semotilus atromaculatus","species",,,,36,0.3,,,,"young of year","no sample",,,"rwilliams@battelleecology.org",
"97c1fb48-74c0-4478-86af-0e771b902212","D01","HOPB","HOPB.AOS.fish.point.09","2018-05-02T17:05Z","2018-05-02T18:27Z","HOPB.20180502.09.1.e-fisher",1,23,"RHIATR","Rhinichthys atratulus","species",,,,46,0.6,,,,"juvenile","no sample",,,"rwilliams@battelleecology.org",
"74f43105-5af6-4ce4-8e1e-b01495bc2e3b","D01","HOPB","HOPB.AOS.fish.point.09","2018-05-02T17:05Z","2018-05-02T18:27Z","HOPB.20180502.09.1.e-fisher",1,32,"SEMATR","Semotilus atromaculatus","species",,,,89,5.7,,,,"adult","no sample",,,"rwilliams@battelleecology.org",
"0416caa5-d129-4f81-9c79-afa6bfd1558a","D01","HOPB","HOPB.AOS.fish.point.09","2018-05-02T17:05Z","2018-05-02T18:27Z","HOPB.20180502.09.1.e-fisher",1,51,"SEMATR","Semotilus atromaculatus","species",,,,90,7.3,,,,"adult","no sample",,,"rwilliams@battelleecology.org",
"ffe44220-9e13-412d-8519-f858e4700c03","D01","HOPB","HOPB.AOS.fish.point.09","2018-05-02T17:05Z","2018-05-02T18:27Z","HOPB.20180502.09.1.e-fisher",1,2,"RHIATR","Rhinichthys atratulus","species",,,,53,1.2,,,,"juvenile","no sample",,,"rwilliams@battelleecology.org",
"c1f17c38-fe57-4ae7-b0d0-027952252e3f","D01","HOPB","HOPB.AOS.fish.point.09","2018-05-02T17:05Z","2018-05-02T18:27Z","HOPB.20180502.09.1.e-fisher",1,9,"RHIATR","Rhinichthys atratulus","species",,,,47,1.0,,,,"juvenile","no sample",,,"rwilliams@battelleecology.org",
"156316a9-c113-44c0-a058-1ca9b262a237","D01","HOPB","HOPB.AOS.fish.point.09","2018-05-02T17:05Z","2018-05-02T18:27Z","HOPB.20180502.09.1.e-fisher",1,50,"SEMATR","Semotilus atromaculatus","species",,,,57,1.5,,,,"juvenile","no sample",,,"rwilliams@battelleecology.org",
"3b9074d9-34e5-43db-af96-4edd73a3ed98","D01","HOPB","HOPB.AOS.fish.point.09","2018-05-02T17:05Z","2018-05-02T18:27Z","HOPB.20180502.09.1.e-fisher",1,67,"RHIATR","Rhinichthys atratulus","species",,,,24,0.3,,,,"young of year","no sample",,,"rwilliams@battelleecology.org",
"893ad758-5a4e-48da-9c91-9b4331d0fb77","D01","HOPB","HOPB.AOS.fish.point.09","2018-05-02T17:05Z","2018-05-02T18:27Z","HOPB.20180502.09.1.e-fisher",1,64,"RHIATR","Rhinichthys atratulus","species",,,,48,0.7,,,,"juvenile","no sample",,,"rwilliams@battelleecology.org",
"d442fd80-9940-4ad8-8d7a-2db21b70f41e","D01","HOPB","HOPB.AOS.fish.point.09","2018-05-02T17:05Z","2018-05-02T18:27Z","HOPB.20180502.09.1.e-fisher",1,45,"RHIATR","Rhinichthys atratulus","species",,,,27,0.3,,,,"young of year","no sample",,,"rwilliams@battelleecology.org",
"e416aed5-c0b2-499c-a3c9-829210cf4dc6","D01","HOPB","HOPB.AOS.fish.point.09","2018-05-02T17:05Z","2018-05-02T18:27Z","HOPB.20180502.09.1.e-fisher",1,55,"SEMATR","Semotilus atromaculatus","species",,,,58,1.9,,,,"juvenile","no sample",,,"rwilliams@battelleecology.org",
"38314689-80f5-4b3e-818a-6c594d2cdb23","D01","HOPB","HOPB.AOS.fish.point.09","2018-05-02T17:05Z","2018-05-02T18:27Z","HOPB.20180502.09.1.e-fisher",1,60,"SEMATR","Semotilus atromaculatus","species",,,,64,2.2,,,,"juvenile","no sample",,,"rwilliams@battelleecology.org",
"06c080bc-a71f-4dd8-92ed-7b1a8f119bee","D01","HOPB","HOPB.AOS.fish.point.09","2018-05-02T17:05Z","2018-05-02T18:27Z","HOPB.20180502.09.1.e-fisher",1,69,"RHIATR","Rhinichthys atratulus","species",,,,34,0.6,,"Y",,"juvenile","voucher sample only","FSH.HOPB.09.20180502.1.0069",,"rwilliams@battelleecology.org",
"ab9cc9ac-72d2-40e6-85d3-2c23b970b0f8","D01","HOPB","HOPB.AOS.fish.point.09","2018-05-02T17:05Z","2018-05-02T18:27Z","HOPB.20180502.09.1.e-fisher",1,25,"SEMATR","Semotilus atromaculatus","species",,,,56,1.5,,,,"juvenile","no sample",,,"rwilliams@battelleecology.org",
"4ef8a970-e678-4662-8663-8cddf38fd48b","D01","HOPB","HOPB.AOS.fish.point.09","2018-05-02T17:05Z","2018-05-02T18:27Z","HOPB.20180502.09.1.e-fisher",1,17,"RHIATR","Rhinichthys atratulus","species",,,,41,0.6,,,,"juvenile","no sample",,,"rwilliams@battelleecology.org",
"8fe79a1a-b1bc-4cfc-aed1-bbd2a19715b4","D01","HOPB","HOPB.AOS.fish.point.09","2018-05-02T17:05Z","2018-05-02T18:27Z","HOPB.20180502.09.1.e-fisher",1,10,"RHIATR","Rhinichthys atratulus","species",,,,51,1.2,,,,"juvenile","no sample",,,"rwilliams@battelleecology.org",
"5dee40fe-43d0-445d-93f0-c2edaf1d2faf","D01","HOPB","HOPB.AOS.fish.point.09","2018-05-02T17:05Z","2018-05-02T18:27Z","HOPB.20180502.09.1.e-fisher",1,52,"RHIATR","Rhinichthys atratulus","species",,,,52,1.2,,,,"juvenile","no sample",,,"rwilliams@battelleecology.org",
"cb137109-6221-4228-b331-f878e1e66131","D01","HOPB","HOPB.AOS.fish.point.09","2018-05-02T17:05Z","2018-05-02T18:27Z","HOPB.20180502.09.1.e-fisher",1,14,"RHIATR","Rhinichthys atratulus","species",,,,46,1.4,,,,"juvenile","no sample",,,"rwilliams@battelleecology.org",
"66b261d0-6f8f-4bf7-a3ba-3a86f741a05f","D01","HOPB","HOPB.AOS.fish.point.09","2018-05-02T17:05Z","2018-05-02T18:27Z","HOPB.20180502.09.1.e-fisher",1,53,"RHIATR","Rhinichthys atratulus","species",,,,30,0.3,,,,"young of year","no sample",,,"rwilliams@battelleecology.org",
"c9bf19fc-4ee4-4bf7-a09d-e679b986868c","D01","HOPB","HOPB.AOS.fish.point.09","2018-05-02T17:05Z","2018-05-02T18:27Z","HOPB.20180502.09.1.e-fisher",1,29,"RHIATR","Rhinichthys atratulus","species",,,,41,0.5,,,,"juvenile","no sample",,,"rwilliams@battelleecology.org",
"fe7b1a52-d83d-4a94-ae36-5877d3116780","D01","HOPB","HOPB.AOS.fish.point.09","2018-05-02T17:05Z","2018-05-02T18:27Z","HOPB.20180502.09.1.e-fisher",1,8,"RHIATR","Rhinichthys atratulus","species",,,,60,1.9,,,,"adult","no sample",,,"rwilliams@battelleecology.org",
"1934f52e-dc36-4933-9737-b50ed1104e6d","D01","HOPB","HOPB.AOS.fish.point.09","2018-05-02T17:05Z","2018-05-02T18:27Z","HOPB.20180502.09.1.e-fisher",1,13,"RHIATR","Rhinichthys atratulus","species",,,,30,0.3,,,,"young of year","no sample",,,"rwilliams@battelleecology.org",
"4f4b4b12-6ae9-48ce-b507-25c208177340","D01","HOPB","HOPB.AOS.fish.point.09","2018-05-02T17:05Z","2018-05-02T18:27Z","HOPB.20180502.09.1.e-fisher",1,41,"RHIATR","Rhinichthys atratulus","species",,,,19,,,,,"young of year","no sample",,,"rwilliams@battelleecology.org","Bitten tail"
"9b28a45c-094e-402a-a1f7-963037fa0a2e","D01","HOPB","HOPB.AOS.fish.point.09","2018-05-02T17:05Z","2018-05-02T18:27Z","HOPB.20180502.09.1.e-fisher",1,24,"RHIATR","Rhinichthys atratulus","species",,,,71,3.6,,,,"adult","no sample",,,"rwilliams@battelleecology.org","Breeding fin color"
"fda5701a-0175-41ce-87c2-b13ab0dab862","D01","HOPB","HOPB.AOS.fish.point.09","2018-05-02T17:05Z","2018-05-02T18:27Z","HOPB.20180502.09.1.e-fisher",1,65,"SEMATR","Semotilus atromaculatus","species",,,,49,0.9,,,,"juvenile","no sample",,,"rwilliams@battelleecology.org",
"0e307aa7-0449-40a2-8d53-37a8e1b67cf1","D01","HOPB","HOPB.AOS.fish.point.09","2018-05-02T17:05Z","2018-05-02T18:27Z","HOPB.20180502.09.1.e-fisher",1,40,"RHIATR","Rhinichthys atratulus","species",,,,22,0.3,,"Y",,"young of year","voucher sample only","FSH.HOPB.09.20180502.1.0040",,"rwilliams@battelleecology.org",
"228c4c10-6bf1-4e16-88fc-3813a2fff16d","D01","HOPB","HOPB.AOS.fish.point.09","2018-05-02T17:05Z","2018-05-02T18:27Z","HOPB.20180502.09.1.e-fisher",1,63,"RHIATR","Rhinichthys atratulus","species",,,,41,0.3,,,,"juvenile","no sample",,,"rwilliams@battelleecology.org",
"08960825-a6f9-47b2-85fd-0605e29f425c","D01","HOPB","HOPB.AOS.fish.point.09","2018-05-02T17:05Z","2018-05-02T18:27Z","HOPB.20180502.09.1.e-fisher",1,68,"RHIATR","Rhinichthys atratulus","species",,,,20,0.3,,,,"young of year","no sample",,,"rwilliams@battelleecology.org",
"71d717ac-d869-4361-93bd-9dbc6d4e52d5","D01","HOPB","HOPB.AOS.fish.point.09","2018-05-02T17:05Z","2018-05-02T18:27Z","HOPB.20180502.09.1.e-fisher",1,18,"SEMATR","Semotilus atromaculatus","species",,,,57,1.1,,,,"juvenile","no sample",,,"rwilliams@battelleecology.org",
"d41dfef6-ce6b-4010-80d3-d69ab8fd73ad","D01","HOPB","HOPB.AOS.fish.point.09","2018-05-02T17:05Z","2018-05-02T18:27Z","HOPB.20180502.09.1.e-fisher",1,5,"SEMATR","Semotilus atromaculatus","species",,,,74,2.8,,,,"juvenile","no sample",,,"rwilliams@battelleecology.org",
"4d7bdd27-7259-41a9-a281-a3f3209aec99","D01","HOPB","HOPB.AOS.fish.point.09","2018-05-02T17:05Z","2018-05-02T18:27Z","HOPB.20180502.09.1.e-fisher",1,27,"SEMATR","Semotilus atromaculatus","species",,,,61,1.6,,,,"juvenile","no sample",,,"rwilliams@battelleecology.org",
"6ff6143f-8f28-4527-9b2c-c0a30fbc4a7a","D01","HOPB","HOPB.AOS.fish.point.09","2018-05-02T17:05Z","2018-05-02T18:27Z","HOPB.20180502.09.1.e-fisher",1,28,"SEMATR","Semotilus atromaculatus","species",,,,76,3.3,,,,"adult","no sample",,,"rwilliams@battelleecology.org",
"42fd54d7-f4f8-411b-bbda-08566122e436","D01","HOPB","HOPB.AOS.fish.point.09","2018-05-02T17:05Z","2018-05-02T18:27Z","HOPB.20180502.09.1.e-fisher",1,56,"SEMATR","Semotilus atromaculatus","species",,,,100,12.6,,,,"adult","no sample",,,"rwilliams@battelleecology.org","Bitten tail"
"2c1e1e85-273d-4cf0-acff-d5d45002bc38","D01","HOPB","HOPB.AOS.fish.point.09","2018-05-02T17:05Z","2018-05-02T18:27Z","HOPB.20180502.09.1.e-fisher",1,59,"RHIATR","Rhinichthys atratulus","species",,,,29,0.3,,,,"young of year","no sample",,,"rwilliams@battelleecology.org",
"03b844a5-5bdd-42b2-abd4-0d5a27759214","D01","HOPB","HOPB.AOS.fish.point.09","2018-05-02T17:05Z","2018-05-02T18:27Z","HOPB.20180502.09.1.e-fisher",1,3,"SEMATR","Semotilus atromaculatus","species",,,,66,2.5,,,,"juvenile","no sample",,,"rwilliams@battelleecology.org",
"0b5fd503-6858-4ed5-8339-879b7cc3a045","D01","HOPB","HOPB.AOS.fish.point.09","2018-05-02T17:05Z","2018-05-02T18:27Z","HOPB.20180502.09.1.e-fisher",1,38,"RHIATR","Rhinichthys atratulus","species",,,,25,0.3,,,,"young of year","no sample",,,"rwilliams@battelleecology.org",
"fd4c67d5-c158-42c9-ac7c-a26ee6dbcc42","D01","HOPB","HOPB.AOS.fish.point.09","2018-05-02T17:05Z","2018-05-02T18:27Z","HOPB.20180502.09.1.e-fisher",1,21,"SEMATR","Semotilus atromaculatus","species",,,,55,1.6,,,,"juvenile","no sample",,,"rwilliams@battelleecology.org",
"0f5eeabd-69a9-4e89-8f3a-7c7ef2ebc2b7","D01","HOPB","HOPB.AOS.fish.point.09","2018-05-02T17:05Z","2018-05-02T18:27Z","HOPB.20180502.09.1.e-fisher",1,47,"SEMATR","Semotilus atromaculatus","species",,,,52,0.9,,,,"juvenile","no sample",,,"rwilliams@battelleecology.org",
"8e3dd9d3-c8c7-4029-90d3-6996eb929dee","D01","HOPB","HOPB.AOS.fish.point.09","2018-05-02T17:05Z","2018-05-02T18:27Z","HOPB.20180502.09.1.e-fisher",1,57,"RHIATR","Rhinichthys atratulus","species",,,,28,0.3,,,,"young of year","no sample",,,"rwilliams@battelleecology.org",
"106fa1e0-2012-4545-8e96-c746be0a5b3e","D01","HOPB","HOPB.AOS.fish.point.09","2018-05-02T17:05Z","2018-05-02T18:27Z","HOPB.20180502.09.1.e-fisher",1,42,"SEMATR","Semotilus atromaculatus","species",,,,64,2.1,,,,"juvenile","no sample",,,"rwilliams@battelleecology.org",
"183376c1-485c-41b3-b9ef-1c96f45b8cf5","D01","HOPB","HOPB.AOS.fish.point.10","2018-05-03T13:23Z","2018-05-03T14:45Z","HOPB.20180503.10.1.e-fisher",1,43,"RHIATR","Rhinichthys atratulus","species",,,,45,0.7,,,,"juvenile","no sample",,,"rwilliams@battelleecology.org",
"a93e857d-bcac-42a8-9060-a81cfbf22125","D01","HOPB","HOPB.AOS.fish.point.10","2018-05-03T13:23Z","2018-05-03T14:45Z","HOPB.20180503.10.1.e-fisher",1,55,"RHIATR","Rhinichthys atratulus","species",,,,33,0.3,,,,"juvenile","no sample",,,"rwilliams@battelleecology.org",
"eb347703-2441-46d8-8492-21b127dec45d","D01","HOPB","HOPB.AOS.fish.point.10","2018-05-03T13:23Z","2018-05-03T14:45Z","HOPB.20180503.10.1.e-fisher",1,29,"RHIATR","Rhinichthys atratulus","species",,,,42,0.7,,,,"juvenile","no sample",,,"rwilliams@battelleecology.org",
"ef2df23e-2915-4f82-87c5-d6c0edccd08c","D01","HOPB","HOPB.AOS.fish.point.10","2018-05-03T13:23Z","2018-05-03T14:45Z","HOPB.20180503.10.1.e-fisher",1,6,"RHIATR","Rhinichthys atratulus","species",,,,25,0.3,,,,"young of year","no sample",,,"rwilliams@battelleecology.org",
"a2792804-f2f4-4a0a-8ebb-a68748a43632","D01","HOPB","HOPB.AOS.fish.point.10","2018-05-03T13:23Z","2018-05-03T14:45Z","HOPB.20180503.10.1.e-fisher",1,67,"RHIATR","Rhinichthys atratulus","species",,,,52,1.1,,,,"juvenile","no sample",,,"rwilliams@battelleecology.org",
"727d5f4b-bb23-45cd-a3d9-a86edf7be149","D01","HOPB","HOPB.AOS.fish.point.10","2018-05-03T13:23Z","2018-05-03T14:45Z","HOPB.20180503.10.1.e-fisher",1,33,"SEMATR","Semotilus atromaculatus","species",,,,87,6.1,,,,"adult","no sample",,,"rwilliams@battelleecology.org",
"161eaf92-1ad1-4050-96d8-e917dbdce57c","D01","HOPB","HOPB.AOS.fish.point.10","2018-05-03T13:23Z","2018-05-03T14:45Z","HOPB.20180503.10.1.e-fisher",1,9,"RHIATR","Rhinichthys atratulus","species",,,,51,0.5,,,,"juvenile","no sample",,,"rwilliams@battelleecology.org",
"ffb46d3a-6b85-42da-946c-6f0ee6a0b9c2","D01","HOPB","HOPB.AOS.fish.point.10","2018-05-03T13:23Z","2018-05-03T14:45Z","HOPB.20180503.10.1.e-fisher",1,83,"SALFON","Salvelinus fontinalis","species",,,,154,35.2,,,,"adult","no sample",,,"rwilliams@battelleecology.org",
"43def036-ca50-4a1e-937c-a5fa61fd0e8f","D01","HOPB","HOPB.AOS.fish.point.10","2018-05-03T13:23Z","2018-05-03T14:45Z","HOPB.20180503.10.1.e-fisher",1,79,"RHIATR","Rhinichthys atratulus","species",,,,23,0.3,,"Y",,"young of year","voucher sample only","FSH.HOPB.10.20180503.1.0079",,"rwilliams@battelleecology.org",
"4e93b4cf-2849-4474-82a4-be0d086c16fa","D01","HOPB","HOPB.AOS.fish.point.10","2018-05-03T13:23Z","2018-05-03T14:45Z","HOPB.20180503.10.1.e-fisher",1,82,"SALTRU","Salmo trutta","species",,,,172,43.9,,,,"adult","no sample",,,"rwilliams@battelleecology.org",
"206c892a-dbfc-4c4a-89a3-ff2e874221d2","D01","HOPB","HOPB.AOS.fish.point.10","2018-05-03T13:23Z","2018-05-03T14:45Z","HOPB.20180503.10.1.e-fisher",1,21,"RHIATR","Rhinichthys atratulus","species",,,,51,0.9,,,,"juvenile","no sample",,,"rwilliams@battelleecology.org","Bitten tail"
"be913d6c-bca1-430f-87b1-6ef7bf3beb83","D01","HOPB","HOPB.AOS.fish.point.10","2018-05-03T13:23Z","2018-05-03T14:45Z","HOPB.20180503.10.1.e-fisher",1,22,"RHIATR","Rhinichthys atratulus","species",,,,47,0.6,,,,"juvenile","no sample",,,"rwilliams@battelleecology.org",
"343711ab-32a9-4601-8f6d-07dec74f64c4","D01","HOPB","HOPB.AOS.fish.point.10","2018-05-03T13:23Z","2018-05-03T14:45Z","HOPB.20180503.10.1.e-fisher",1,62,"SEMATR","Semotilus atromaculatus","species",,,,55,1.0,,,,"juvenile","no sample",,,"rwilliams@battelleecology.org",
"d61137c6-93da-429f-be80-06a85c7d60c2","D01","HOPB","HOPB.AOS.fish.point.10","2018-05-03T13:23Z","2018-05-03T14:45Z","HOPB.20180503.10.1.e-fisher",1,41,"RHIATR","Rhinichthys atratulus","species",,,,51,1.0,,,,"juvenile","no sample",,,"rwilliams@battelleecology.org",
"3c81727d-fdb1-4150-884b-333d38a1857b","D01","HOPB","HOPB.AOS.fish.point.10","2018-05-03T13:23Z","2018-05-03T14:45Z","HOPB.20180503.10.1.e-fisher",1,48,"SEMATR","Semotilus atromaculatus","species",,,,62,2.3,,,,"juvenile","no sample",,,"rwilliams@battelleecology.org",
"ad48dbcf-e47f-40c1-9cf7-540c7ad60ab7","D01","HOPB","HOPB.AOS.fish.point.10","2018-05-03T13:23Z","2018-05-03T14:45Z","HOPB.20180503.10.1.e-fisher",1,15,"RHIATR","Rhinichthys atratulus","species",,,,79,4.4,,,,"adult","no sample",,,"rwilliams@battelleecology.org",
"88865742-fedf-4e1a-b0b0-d9f58b4d0511","D01","HOPB","HOPB.AOS.fish.point.10","2018-05-03T13:23Z","2018-05-03T14:45Z","HOPB.20180503.10.1.e-fisher",1,51,"SEMATR","Semotilus atromaculatus","species",,,,53,1.2,,,,"juvenile","no sample",,,"rwilliams@battelleecology.org",
"7e7f9c01-74ae-4482-a502-6d2ecc961815","D01","HOPB","HOPB.AOS.fish.point.10","2018-05-03T13:23Z","2018-05-03T14:45Z","HOPB.20180503.10.1.e-fisher",1,65,"SEMATR","Semotilus atromaculatus","species",,,,55,1.4,,,,"juvenile","no sample",,,"rwilliams@battelleecology.org",
"8916a39e-5eb6-48e6-ae45-4ee8142651cd","D01","HOPB","HOPB.AOS.fish.point.10","2018-05-03T13:23Z","2018-05-03T14:45Z","HOPB.20180503.10.1.e-fisher",1,23,"RHIATR","Rhinichthys atratulus","species",,,,35,0.3,,,"Y","young of year","no sample",,,"rwilliams@battelleecology.org","Half tail"
"a3d86620-f418-45e7-91e5-06f15229974f","D01","HOPB","HOPB.AOS.fish.point.10","2018-05-03T13:23Z","2018-05-03T14:45Z","HOPB.20180503.10.1.e-fisher",1,61,"RHIATR","Rhinichthys atratulus","species",,,,46,0.8,,,,"juvenile","no sample",,,"rwilliams@battelleecology.org",
"b7c25bd6-1e5f-479f-8e81-a3ebf859e248","D01","HOPB","HOPB.AOS.fish.point.10","2018-05-03T13:23Z","2018-05-03T14:45Z","HOPB.20180503.10.1.e-fisher",1,24,"RHIATR","Rhinichthys atratulus","species",,,,80,4.5,,,,"adult","no sample",,,"rwilliams@battelleecology.org",
"dfdb014e-3f57-4a1e-9c0b-ae36f839043b","D01","HOPB","HOPB.AOS.fish.point.10","2018-05-03T13:23Z","2018-05-03T14:45Z","HOPB.20180503.10.1.e-fisher",1,40,"RHIATR","Rhinichthys atratulus","species",,,,41,0.8,,,,"juvenile","no sample",,,"rwilliams@battelleecology.org",
"f240e19c-08b3-44a0-9c72-f52fa8299b92","D01","HOPB","HOPB.AOS.fish.point.10","2018-05-03T13:23Z","2018-05-03T14:45Z","HOPB.20180503.10.1.e-fisher",1,64,"RHIATR","Rhinichthys atratulus","species",,,,40,0.5,,,,"juvenile","no sample",,,"rwilliams@battelleecology.org",
"45d6f97f-8002-4a76-bdb4-0f77c2fbde32","D01","HOPB","HOPB.AOS.fish.point.10","2018-05-03T13:23Z","2018-05-03T14:45Z","HOPB.20180503.10.1.e-fisher",1,78,"RHIATR","Rhinichthys atratulus","species",,,,25,0.3,,"Y",,"juvenile","voucher sample only","FSH.HOPB.10.20180503.1.0078",,"rwilliams@battelleecology.org",
"aa22e45d-6e12-4002-9531-c741416f7ef9","D01","HOPB","HOPB.AOS.fish.point.10","2018-05-03T13:23Z","2018-05-03T14:45Z","HOPB.20180503.10.1.e-fisher",1,52,"RHIATR","Rhinichthys atratulus","species",,,,64,2.6,,,,"adult","no sample",,,"rwilliams@battelleecology.org",
"f1b06cf6-fbd0-4068-ac03-0a304ec0ec38","D01","HOPB","HOPB.AOS.fish.point.10","2018-05-03T13:23Z","2018-05-03T14:45Z","HOPB.20180503.10.1.e-fisher",1,49,"RHIATR","Rhinichthys atratulus","species",,,,43,0.8,,,,"juvenile","no sample",,,"rwilliams@battelleecology.org",
"437b35ef-b909-4adb-884e-5157192802d5","D01","HOPB","HOPB.AOS.fish.point.10","2018-05-03T13:23Z","2018-05-03T14:45Z","HOPB.20180503.10.1.e-fisher",1,58,"SEMATR","Semotilus atromaculatus","species",,,,53,1.2,,,,"juvenile","no sample",,,"rwilliams@battelleecology.org",
"c59e0277-11d3-4f0c-964d-21a8732ec044","D01","HOPB","HOPB.AOS.fish.point.10","2018-05-03T13:23Z","2018-05-03T14:45Z","HOPB.20180503.10.1.e-fisher",1,56,"SEMATR","Semotilus atromaculatus","species",,,,55,1.3,,,,"juvenile","no sample",,,"rwilliams@battelleecology.org",
"2b9bd1fd-b195-4a9e-8eba-ef82d8b93d15","D01","HOPB","HOPB.AOS.fish.point.10","2018-05-03T13:23Z","2018-05-03T14:45Z","HOPB.20180503.10.1.e-fisher",1,17,"SALFON","Salvelinus fontinalis","species",,,"cf. species",37,0.3,,,,"young of year","no sample",,,"rwilliams@battelleecology.org",
"22e6dff1-e26d-4024-b0b2-4eb08aaf1ecf","D01","HOPB","HOPB.AOS.fish.point.10","2018-05-03T13:23Z","2018-05-03T14:45Z","HOPB.20180503.10.1.e-fisher",1,44,"RHIATR","Rhinichthys atratulus","species",,,,56,1.5,,,,"juvenile","no sample",,,"rwilliams@battelleecology.org",
"bf5b50f4-1146-4449-839b-db0241a52540","D01","HOPB","HOPB.AOS.fish.point.10","2018-05-03T13:23Z","2018-05-03T14:45Z","HOPB.20180503.10.1.e-fisher",1,13,"RHIATR","Rhinichthys atratulus","species",,,,38,0.3,,,,"juvenile","no sample",,,"rwilliams@battelleecology.org",
"ef7d6658-add4-4349-b496-42cb6d5ac93e","D01","HOPB","HOPB.AOS.fish.point.10","2018-05-03T13:23Z","2018-05-03T14:45Z","HOPB.20180503.10.1.e-fisher",1,25,"SEMATR","Semotilus atromaculatus","species",,,,54,1.6,,,,"juvenile","no sample",,,"rwilliams@battelleecology.org",
"058106b4-63bd-47bd-917a-e50fa227647c","D01","HOPB","HOPB.AOS.fish.point.10","2018-05-03T13:23Z","2018-05-03T14:45Z","HOPB.20180503.10.1.e-fisher",1,80,"SEMATR","Semotilus atromaculatus","species",,,,24,0.3,,"Y",,"juvenile","voucher sample only","FSH.HOPB.10.20180503.1.0080",,"rwilliams@battelleecology.org",
"2f09ff77-455c-455a-b4f5-7d8d4c69f936","D01","HOPB","HOPB.AOS.fish.point.10","2018-05-03T13:23Z","2018-05-03T14:45Z","HOPB.20180503.10.1.e-fisher",1,42,"SEMATR","Semotilus atromaculatus","species",,,,52,1.1,,,,"juvenile","no sample",,,"rwilliams@battelleecology.org",
"7832ffce-0bd3-4df7-913f-96889cc116b6","D01","HOPB","HOPB.AOS.fish.point.10","2018-05-03T13:23Z","2018-05-03T14:45Z","HOPB.20180503.10.1.e-fisher",1,72,"RHIATR","Rhinichthys atratulus","species",,,,43,0.6,,,,"juvenile","no sample",,,"rwilliams@battelleecology.org",
"3e894e05-447c-44f1-9e86-ef2480b48a1f","D01","HOPB","HOPB.AOS.fish.point.10","2018-05-03T13:23Z","2018-05-03T14:45Z","HOPB.20180503.10.1.e-fisher",1,54,"SEMATR","Semotilus atromaculatus","species",,,,63,3.6,,,,"juvenile","no sample",,,"rwilliams@battelleecology.org",
"952876be-124f-44f5-beee-5bd9133fb886","D01","HOPB","HOPB.AOS.fish.point.10","2018-05-03T13:23Z","2018-05-03T14:45Z","HOPB.20180503.10.1.e-fisher",1,39,"SEMATR","Semotilus atromaculatus","species",,,,57,1.1,,,,"juvenile","no sample",,,"rwilliams@battelleecology.org",
"75d1de13-6235-44eb-8e4f-d08238a77430","D01","HOPB","HOPB.AOS.fish.point.10","2018-05-03T13:23Z","2018-05-03T14:45Z","HOPB.20180503.10.1.e-fisher",1,32,"RHIATR","Rhinichthys atratulus","species",,,,44,0.6,,,,"juvenile","no sample",,,"rwilliams@battelleecology.org",
"931dc8a1-ebea-4ca7-a5f7-713641ac0a10","D01","HOPB","HOPB.AOS.fish.point.10","2018-05-03T13:23Z","2018-05-03T14:45Z","HOPB.20180503.10.1.e-fisher",1,47,"RHIATR","Rhinichthys atratulus","species",,,,45,0.8,,,,"juvenile","no sample",,,"rwilliams@battelleecology.org",
"3d1fe6f5-a811-492c-b4d7-8e981ae10805","D01","HOPB","HOPB.AOS.fish.point.10","2018-05-03T13:23Z","2018-05-03T14:45Z","HOPB.20180503.10.1.e-fisher",1,11,"RHIATR","Rhinichthys atratulus","species",,,,27,0.3,,,,"young of year","no sample",,,"rwilliams@battelleecology.org",
"aa515c4e-40a2-4ca6-8d6f-da3eefbd084e","D01","HOPB","HOPB.AOS.fish.point.10","2018-05-03T13:23Z","2018-05-03T14:45Z","HOPB.20180503.10.1.e-fisher",1,1,"RHIATR","Rhinichthys atratulus","species",,,,25,0.3,,,,"young of year","no sample",,,"rwilliams@battelleecology.org",
"811f7d1a-d3cf-48b5-b38c-bbdb0795c98b","D01","HOPB","HOPB.AOS.fish.point.10","2018-05-03T13:23Z","2018-05-03T14:45Z","HOPB.20180503.10.1.e-fisher",1,28,"SEMATR","Semotilus atromaculatus","species",,,,55,1.0,,,,"juvenile","no sample",,,"rwilliams@battelleecology.org",
"177728b2-5928-410f-a6ba-a503d5a64552","D01","HOPB","HOPB.AOS.fish.point.10","2018-05-03T13:23Z","2018-05-03T14:45Z","HOPB.20180503.10.1.e-fisher",1,69,"SEMATR","Semotilus atromaculatus","species",,,,42,0.5,,,,"juvenile","no sample",,,"rwilliams@battelleecology.org",
"edd96e47-f9ef-49af-acb2-495f8c3dd81b","D01","HOPB","HOPB.AOS.fish.point.10","2018-05-03T13:23Z","2018-05-03T14:45Z","HOPB.20180503.10.1.e-fisher",1,7,"SEMATR","Semotilus atromaculatus","species",,,,61,1.9,"Lesions/parasites",,,"juvenile","no sample",,,"rwilliams@battelleecology.org",
"e5ab3ed9-d28a-4310-bde1-abc596622413","D01","HOPB","HOPB.AOS.fish.point.10","2018-05-03T13:23Z","2018-05-03T14:45Z","HOPB.20180503.10.1.e-fisher",1,59,"SEMATR","Semotilus atromaculatus","species",,,,71,3.3,,,,"juvenile","no sample",,,"rwilliams@battelleecology.org",
"3e8f56d9-8af7-426c-9429-42120b2386e2","D01","HOPB","HOPB.AOS.fish.point.10","2018-05-03T13:23Z","2018-05-03T14:45Z","HOPB.20180503.10.1.e-fisher",1,2,"RHIATR","Rhinichthys atratulus","species",,,,27,0.3,,,,"young of year","no sample",,,"rwilliams@battelleecology.org",
"cc52cd3c-c789-4e7a-9a39-d20ce4b88db4","D01","HOPB","HOPB.AOS.fish.point.10","2018-05-03T13:23Z","2018-05-03T14:45Z","HOPB.20180503.10.1.e-fisher",1,16,"RHIATR","Rhinichthys atratulus","species",,,,35,0.3,,,,"young of year","no sample",,,"rwilliams@battelleecology.org",
"68cc3e4c-3870-4468-8c9c-3d8801dee072","D01","HOPB","HOPB.AOS.fish.point.10","2018-05-03T13:23Z","2018-05-03T14:45Z","HOPB.20180503.10.1.e-fisher",1,68,"SEMATR","Semotilus atromaculatus","species",,,,67,2.4,,,,"juvenile","no sample",,,"rwilliams@battelleecology.org",
"433c0845-9903-4bd9-a3ab-7c15391b6b2d","D01","HOPB","HOPB.AOS.fish.point.10","2018-05-03T13:23Z","2018-05-03T14:45Z","HOPB.20180503.10.1.e-fisher",1,75,"SEMATR","Semotilus atromaculatus","species",,,,55,1.3,,,,"juvenile","no sample",,,"rwilliams@battelleecology.org",
"e7c7d3ec-0e3b-4999-9a87-cd123bd0dce1","D01","HOPB","HOPB.AOS.fish.point.10","2018-05-03T13:23Z","2018-05-03T14:45Z","HOPB.20180503.10.1.e-fisher",1,81,"RHIATR","Rhinichthys atratulus","species",,,,28,0.3,,"Y",,"juvenile","voucher sample only","FSH.HOPB.10.20180503.1.0081",,"rwilliams@battelleecology.org",
"8c5be66a-c86b-4b07-bc9e-cdb9f56a2eb5","D01","HOPB","HOPB.AOS.fish.point.10","2018-05-03T13:23Z","2018-05-03T14:45Z","HOPB.20180503.10.1.e-fisher",1,36,"RHIATR","Rhinichthys atratulus","species",,,,31,0.3,,,,"young of year","no sample",,,"rwilliams@battelleecology.org",
"2f75416d-d9cd-48e9-9237-63551c3190ba","D01","HOPB","HOPB.AOS.fish.point.10","2018-05-03T13:23Z","2018-05-03T14:45Z","HOPB.20180503.10.1.e-fisher",1,20,"RHIATR","Rhinichthys atratulus","species",,,,23,0.3,,,,"young of year","no sample",,,"rwilliams@battelleecology.org",
"fe6380e0-689d-41f7-af4f-1fab412b4417","D01","HOPB","HOPB.AOS.fish.point.10","2018-05-03T13:23Z","2018-05-03T14:45Z","HOPB.20180503.10.1.e-fisher",1,34,"SEMATR","Semotilus atromaculatus","species",,,,81,5.1,,,,"juvenile","no sample",,,"rwilliams@battelleecology.org",
"e022a001-6e27-4577-b188-25e177e0c69a","D01","HOPB","HOPB.AOS.fish.point.10","2018-05-03T13:23Z","2018-05-03T14:45Z","HOPB.20180503.10.1.e-fisher",1,27,"RHIATR","Rhinichthys atratulus","species",,,,46,0.6,,,,"juvenile","no sample",,,"rwilliams@battelleecology.org",
"708e3bcf-43f3-4bc0-becf-858f8cbfe784","D01","HOPB","HOPB.AOS.fish.point.10","2018-05-03T13:23Z","2018-05-03T14:45Z","HOPB.20180503.10.1.e-fisher",1,50,"RHIATR","Rhinichthys atratulus","species",,,,33,0.3,,,,"juvenile","no sample",,,"rwilliams@battelleecology.org",
"72fbd4d8-25d2-4ec9-8ef0-1fb6e25d69d5","D01","HOPB","HOPB.AOS.fish.point.10","2018-05-03T13:23Z","2018-05-03T14:45Z","HOPB.20180503.10.1.e-fisher",1,10,"RHIATR","Rhinichthys atratulus","species",,,,47,1.1,,,,"juvenile","no sample",,,"rwilliams@battelleecology.org",
"b3b05081-da7f-4309-bfb8-0f324448cc33","D01","HOPB","HOPB.AOS.fish.point.10","2018-05-03T13:23Z","2018-05-03T14:45Z","HOPB.20180503.10.1.e-fisher",1,4,"RHIATR","Rhinichthys atratulus","species",,,,50,0.8,,,,"juvenile","no sample",,,"rwilliams@battelleecology.org",
"ceaafbbb-eaf7-43a3-a1ea-0d6e45fef1a9","D01","HOPB","HOPB.AOS.fish.point.10","2018-05-03T13:23Z","2018-05-03T14:45Z","HOPB.20180503.10.1.e-fisher",1,14,"RHIATR","Rhinichthys atratulus","species",,,,34,0.3,,,,"young of year","no sample",,,"rwilliams@battelleecology.org",
"9f518f79-15e0-4f93-b578-2358cd0644d8","D01","HOPB","HOPB.AOS.fish.point.10","2018-05-03T13:23Z","2018-05-03T14:45Z","HOPB.20180503.10.1.e-fisher",1,71,"SEMATR","Semotilus atromaculatus","species",,,,32,0.3,,,,"juvenile","no sample",,,"rwilliams@battelleecology.org",
"b53b843e-1b6b-42d0-a08c-f727d48ba9ce","D01","HOPB","HOPB.AOS.fish.point.10","2018-05-03T13:23Z","2018-05-03T14:45Z","HOPB.20180503.10.1.e-fisher",1,77,"SEMATR","Semotilus atromaculatus","species",,,,35,0.3,,,,"juvenile","no sample",,,"rwilliams@battelleecology.org",
"7934ea35-53d2-4bfd-84f9-40be3fddb905","D01","HOPB","HOPB.AOS.fish.point.10","2018-05-03T13:23Z","2018-05-03T14:45Z","HOPB.20180503.10.1.e-fisher",1,35,"RHIATR","Rhinichthys atratulus","species",,,,51,0.9,,,,"juvenile","no sample",,,"rwilliams@battelleecology.org",
"ef6ff51c-26a5-4396-82db-f7de90a27487","D01","HOPB","HOPB.AOS.fish.point.10","2018-05-03T13:23Z","2018-05-03T14:45Z","HOPB.20180503.10.1.e-fisher",1,70,"RHIATR","Rhinichthys atratulus","species",,,,64,2.8,,,,"juvenile","no sample",,,"rwilliams@battelleecology.org",
"3f7b6aba-2512-4f14-9feb-c07db5ed4362","D01","HOPB","HOPB.AOS.fish.point.10","2018-05-03T13:23Z","2018-05-03T14:45Z","HOPB.20180503.10.1.e-fisher",1,53,"SEMATR","Semotilus atromaculatus","species",,,,62,1.8,,,,"juvenile","no sample",,,"rwilliams@battelleecology.org",
"04b0dada-fb64-469e-82f6-057a281c7a57","D01","HOPB","HOPB.AOS.fish.point.10","2018-05-03T13:23Z","2018-05-03T14:45Z","HOPB.20180503.10.1.e-fisher",1,45,"RHIATR","Rhinichthys atratulus","species",,,,47,1.0,,,,"juvenile","no sample",,,"rwilliams@battelleecology.org",
"d35c0b2e-632f-4394-93b3-45560b0f66ec","D01","HOPB","HOPB.AOS.fish.point.10","2018-05-03T13:23Z","2018-05-03T14:45Z","HOPB.20180503.10.1.e-fisher",1,74,"RHIATR","Rhinichthys atratulus","species",,,,40,0.7,,,,"juvenile","no sample",,,"rwilliams@battelleecology.org",
"4f1d1024-6161-4ea5-966e-a82c7751769f","D01","HOPB","HOPB.AOS.fish.point.10","2018-05-03T13:23Z","2018-05-03T14:45Z","HOPB.20180503.10.1.e-fisher",1,37,"RHIATR","Rhinichthys atratulus","species",,,,39,0.3,,,,"juvenile","no sample",,,"rwilliams@battelleecology.org",
"cb31591b-fe34-4042-ae38-d871050fbfa8","D01","HOPB","HOPB.AOS.fish.point.10","2018-05-03T13:23Z","2018-05-03T14:45Z","HOPB.20180503.10.1.e-fisher",1,30,"SEMATR","Semotilus atromaculatus","species",,,,69,2.5,,,,"juvenile","no sample",,,"rwilliams@battelleecology.org",
"71c5e2a7-8016-4b30-b46c-5e5c8e8206de","D01","HOPB","HOPB.AOS.fish.point.10","2018-05-03T13:23Z","2018-05-03T14:45Z","HOPB.20180503.10.1.e-fisher",1,57,"RHIATR","Rhinichthys atratulus","species",,,,76,4.8,,,,"gravid female","no sample",,,"rwilliams@battelleecology.org",
"ec1ed4a8-11ae-4bba-9e47-7e001b10455e","D01","HOPB","HOPB.AOS.fish.point.10","2018-05-03T13:23Z","2018-05-03T14:45Z","HOPB.20180503.10.1.e-fisher",1,26,"RHIATR","Rhinichthys atratulus","species",,,,26,0.3,,,,"young of year","no sample",,,"rwilliams@battelleecology.org",
"fd3e1777-2def-4269-ad78-2cc7a43b73b7","D01","HOPB","HOPB.AOS.fish.point.10","2018-05-03T13:23Z","2018-05-03T14:45Z","HOPB.20180503.10.1.e-fisher",1,66,"RHIATR","Rhinichthys atratulus","species",,,,55,1.3,,,,"juvenile","no sample",,,"rwilliams@battelleecology.org",
"bc9549be-8dd7-4e5a-a173-6cc6f5aa5db1","D01","HOPB","HOPB.AOS.fish.point.10","2018-05-03T13:23Z","2018-05-03T14:45Z","HOPB.20180503.10.1.e-fisher",1,8,"RHIATR","Rhinichthys atratulus","species",,,,72,3.0,"Eroded fins",,,"adult","no sample",,,"rwilliams@battelleecology.org",
"951c84d3-7293-451e-9031-04bbe401aebb","D01","HOPB","HOPB.AOS.fish.point.10","2018-05-03T13:23Z","2018-05-03T14:45Z","HOPB.20180503.10.1.e-fisher",1,3,"RHIATR","Rhinichthys atratulus","species",,,,26,0.3,,,,"young of year","no sample",,,"rwilliams@battelleecology.org",
"f3eeb9b6-6c2a-4bf2-9978-53191ca38b54","D01","HOPB","HOPB.AOS.fish.point.10","2018-05-03T13:23Z","2018-05-03T14:45Z","HOPB.20180503.10.1.e-fisher",1,63,"SEMATR","Semotilus atromaculatus","species",,,,35,0.5,,,,"juvenile","no sample",,,"rwilliams@battelleecology.org",
"6ad5eb11-5ce8-47b0-93fd-d9638054e0cf","D01","HOPB","HOPB.AOS.fish.point.10","2018-05-03T13:23Z","2018-05-03T14:45Z","HOPB.20180503.10.1.e-fisher",1,38,"RHIATR","Rhinichthys atratulus","species",,,,26,1.1,"Eroded fins",,,"juvenile","no sample",,,"rwilliams@battelleecology.org",
"a92d3dfd-43ac-47f5-b6ed-e2241388c732","D01","HOPB","HOPB.AOS.fish.point.10","2018-05-03T13:23Z","2018-05-03T14:45Z","HOPB.20180503.10.1.e-fisher",1,46,"RHIATR","Rhinichthys atratulus","species",,,,59,1.6,,,,"juvenile","no sample",,,"rwilliams@battelleecology.org",
"ec612e8f-eaee-4c8d-bf8d-c42934513aa8","D01","HOPB","HOPB.AOS.fish.point.10","2018-05-03T13:23Z","2018-05-03T14:45Z","HOPB.20180503.10.1.e-fisher",1,18,"RHIATR","Rhinichthys atratulus","species",,,,26,0.3,,,,"young of year","no sample",,,"rwilliams@battelleecology.org",
"80197972-af32-4600-aafe-d9c7efc811db","D01","HOPB","HOPB.AOS.fish.point.10","2018-05-03T13:23Z","2018-05-03T14:45Z","HOPB.20180503.10.1.e-fisher",1,5,"RHIATR","Rhinichthys atratulus","species",,,,21,0.3,,,,"young of year","no sample",,,"rwilliams@battelleecology.org",
"77f0bca4-d23c-436c-baab-dc51f6d865af","D01","HOPB","HOPB.AOS.fish.point.10","2018-05-03T13:23Z","2018-05-03T14:45Z","HOPB.20180503.10.1.e-fisher",1,19,"RHIATR","Rhinichthys atratulus","species",,,,42,0.8,,,,"juvenile","no sample",,,"rwilliams@battelleecology.org",
"008ec530-f2ab-40f0-9046-bc26b53c3a37","D01","HOPB","HOPB.AOS.fish.point.10","2018-05-03T13:23Z","2018-05-03T14:45Z","HOPB.20180503.10.1.e-fisher",1,60,"SEMATR","Semotilus atromaculatus","species",,,,54,0.8,,,,"juvenile","no sample",,,"rwilliams@battelleecology.org",
"bd6a1853-c8a4-4e24-8224-cfd5cb8f9c5d","D01","HOPB","HOPB.AOS.fish.point.10","2018-05-03T13:23Z","2018-05-03T14:45Z","HOPB.20180503.10.1.e-fisher",1,76,"RHIATR","Rhinichthys atratulus","species",,,,54,2.4,,,,"adult","no sample",,,"rwilliams@battelleecology.org",
"87970e9c-134e-43dd-ac48-2811c4a0e820","D01","HOPB","HOPB.AOS.fish.point.10","2018-05-03T13:23Z","2018-05-03T14:45Z","HOPB.20180503.10.1.e-fisher",1,12,"RHIATR","Rhinichthys atratulus","species",,,,32,0.5,,,,"young of year","no sample",,,"rwilliams@battelleecology.org",
"72c1b57d-c168-43db-9f77-39f0887d7452","D01","HOPB","HOPB.AOS.fish.point.10","2018-05-03T13:23Z","2018-05-03T14:45Z","HOPB.20180503.10.1.e-fisher",1,31,"SEMATR","Semotilus atromaculatus","species",,,,71,2.8,,,,"juvenile","no sample",,,"rwilliams@battelleecology.org",
"459d291e-a514-4c0f-bfb6-73c756d0e815","D01","HOPB","HOPB.AOS.fish.point.10","2018-05-03T13:23Z","2018-05-03T14:45Z","HOPB.20180503.10.1.e-fisher",1,73,"RHIATR","Rhinichthys atratulus","species",,,,66,2.5,,,,"adult","no sample",,,"rwilliams@battelleecology.org",
"b42adc25-1f58-442b-983f-d70eaab339a2","D01","HOPB","HOPB.AOS.fish.point.10","2018-05-03T15:23Z","2018-05-03T16:55Z","HOPB.20180503.10.2.e-fisher",2,6,"SEMATR","Semotilus atromaculatus","species",,,,40,0.6,,,,"juvenile","no sample",,,"rwilliams@battelleecology.org",
"947b09f3-bc01-45c8-a0fb-c488c467da90","D01","HOPB","HOPB.AOS.fish.point.10","2018-05-03T15:23Z","2018-05-03T16:55Z","HOPB.20180503.10.2.e-fisher",2,8,"SEMATR","Semotilus atromaculatus","species",,,,52,1.3,,,,"juvenile","no sample",,,"rwilliams@battelleecology.org",
"cf4fdc87-8f84-4174-af47-2c2d3f16154b","D01","HOPB","HOPB.AOS.fish.point.10","2018-05-03T15:23Z","2018-05-03T16:55Z","HOPB.20180503.10.2.e-fisher",2,16,"SEMATR","Semotilus atromaculatus","species",,,,65,2.2,,,,"juvenile","no sample",,,"rwilliams@battelleecology.org",
"5a243def-a87d-4c17-a997-efaad91324b0","D01","HOPB","HOPB.AOS.fish.point.10","2018-05-03T15:23Z","2018-05-03T16:55Z","HOPB.20180503.10.2.e-fisher",2,7,"SEMATR","Semotilus atromaculatus","species",,,,52,1.2,,,,"juvenile","no sample",,,"rwilliams@battelleecology.org",
"655e1122-9304-4dcf-890e-042d04a9e818","D01","HOPB","HOPB.AOS.fish.point.10","2018-05-03T15:23Z","2018-05-03T16:55Z","HOPB.20180503.10.2.e-fisher",2,17,"SEMATR","Semotilus atromaculatus","species",,,,35,0.3,,,,"juvenile","no sample",,,"rwilliams@battelleecology.org",
"c5871357-cb35-468d-9b59-f1edc16e7ea9","D01","HOPB","HOPB.AOS.fish.point.10","2018-05-03T15:23Z","2018-05-03T16:55Z","HOPB.20180503.10.2.e-fisher",2,9,"SEMATR","Semotilus atromaculatus","species",,,,70,3.0,,,,"juvenile","no sample",,,"rwilliams@battelleecology.org",
"77f3255f-199a-4d1c-9f58-6597a8819d86","D01","HOPB","HOPB.AOS.fish.point.10","2018-05-03T15:23Z","2018-05-03T16:55Z","HOPB.20180503.10.2.e-fisher",2,12,"SEMATR","Semotilus atromaculatus","species",,,,51,1.1,,,,"juvenile","no sample",,,"rwilliams@battelleecology.org",
"ec57da35-4a7e-4473-8475-e0ff703a33e4","D01","HOPB","HOPB.AOS.fish.point.10","2018-05-03T15:23Z","2018-05-03T16:55Z","HOPB.20180503.10.2.e-fisher",2,15,"SEMATR","Semotilus atromaculatus","species",,,,35,0.3,,,,"juvenile","no sample",,,"rwilliams@battelleecology.org",
"c86c75ed-7946-49d3-b1fb-b4379a2ff581","D01","HOPB","HOPB.AOS.fish.point.10","2018-05-03T15:23Z","2018-05-03T16:55Z","HOPB.20180503.10.2.e-fisher",2,11,"SEMATR","Semotilus atromaculatus","species",,,,53,1.3,,,,"juvenile","no sample",,,"rwilliams@battelleecology.org",
"ec6a2104-c6ec-4ae5-8c10-fc14750ad809","D01","HOPB","HOPB.AOS.fish.point.10","2018-05-03T15:23Z","2018-05-03T16:55Z","HOPB.20180503.10.2.e-fisher",2,4,"SEMATR","Semotilus atromaculatus","species",,,,33,0.3,,,,"juvenile","no sample",,,"rwilliams@battelleecology.org",
"29515d1f-719c-464d-aee7-6dfbf6438c98","D01","HOPB","HOPB.AOS.fish.point.10","2018-05-03T15:23Z","2018-05-03T16:55Z","HOPB.20180503.10.2.e-fisher",2,5,"SEMATR","Semotilus atromaculatus","species",,,,32,0.3,,,,"juvenile","no sample",,,"rwilliams@battelleecology.org",
"b979f3ee-9a77-483c-9d1f-209bb762d264","D01","HOPB","HOPB.AOS.fish.point.10","2018-05-03T15:23Z","2018-05-03T16:55Z","HOPB.20180503.10.2.e-fisher",2,13,"SEMATR","Semotilus atromaculatus","species",,,,56,1.5,,,,"juvenile","no sample",,,"rwilliams@battelleecology.org",
"4ad0b36d-28c7-4c16-977e-b6def7c60bf1","D01","HOPB","HOPB.AOS.fish.point.10","2018-05-03T15:23Z","2018-05-03T16:55Z","HOPB.20180503.10.2.e-fisher",2,1,"SEMATR","Semotilus atromaculatus","species",,,,90,6.3,,,,"adult","no sample",,,"rwilliams@battelleecology.org",
"0300a5b4-8742-4115-9bb7-1764267a2745","D01","HOPB","HOPB.AOS.fish.point.10","2018-05-03T15:23Z","2018-05-03T16:55Z","HOPB.20180503.10.2.e-fisher",2,2,"SEMATR","Semotilus atromaculatus","species",,,,53,1.4,,,,"juvenile","no sample",,,"rwilliams@battelleecology.org",
"00f1b728-97f8-4814-9352-3f21d1dc5f47","D01","HOPB","HOPB.AOS.fish.point.10","2018-05-03T15:23Z","2018-05-03T16:55Z","HOPB.20180503.10.2.e-fisher",2,18,"RHIATR","Rhinichthys atratulus","species",,,,45,0.8,,"Y",,"juvenile","voucher sample only","FSH.HOPB.10.20180503.2.0018",,"rwilliams@battelleecology.org",
"795a396f-b8db-4adb-98dc-d49c77422d3d","D01","HOPB","HOPB.AOS.fish.point.10","2018-05-03T15:23Z","2018-05-03T16:55Z","HOPB.20180503.10.2.e-fisher",2,10,"SEMATR","Semotilus atromaculatus","species",,,,93,7.2,,,,"adult","no sample",,,"rwilliams@battelleecology.org",
"0c0d7f68-2bd4-419a-a0d8-3d816d181124","D01","HOPB","HOPB.AOS.fish.point.10","2018-05-03T15:23Z","2018-05-03T16:55Z","HOPB.20180503.10.2.e-fisher",2,3,"SEMATR","Semotilus atromaculatus","species",,,,31,0.3,"Eroded fins",,,"juvenile","no sample",,,"rwilliams@battelleecology.org",
"da39af24-c0a9-4c20-81d3-61ee91b80792","D01","HOPB","HOPB.AOS.fish.point.10","2018-05-03T15:23Z","2018-05-03T16:55Z","HOPB.20180503.10.2.e-fisher",2,14,"SEMATR","Semotilus atromaculatus","species",,,,42,0.6,,,,"juvenile","no sample",,,"rwilliams@battelleecology.org",
"f7d7d290-1cf1-4048-a646-93b7e1f93ab6","D01","HOPB","HOPB.AOS.fish.point.10","2018-05-03T17:27Z","2018-05-03T19:00Z","HOPB.20180503.10.3.e-fisher",3,3,"SEMATR","Semotilus atromaculatus","species",,,,78,4.0,,,,"juvenile","no sample",,,"rwilliams@battelleecology.org",
"f6c16560-b02b-4bf7-b878-d94afce45a32","D01","HOPB","HOPB.AOS.fish.point.10","2018-05-03T17:27Z","2018-05-03T19:00Z","HOPB.20180503.10.3.e-fisher",3,12,"SEMATR","Semotilus atromaculatus","species",,,,52,1.0,,,,"young of year","no sample",,,"rwilliams@battelleecology.org",
"0daa504d-eb89-4664-8926-f192458a55cd","D01","HOPB","HOPB.AOS.fish.point.10","2018-05-03T17:27Z","2018-05-03T19:00Z","HOPB.20180503.10.3.e-fisher",3,13,"SEMATR","Semotilus atromaculatus","species",,,,60,1.8,,,,"juvenile","no sample",,,"rwilliams@battelleecology.org",
"7cca05f6-5bd1-4224-b078-5f6d1f7f26d8","D01","HOPB","HOPB.AOS.fish.point.10","2018-05-03T17:27Z","2018-05-03T19:00Z","HOPB.20180503.10.3.e-fisher",3,6,"SEMATR","Semotilus atromaculatus","species",,,,62,2.0,,,,"young of year","no sample",,,"rwilliams@battelleecology.org",
"53153067-a11b-492a-96e8-e21d78cb9998","D01","HOPB","HOPB.AOS.fish.point.10","2018-05-03T17:27Z","2018-05-03T19:00Z","HOPB.20180503.10.3.e-fisher",3,10,"SEMATR","Semotilus atromaculatus","species",,,,72,3.4,,,,"juvenile","no sample",,,"rwilliams@battelleecology.org",
"e7a443cb-07a6-4b73-a161-a1605a41791d","D01","HOPB","HOPB.AOS.fish.point.10","2018-05-03T17:27Z","2018-05-03T19:00Z","HOPB.20180503.10.3.e-fisher",3,11,"SEMATR","Semotilus atromaculatus","species",,,,63,2.2,,,,"young of year","no sample",,,"rwilliams@battelleecology.org",
"3540c14c-8f4c-4382-8e64-6e4b468030eb","D01","HOPB","HOPB.AOS.fish.point.10","2018-05-03T17:27Z","2018-05-03T19:00Z","HOPB.20180503.10.3.e-fisher",3,14,"RHIATR","Rhinichthys atratulus","species",,,,28,0.3,,"Y",,"young of year","voucher sample only","FSH.HOPB.10.20180503.3.0014",,"rwilliams@battelleecology.org",
"0d1eafeb-37cf-44ab-a6ce-a4bb379e52c3","D01","HOPB","HOPB.AOS.fish.point.10","2018-05-03T17:27Z","2018-05-03T19:00Z","HOPB.20180503.10.3.e-fisher",3,4,"SEMATR","Semotilus atromaculatus","species",,,,64,2.3,,,,"young of year","no sample",,,"rwilliams@battelleecology.org",
"2a82cab8-ff13-4c28-9106-cd204315a440","D01","HOPB","HOPB.AOS.fish.point.10","2018-05-03T17:27Z","2018-05-03T19:00Z","HOPB.20180503.10.3.e-fisher",3,5,"SEMATR","Semotilus atromaculatus","species",,,,60,2.0,,,,"young of year","no sample",,,"rwilliams@battelleecology.org",
"96907046-f1cd-46ed-b7e6-40196322ca0c","D01","HOPB","HOPB.AOS.fish.point.10","2018-05-03T17:27Z","2018-05-03T19:00Z","HOPB.20180503.10.3.e-fisher",3,8,"SEMATR","Semotilus atromaculatus","species",,,,33,0.3,,,,"young of year","no sample",,,"rwilliams@battelleecology.org",
"66de6676-d76f-433a-ac39-bef2a2719999","D01","HOPB","HOPB.AOS.fish.point.10","2018-05-03T17:27Z","2018-05-03T19:00Z","HOPB.20180503.10.3.e-fisher",3,9,"SEMATR","Semotilus atromaculatus","species",,,,30,0.3,,,,"young of year","no sample",,,"rwilliams@battelleecology.org",
"59f99ffb-9567-421c-97a0-e2f799c50d9a","D01","HOPB","HOPB.AOS.fish.point.10","2018-05-03T17:27Z","2018-05-03T19:00Z","HOPB.20180503.10.3.e-fisher",3,2,"SEMATR","Semotilus atromaculatus","species",,,,74,4.3,,,,"juvenile","no sample",,,"rwilliams@battelleecology.org",
"41efc2aa-cd29-4913-aba6-782e87dbdfd0","D01","HOPB","HOPB.AOS.fish.point.10","2018-05-03T17:27Z","2018-05-03T19:00Z","HOPB.20180503.10.3.e-fisher",3,7,"SEMATR","Semotilus atromaculatus","species",,,,75,4.1,,,,"juvenile","no sample",,,"rwilliams@battelleecology.org",
"c962268b-6969-49f6-8e2d-223e989d99c4","D01","HOPB","HOPB.AOS.fish.point.10","2018-05-03T17:27Z","2018-05-03T19:00Z","HOPB.20180503.10.3.e-fisher",3,1,"SEMATR","Semotilus atromaculatus","species",,,,80,5.5,,,,"juvenile","no sample",,,"rwilliams@battelleecology.org",
