uid,domainID,siteID,namedLocation,passStartTime,passEndTime,passNumber,eventID,taxonID,scientificName,morphospeciesID,bulkFishCount,actualOrEstimated,identificationQualifier,identifiedBy,remarks
"da53f8a6-f99c-4658-bbc0-1a8fc59abc17","D01","HOPB","HOPB.AOS.fish.point.07","2020-10-28T13:55Z","2020-10-28T14:43Z",1,"HOPB.20201028.07.1.e-fisher","RHIATR","Rhinichthys atratulus",,33,"actual",,"0000-0003-4958-6412",
"df1577e1-e39d-421a-a1e7-705aac11d303","D01","HOPB","HOPB.AOS.fish.point.09","2020-10-28T17:30Z","2020-10-28T18:37Z",1,"HOPB.20201028.09.1.e-fisher","RHIATR","Rhinichthys atratulus",,34,"actual",,"0000-0003-4958-6412",
"b70d0f0c-192d-48be-8dc2-d2b487854a9b","D01","HOPB","HOPB.AOS.fish.point.10","2020-10-29T13:32Z","2020-10-29T14:53Z",1,"HOPB.20201029.10.1.e-fisher","RHIATR","Rhinichthys atratulus",,60,"actual",,"0000-0003-4958-6412",
"a484ef23-d24e-4b66-8bd5-23f64d4b55ee","D01","HOPB","HOPB.AOS.fish.point.10","2020-10-29T16:16Z","2020-10-29T17:40Z",2,"HOPB.20201029.10.2.e-fisher","RHIATR","Rhinichthys atratulus",,34,"actual",,"0000-0003-4958-6412",
