uid,domainID,siteID,namedLocation,passStartTime,passEndTime,passNumber,reachID,eventID,waterTemp,dissolvedOxygen,specificConductance,samplerType,habitatType,subdominantHabitatType,initialFrequency,initialDutyCycle,initialVoltage,finalFrequency,finalDutyCycle,finalVoltage,efTime,settingsChanged,initialFrequency2,initialDutyCycle2,initialVoltage2,finalFrequency2,finalDutyCycle2,finalVoltage2,efTime2,settingsChanged2,netIntegrity,netSetTime,netEndTime,netDeploymentTime,netLength,netDepth,targetTaxaPresent,remarks
"0422c167-fc01-452d-9ef0-9b46ee22de17","D01","HOPB","HOPB.AOS.fish.point.02","2020-10-26T15:03Z","2020-10-26T16:27Z",1,"HOPB.20201026.02","HOPB.20201026.02.1.e-fisher",8.3,9.7,135.7,"electrofisher","riffle","step pool",30,20,300,30,20,300,2255,0,,,,,,,,,"Not compromised",,,,,,"Y",
"c68f3b05-6ff0-4cfa-9496-647cd95fcb62","D01","HOPB","HOPB.AOS.fish.point.04","2020-10-26T18:25Z","2020-10-26T19:47Z",1,"HOPB.20201026.04","HOPB.20201026.04.1.e-fisher",8.9,11.6,145.8,"electrofisher","step pool","riffle",30,20,300,30,20,300,2049,0,,,,,,,,,"Not compromised",,,,,,"Y",
"4cc61629-a106-4d30-9cd2-120421e58583","D01","HOPB","HOPB.AOS.fish.point.04","2020-10-26T20:23Z","2020-10-26T20:50Z",2,"HOPB.20201026.04","HOPB.20201026.04.2.e-fisher",9.0,11.1,147.0,"electrofisher","step pool","riffle",30,20,300,30,20,300,871,0,,,,,,,,,"Not compromised",,,,,,"Y",
"7adcd838-4074-4b79-8a86-4b2a22239b83","D01","HOPB","HOPB.AOS.fish.point.04","2020-10-26T21:20Z","2020-10-26T21:45Z",3,"HOPB.20201026.04","HOPB.20201026.04.3.e-fisher",9.0,11.8,147.8,"electrofisher","step pool","riffle",30,20,300,30,20,300,954,0,,,,,,,,,"Not compromised",,,,,,"Y",
"7c8490be-b435-44d1-86c1-cd5ec11756c2","D01","HOPB","HOPB.AOS.fish.point.06","2020-10-27T13:27Z","2020-10-27T14:30Z",1,"HOPB.20201027.06","HOPB.20201027.06.1.e-fisher",9.5,10.5,151.3,"electrofisher","riffle","run",,,,,,,1557,,,,,,,,,,"Not compromised",,,,,,"Y",
"71fa1f54-f0df-4ef4-a5bb-e67726c3fc7e","D01","HOPB","HOPB.AOS.fish.point.06","2020-10-27T16:27Z","2020-10-27T17:06Z",2,"HOPB.20201027.06","HOPB.20201027.06.2.e-fisher",10.1,11.2,149.7,"electrofisher","riffle","run",30,20,300,30,20,300,1131,0,,,,,,,,,"Not compromised",,,,,,"Y",
"0a12a138-b477-464f-9edf-04455754f6bf","D01","HOPB","HOPB.AOS.fish.point.06","2020-10-27T17:47Z","2020-10-27T18:18Z",3,"HOPB.20201027.06","HOPB.20201027.06.3.e-fisher",10.3,10.7,148.6,"electrofisher","riffle","run",30,20,300,30,20,300,1043,0,,,,,,,,,"Not compromised",,,,,,"Y",
"29f195ce-a94f-4a87-926f-eb057d5f2464","D01","HOPB","HOPB.AOS.fish.point.07","2020-10-28T13:55Z","2020-10-28T14:43Z",1,"HOPB.20201028.07","HOPB.20201028.07.1.e-fisher",8.6,10.4,150.6,"electrofisher","riffle","step pool",30,20,300,,,,1249,,,,,,,,,,"Not compromised",,,,,,"Y",
"14f4c153-feb9-4282-93d6-7fae05b016bb","D01","HOPB","HOPB.AOS.fish.point.09","2020-10-28T17:30Z","2020-10-28T18:37Z",1,"HOPB.20201028.09","HOPB.20201028.09.1.e-fisher",8.9,11.0,148.8,"electrofisher","riffle","run",30,20,300,,,,1572,,,,,,,,,,"Not compromised",,,,,,"Y",
"81bda8ac-d435-4d85-8f14-d3f6dffbf1a6","D01","HOPB","HOPB.AOS.fish.point.10","2020-10-29T13:32Z","2020-10-29T14:53Z",1,"HOPB.20201029.10","HOPB.20201029.10.1.e-fisher",8.0,10.8,163.3,"electrofisher","riffle","pool",30,20,300,30,20,300,1783,0,,,,,,,,,"Not compromised",,,,,,"Y",
"3d4d862b-dcb8-4b9d-bb8a-d1980d5f7a0f","D01","HOPB","HOPB.AOS.fish.point.10","2020-10-29T16:16Z","2020-10-29T17:40Z",2,"HOPB.20201029.10","HOPB.20201029.10.2.e-fisher",8.3,11.5,159.8,"electrofisher","riffle","pool",30,20,300,30,20,300,2071,0,,,,,,,,,"Not compromised",,,,,,"Y",
"452e8437-df2a-4822-b111-780da456dc23","D01","HOPB","HOPB.AOS.fish.point.10","2020-10-29T19:18Z","2020-10-29T19:52Z",3,"HOPB.20201029.10","HOPB.20201029.10.3.e-fisher",8.5,11.9,150.1,"electrofisher","riffle","pool",,,,,,,1235,,,,,,,,,,"Not compromised",,,,,,"Y",
