uid,domainID,siteID,namedLocation,aquaticSiteType,decimalLatitude,decimalLongitude,coordinateUncertainty,elevation,elevationUncertainty,geodeticDatum,startDate,endDate,reachID,samplingProtocolVersion,samplingImpractical,reachCondition,measuredReachLength,fixedRandomReach,identifiedBy,aCollectedBy,bCollectedBy,cCollectedBy,remarks
"2e1d03e2-aaeb-4d70-b4e6-e8219fc3bea7","D01","HOPB","HOPB.AOS.fish.point.04","stream",42.471863,-72.328095,0.4,202.1,0.6,"WGS84","2020-10-26","2020-10-26","HOPB.20201026.04","NEON.DOC.001295vF",,"normal flow",91.0,"fixed","0000-0003-4958-6412","0000-0003-4958-6412","0000-0003-4647-8125","0000-0002-3867-8015",
"e833052e-23ea-4431-a417-3d86f464ee8a","D01","HOPB","HOPB.AOS.fish.point.02","stream",42.471345,-72.325855,0.5,193.4,1.6,"WGS84","2020-10-26","2020-10-26","HOPB.20201026.02","NEON.DOC.001295vF",,"normal flow",118.0,"random","0000-0003-4958-6412","0000-0003-4958-6412","0000-0003-4647-8125","0000-0002-3867-8015",
"1379bab2-8a07-4e1c-a902-5f31cff28e66","D01","HOPB","HOPB.AOS.fish.point.06","stream",42.471703,-72.329882,0.4,225.9,0.6,"WGS84","2020-10-27","2020-10-27","HOPB.20201027.06","NEON.DOC.001295vF",,"normal flow",93.0,"fixed","0000-0003-4958-6412","0000-0003-4958-6412","0000-0003-4647-8125","0000-0002-3867-8015",
"1aa3f5c1-7e68-49d4-97ef-b5a16e608970","D01","HOPB","HOPB.AOS.fish.point.07","stream",42.471835,-72.330872,0.9,221.7,1.8,"WGS84","2020-10-28","2020-10-28","HOPB.20201028.07","NEON.DOC.001295vF",,"normal flow",85.0,"random","0000-0003-4958-6412","0000-0003-4958-6412","0000-0003-4647-8125","0000-0002-3867-8015",
"4c32bd3f-72dc-4352-8187-be761936c4b4","D01","HOPB","HOPB.AOS.fish.point.09","stream",42.473116,-72.330784,0.3,210.5,0.4,"WGS84","2020-10-28","2020-10-28","HOPB.20201028.09","NEON.DOC.001295vF",,"normal flow",87.0,"random","0000-0003-4958-6412","0000-0003-4958-6412","0000-0003-4647-8125","0000-0002-3867-8015",
"b357d8ce-7df0-43a5-943a-ef53dfd008d5","D01","HOPB","HOPB.AOS.fish.point.10","stream",42.473425,-72.331693,0.1,211.8,0.1,"WGS84","2020-10-29","2020-10-29","HOPB.20201029.10","NEON.DOC.001295vF",,"normal flow",93.0,"fixed","0000-0003-4958-6412","0000-0003-4958-6412","0000-0003-4647-8125","0000-0002-3867-8015",
