uid,domainID,siteID,namedLocation,aquaticSiteType,decimalLatitude,decimalLongitude,coordinateUncertainty,elevation,elevationUncertainty,geodeticDatum,startDate,endDate,reachID,samplingProtocolVersion,samplingImpractical,reachCondition,measuredReachLength,fixedRandomReach,identifiedBy,aCollectedBy,bCollectedBy,cCollectedBy,remarks
"0a6d4f0f-8c22-4d00-8f77-51d2a269b4c3","D01","HOPB","HOPB.AOS.fish.point.06","stream",42.471703,-72.329882,0.4,225.9,0.6,"WGS84","2021-11-12","2021-11-12","HOPB.20211112.06","NEON.DOC.001295vG","logistical",,,"fixed","0000-0003-4958-6412","0000-0003-4958-6412","0000-0003-4647-8125","0000-0003-1934-4447","INC0050427"
"ed32e4f3-2093-4898-a8cc-1775f0ae3bc1","D01","HOPB","HOPB.AOS.fish.point.08","stream",42.472372,-72.331594,0.2,209.5,0.3,"WGS84","2021-11-12","2021-11-12","HOPB.20211112.08","NEON.DOC.001295vG","logistical",,,"random","0000-0003-4958-6412","0000-0003-4958-6412","0000-0003-4647-8125","0000-0003-1934-4447","INC0050427"
"5af6a9d7-5449-49c2-81b7-714908c77209","D01","HOPB","HOPB.AOS.fish.point.05","stream",42.472170,-72.329040,0.3,207.9,0.3,"WGS84","2021-11-12","2021-11-12","HOPB.20211112.05","NEON.DOC.001295vG","logistical",,,"random","0000-0003-4958-6412","0000-0003-4958-6412","0000-0003-4647-8125","0000-0003-1934-4447","INC0050427"
"6b564f4a-6fc9-4b91-8880-2708cafbbac0","D01","HOPB","HOPB.AOS.fish.point.10","stream",42.473425,-72.331693,0.1,211.8,0.1,"WGS84","2021-11-12","2021-11-12","HOPB.20211112.10","NEON.DOC.001295vG","logistical",,,"fixed","0000-0003-4958-6412","0000-0003-4958-6412","0000-0003-4647-8125","0000-0003-1934-4447","INC0050427"
