uid,domainID,siteID,namedLocation,passStartTime,passEndTime,passNumber,eventID,taxonID,scientificName,morphospeciesID,bulkFishCount,actualOrEstimated,identificationQualifier,identifiedBy,remarks
"39c16700-e5dd-470e-8ee7-887cb17cca71","D01","HOPB","HOPB.AOS.fish.point.03","2019-10-21T18:20Z","2019-10-21T20:02Z",1,"HOPB.20191021.03.1.e-fisher","RHIATR","Rhinichthys atratulus",,39,"actual",,"0000-0003-4958-6412",
"ed4b5d3d-bfe1-4882-9548-7f9d63efcadc","D01","HOPB","HOPB.AOS.fish.point.03","2019-10-21T18:20Z","2019-10-21T20:02Z",1,"HOPB.20191021.03.1.e-fisher","SEMATR","Semotilus atromaculatus",,40,"actual",,"0000-0003-4958-6412",
"7ad90375-0585-4e12-9884-d58df375bfd6","D01","HOPB","HOPB.AOS.fish.point.08","2019-10-24T17:13Z","2019-10-24T18:53Z",1,"HOPB.20191024.08.1.e-fisher","SEMATR","Semotilus atromaculatus",,4,"actual",,"0000-0003-4958-6412",
"534e7a92-831b-4f49-8192-16572567755f","D01","HOPB","HOPB.AOS.fish.point.08","2019-10-24T17:13Z","2019-10-24T18:53Z",1,"HOPB.20191024.08.1.e-fisher","RHIATR","Rhinichthys atratulus",,52,"actual",,"0000-0003-4958-6412",
"93d49b9e-4998-48bd-ba2d-af072ebe4241","D01","HOPB","HOPB.AOS.fish.point.10","2019-10-25T13:48Z","2019-10-25T14:37Z",1,"HOPB.20191025.10.1.e-fisher","RHIATR","Rhinichthys atratulus",,35,"actual",,"0000-0003-4958-6412",
"49ab6ea9-6e97-42fb-b243-90d3a2bd71b9","D01","HOPB","HOPB.AOS.fish.point.10","2019-10-25T16:31Z","2019-10-25T17:37Z",2,"HOPB.20191025.10.2.e-fisher","RHIATR","Rhinichthys atratulus",,10,"actual",,"0000-0003-4958-6412",
