uid,domainID,siteID,namedLocation,aquaticSiteType,decimalLatitude,decimalLongitude,coordinateUncertainty,elevation,elevationUncertainty,geodeticDatum,startDate,endDate,reachID,samplingProtocolVersion,samplingImpractical,reachCondition,measuredReachLength,fixedRandomReach,identifiedBy,aCollectedBy,bCollectedBy,cCollectedBy,remarks
"073a7820-3431-464f-a8d9-ee69b3bb832c","D01","HOPB","HOPB.AOS.fish.point.03","stream",42.471277,-72.327139,1.1,196.3,1.6,"WGS84","2019-10-21","2019-10-21","HOPB.20191021.03","NEON.DOC.001295vF",,"normal flow",130.0,"random","0000-0003-4958-6412","0000-0003-4958-6412","0000-0002-8951-4934","0000-0002-6931-9699",
"7e94b5c0-8b20-44b0-a4f5-51161be00a7e","D01","HOPB","HOPB.AOS.fish.point.01","stream",42.471345,-72.324802,0.3,189.7,0.5,"WGS84","2019-10-21","2019-10-21","HOPB.20191021.01","NEON.DOC.001295vF",,"normal flow",82.0,"random","0000-0003-4958-6412","0000-0003-4958-6412","0000-0002-8951-4934","0000-0002-6931-9699",
"4b83b24f-bd2d-4d0c-b203-c5f9f965a6e6","D01","HOPB","HOPB.AOS.fish.point.04","stream",42.471863,-72.328095,0.4,202.1,0.6,"WGS84","2019-10-22","2019-10-22","HOPB.20191022.04","NEON.DOC.001295vF",,"normal flow",82.0,"fixed","0000-0003-4958-6412","0000-0003-4958-6412","0000-0002-8951-4934","0000-0002-6931-9699",
"379ccc0e-0a35-4f1b-93e4-494f9c3d1905","D01","HOPB","HOPB.AOS.fish.point.08","stream",42.472372,-72.331594,0.2,209.5,0.3,"WGS84","2019-10-24","2019-10-24","HOPB.20191024.08","NEON.DOC.001295vF",,"normal flow",128.0,"random","0000-0003-4958-6412","0000-0003-4958-6412","0000-0003-2931-6669","0000-0002-6931-9699",
"e51ead60-4e9e-4665-a930-57a8d3c5b9a3","D01","HOPB","HOPB.AOS.fish.point.06","stream",42.471703,-72.329882,0.4,225.9,0.6,"WGS84","2019-10-24","2019-10-24","HOPB.20191024.06","NEON.DOC.001295vF",,"normal flow",86.0,"fixed","0000-0003-4958-6412","0000-0003-4958-6412","0000-0003-2931-6669","0000-0002-6931-9699",
"c19cee63-e944-49a4-a301-a7132bd6b7ff","D01","HOPB","HOPB.AOS.fish.point.10","stream",42.473425,-72.331693,0.1,211.8,0.1,"WGS84","2019-10-25","2019-10-25","HOPB.20191025.10","NEON.DOC.001295vF",,"normal flow",93.0,"fixed","0000-0003-4958-6412","0000-0003-4958-6412","0000-0002-8951-4934","0000-0002-6931-9699",
