uid,domainID,siteID,namedLocation,passStartTime,passEndTime,passNumber,reachID,eventID,waterTemp,dissolvedOxygen,specificConductance,samplerType,habitatType,subdominantHabitatType,initialFrequency,initialDutyCycle,initialVoltage,finalFrequency,finalDutyCycle,finalVoltage,efTime,settingsChanged,initialFrequency2,initialDutyCycle2,initialVoltage2,finalFrequency2,finalDutyCycle2,finalVoltage2,efTime2,settingsChanged2,netIntegrity,netSetTime,netEndTime,netDeploymentTime,netLength,netDepth,targetTaxaPresent,remarks
"c7faa31c-6f7a-4ff9-98c6-2f1e4edb030f","D01","HOPB","HOPB.AOS.fish.point.01","2019-10-21T15:12Z","2019-10-21T16:19Z",1,"HOPB.20191021.01","HOPB.20191021.01.1.e-fisher",8.6,11.6,114.1,"electrofisher","riffle","pool",30,20,300,30,20,300,1828,0,,,,,,,,,"Not compromised",,,,,,"Y",
"9bc5fe17-1701-47cc-98e8-5246eca3a5bd","D01","HOPB","HOPB.AOS.fish.point.03","2019-10-21T18:20Z","2019-10-21T20:02Z",1,"HOPB.20191021.03","HOPB.20191021.03.1.e-fisher",10.3,11.2,118.8,"electrofisher","riffle","pool",30,20,300,30,20,300,2388,0,,,,,,,,,"Not compromised",,,,,,"Y",
"2882ecb9-5cd3-4847-8d63-40cd39549c68","D01","HOPB","HOPB.AOS.fish.point.04","2019-10-22T13:53Z","2019-10-22T14:52Z",1,"HOPB.20191022.04","HOPB.20191022.04.1.e-fisher",8.5,11.4,120.1,"electrofisher","step pool","riffle",30,20,300,30,20,300,1147,0,,,,,,,,,"Not compromised",,,,,,"Y",
"2cdcabda-8f65-48d8-ad79-d0dcae1fb32c","D01","HOPB","HOPB.AOS.fish.point.04","2019-10-22T16:48Z","2019-10-22T17:48Z",2,"HOPB.20191022.04","HOPB.20191022.04.2.e-fisher",9.7,10.9,120.9,"electrofisher","step pool","riffle",30,20,300,30,20,300,1031,0,,,,,,,,,"Not compromised",,,,,,"Y",
"066fa885-b8ce-4cf0-89a3-936638edaeff","D01","HOPB","HOPB.AOS.fish.point.04","2019-10-22T18:36Z","2019-10-22T19:19Z",3,"HOPB.20191022.04","HOPB.20191022.04.3.e-fisher",9.7,10.9,120.9,"electrofisher","step pool","riffle",30,20,300,30,20,300,861,0,,,,,,,,,"Not compromised",,,,,,"Y",
"552852e1-127d-420e-a2ba-f33a5f2c1f67","D01","HOPB","HOPB.AOS.fish.point.06","2019-10-24T13:21Z","2019-10-24T13:51Z",1,"HOPB.20191024.06","HOPB.20191024.06.1.e-fisher",7.4,11.6,111.8,"electrofisher","riffle","pool",30,20,300,30,20,300,1074,0,,,,,,,,,"Not compromised",,,,,,"Y",
"e9e0d6d9-92cc-428a-90b3-d1daf1f4e1e8","D01","HOPB","HOPB.AOS.fish.point.06","2019-10-24T14:27Z","2019-10-24T14:50Z",2,"HOPB.20191024.06","HOPB.20191024.06.2.e-fisher",7.9,11.6,120.4,"electrofisher","riffle","pool",30,20,300,30,20,300,875,0,,,,,,,,,"Not compromised",,,,,,"Y",
"81808515-4b29-4cd7-a1a2-a9f02b1da6eb","D01","HOPB","HOPB.AOS.fish.point.06","2019-10-24T15:25Z","2019-10-24T15:50Z",3,"HOPB.20191024.06","HOPB.20191024.06.3.e-fisher",8.3,11.7,119.9,"electrofisher","riffle","pool",30,20,300,30,20,300,899,0,,,,,,,,,"Not compromised",,,,,,"Y",
"84392981-991d-4f35-bf74-b3f5315f73e3","D01","HOPB","HOPB.AOS.fish.point.08","2019-10-24T17:13Z","2019-10-24T18:53Z",1,"HOPB.20191024.08","HOPB.20191024.08.1.e-fisher",9.2,11.3,119.7,"electrofisher","riffle","pool",30,20,200,30,20,200,2422,0,,,,,,,,,"Not compromised",,,,,,"Y",
"be54c54a-591f-449d-ba63-3368f1f4d5e1","D01","HOPB","HOPB.AOS.fish.point.10","2019-10-25T13:48Z","2019-10-25T14:37Z",1,"HOPB.20191025.10","HOPB.20191025.10.1.e-fisher",8.5,11.0,118.6,"electrofisher","riffle","pool",30,20,300,30,20,300,1075,0,,,,,,,,,"Not compromised",,,,,,"Y",
"d6701e36-877b-42a1-a85a-dfeb6522d23b","D01","HOPB","HOPB.AOS.fish.point.10","2019-10-25T16:31Z","2019-10-25T17:37Z",2,"HOPB.20191025.10","HOPB.20191025.10.2.e-fisher",9.8,11.1,118.6,"electrofisher","riffle","pool",30,20,300,30,20,300,1659,0,,,,,,,,,"Not compromised",,,,,,"Y",
"9daf77e5-8e6e-4f9b-a114-18ec11d123da","D01","HOPB","HOPB.AOS.fish.point.10","2019-10-25T18:48Z","2019-10-25T19:58Z",3,"HOPB.20191025.10","HOPB.20191025.10.3.e-fisher",10.1,10.6,120.2,"electrofisher","riffle","pool",30,20,300,30,20,300,1685,0,,,,,,,,,"Not compromised",,,,,,"Y",
