uid,domainID,siteID,namedLocation,passStartTime,passEndTime,passNumber,reachID,eventID,waterTemp,dissolvedOxygen,specificConductance,samplerType,habitatType,subdominantHabitatType,initialFrequency,initialDutyCycle,initialVoltage,finalFrequency,finalDutyCycle,finalVoltage,efTime,settingsChanged,initialFrequency2,initialDutyCycle2,initialVoltage2,finalFrequency2,finalDutyCycle2,finalVoltage2,efTime2,settingsChanged2,netIntegrity,netSetTime,netEndTime,netDeploymentTime,netLength,netDepth,targetTaxaPresent,remarks
"2e557136-9ada-49b5-87e0-30bf5fed7028","D01","HOPB","HOPB.AOS.fish.point.06","2017-11-03T13:38Z","2017-11-10T15:30Z",1,"HOPB.20171103.06","HOPB.20171103.06.1.e-fisher",12.3,10.5,100.0,"electrofisher","riffle","pool",30,10,300,30,10,300,1223,0,,,,,,,,,"Not compromised",,,,,,"Y",
"649a53a7-786c-4a2a-827c-22c4ff9f1463","D01","HOPB","HOPB.AOS.fish.point.06","2017-11-03T15:10Z","2017-11-03T15:55Z",2,"HOPB.20171103.06","HOPB.20171103.06.2.e-fisher",12.8,10.4,103.9,"electrofisher","riffle","pool",30,10,300,30,10,300,1247,0,,,,,,,,,"Not compromised",,,,,,"Y","Same as pass 1"
"19170a1c-c988-41c7-ba31-129de2fc15fe","D01","HOPB","HOPB.AOS.fish.point.06","2017-11-03T16:35Z","2017-11-03T17:10Z",3,"HOPB.20171103.06","HOPB.20171103.06.3.e-fisher",13.4,10.5,101.6,"electrofisher","riffle","pool",30,10,300,30,10,300,1046,0,,,,,,,,,"Not compromised",,,,,,"Y","Same as previous passes"
"a1483c1f-3ab1-48a7-91c8-fa796a0b38cd","D01","HOPB","HOPB.AOS.fish.point.08","2017-11-08T14:20Z","2017-11-08T15:10Z",1,"HOPB.20171108.08","HOPB.20171108.08.1.e-fisher",17.0,12.7,108.3,"electrofisher","riffle","pool",30,10,300,30,10,300,1752,0,,,,,,,,,"Not compromised",,,,,,"Y",
"c55c7cd8-4a0f-40b0-91a8-d72c6765be9c","D01","HOPB","HOPB.AOS.fish.point.10","2017-11-08T17:10Z","2017-11-08T18:00Z",1,"HOPB.20171108.10","HOPB.20171108.10.1.e-fisher",7.4,12.3,108.2,"electrofisher","riffle","pool",30,20,300,30,20,300,1362,0,,,,,,,,,"Not compromised",,,,,,"Y",
"3a4f6a5f-8ed8-4f40-b0ef-eb18b6dc1106","D01","HOPB","HOPB.AOS.fish.point.10","2017-11-08T19:15Z","2017-11-08T19:50Z",2,"HOPB.20171108.10","HOPB.20171108.10.2.e-fisher",7.7,12.8,107.9,"electrofisher","riffle","pool",30,20,300,30,20,300,1306,0,,,,,,,,,"Not compromised",,,,,,"Y",
"834708f9-3d49-405c-b1b7-5f5f1fa3857c","D01","HOPB","HOPB.AOS.fish.point.10","2017-11-08T20:20Z","2017-11-08T21:00Z",3,"HOPB.20171108.10","HOPB.20171108.10.3.e-fisher",7.6,12.9,107.8,"electrofisher","riffle","pool",30,20,300,30,20,300,1164,0,,,,,,,,,"Not compromised",,,,,,"Y",
