uid,domainID,siteID,namedLocation,passStartTime,passEndTime,eventID,passNumber,specimenNumber,taxonID,scientificName,taxonRank,morphospeciesID,morphospeciesIDRemarks,identificationQualifier,fishTotalLength,fishWeight,delt,efMortality,efInjury,fishLifeStage,sampleTypeCollected,voucherSampleID,dnaSampleID,identifiedBy,remarks
"51e162ef-7691-42d2-b7de-d2bcecd4b052","D01","HOPB","HOPB.AOS.fish.point.06","2017-11-03T13:38Z","2017-11-10T15:30Z","HOPB.20171103.06.1.e-fisher",1,19,"RHIATR","Rhinichthys atratulus","species",,,,74,4.2,,,,"adult","no sample",,,"thillman@battelleecology.org",
"24076d34-66a2-4762-b9c2-9f5d9a7d4c7f","D01","HOPB","HOPB.AOS.fish.point.06","2017-11-03T13:38Z","2017-11-10T15:30Z","HOPB.20171103.06.1.e-fisher",1,14,"RHIATR","Rhinichthys atratulus","species",,,,26,0.3,,,,"juvenile","no sample",,,"thillman@battelleecology.org",
"a3930e19-135f-48ab-a7b5-e6adc7a5a400","D01","HOPB","HOPB.AOS.fish.point.06","2017-11-03T13:38Z","2017-11-10T15:30Z","HOPB.20171103.06.1.e-fisher",1,20,"RHIATR","Rhinichthys atratulus","species",,,,77,3.8,,,,"adult","no sample",,,"thillman@battelleecology.org",
"4e6c92f3-216b-430e-9712-b3a117f393ae","D01","HOPB","HOPB.AOS.fish.point.06","2017-11-03T13:38Z","2017-11-10T15:30Z","HOPB.20171103.06.1.e-fisher",1,18,"RHIATR","Rhinichthys atratulus","species",,,,66,3.1,,,,"adult","no sample",,,"thillman@battelleecology.org",
"d3fdf13e-cd09-493e-a38d-e721cd14898d","D01","HOPB","HOPB.AOS.fish.point.06","2017-11-03T13:38Z","2017-11-10T15:30Z","HOPB.20171103.06.1.e-fisher",1,6,"RHIATR","Rhinichthys atratulus","species",,,,51,1.4,,,,"juvenile","no sample",,,"thillman@battelleecology.org",
"145a44d0-86c9-4c19-a996-3285e1fcc192","D01","HOPB","HOPB.AOS.fish.point.06","2017-11-03T13:38Z","2017-11-10T15:30Z","HOPB.20171103.06.1.e-fisher",1,12,"SEMATR","Semotilus atromaculatus","species",,,,80,3.9,,,,"juvenile","no sample",,,"thillman@battelleecology.org",
"76dccfc7-58a5-472d-9019-9379fd727ee4","D01","HOPB","HOPB.AOS.fish.point.06","2017-11-03T13:38Z","2017-11-10T15:30Z","HOPB.20171103.06.1.e-fisher",1,2,"RHIATR","Rhinichthys atratulus","species",,,,85,7.5,,,,"adult","no sample",,,"thillman@battelleecology.org",
"23a034ef-9b45-4202-86bc-f6be8b466905","D01","HOPB","HOPB.AOS.fish.point.06","2017-11-03T13:38Z","2017-11-10T15:30Z","HOPB.20171103.06.1.e-fisher",1,9,"RHIATR","Rhinichthys atratulus","species",,,,1,48.0,,,,"juvenile","no sample",,,"thillman@battelleecology.org",
"5c1afc2e-2f8d-4089-9240-cf0f4bcc0c39","D01","HOPB","HOPB.AOS.fish.point.06","2017-11-03T13:38Z","2017-11-10T15:30Z","HOPB.20171103.06.1.e-fisher",1,1,"RHIATR","Rhinichthys atratulus","species",,,,69,3.3,,,,"adult","no sample",,,"thillman@battelleecology.org",
"cd2f20f0-993a-436d-a07a-303fe90675a3","D01","HOPB","HOPB.AOS.fish.point.06","2017-11-03T13:38Z","2017-11-10T15:30Z","HOPB.20171103.06.1.e-fisher",1,13,"RHIATR","Rhinichthys atratulus","species",,,,46,0.8,,,,"juvenile","no sample",,,"thillman@battelleecology.org",
"394c66d3-58e5-44c1-9af6-b9331ee1ff63","D01","HOPB","HOPB.AOS.fish.point.06","2017-11-03T13:38Z","2017-11-10T15:30Z","HOPB.20171103.06.1.e-fisher",1,4,"RHIATR","Rhinichthys atratulus","species",,,,76,5.1,,,,"adult","no sample",,,"thillman@battelleecology.org",
"f01a6966-9945-4760-8b00-e5c07e42ac35","D01","HOPB","HOPB.AOS.fish.point.06","2017-11-03T13:38Z","2017-11-10T15:30Z","HOPB.20171103.06.1.e-fisher",1,10,"RHIATR","Rhinichthys atratulus","species",,,,1,51.0,,,,"juvenile","no sample",,,"thillman@battelleecology.org",
"2adcae28-406a-469a-a94d-8c02b29ae951","D01","HOPB","HOPB.AOS.fish.point.06","2017-11-03T13:38Z","2017-11-10T15:30Z","HOPB.20171103.06.1.e-fisher",1,5,"SEMATR","Semotilus atromaculatus","species",,,,77,5.3,,,,"juvenile","no sample",,,"thillman@battelleecology.org",
"1561ce29-15ec-462d-b121-eb047f648a73","D01","HOPB","HOPB.AOS.fish.point.06","2017-11-03T13:38Z","2017-11-10T15:30Z","HOPB.20171103.06.1.e-fisher",1,17,"RHIATR","Rhinichthys atratulus","species",,,,33,0.3,,,,"juvenile","no sample",,,"thillman@battelleecology.org",
"1c94e565-cc76-4663-b133-62e295bdafbf","D01","HOPB","HOPB.AOS.fish.point.06","2017-11-03T13:38Z","2017-11-10T15:30Z","HOPB.20171103.06.1.e-fisher",1,11,"SALTRU","Salmo trutta","species",,,,131,20.1,,,,"young of year","no sample",,,"thillman@battelleecology.org",
"9399952a-b945-47f1-8611-9d84f0fea3f9","D01","HOPB","HOPB.AOS.fish.point.06","2017-11-03T13:38Z","2017-11-10T15:30Z","HOPB.20171103.06.1.e-fisher",1,15,"SALTRU","Salmo trutta","species",,,,129,18.4,,,,"young of year","no sample",,,"thillman@battelleecology.org",
"6bbf0d2a-c76a-472a-812b-60dec19ac46e","D01","HOPB","HOPB.AOS.fish.point.06","2017-11-03T13:38Z","2017-11-10T15:30Z","HOPB.20171103.06.1.e-fisher",1,22,"RHIATR","Rhinichthys atratulus","species",,,,56,1.5,,,,"juvenile","no sample",,,"thillman@battelleecology.org",
"b37bb560-1747-4cbb-8c46-7cbf81c747f4","D01","HOPB","HOPB.AOS.fish.point.06","2017-11-03T13:38Z","2017-11-10T15:30Z","HOPB.20171103.06.1.e-fisher",1,23,"RHIATR","Rhinichthys atratulus","species",,,,44,0.9,,,,"juvenile","no sample",,,"thillman@battelleecology.org",
"c903646d-1fa2-48af-8df0-4f8d70ea0186","D01","HOPB","HOPB.AOS.fish.point.06","2017-11-03T13:38Z","2017-11-10T15:30Z","HOPB.20171103.06.1.e-fisher",1,25,"RHIATR","Rhinichthys atratulus","species",,,,28,0.3,,,,"juvenile","no sample",,,"thillman@battelleecology.org",
"57741274-d30f-406c-b659-7b1ea7d30f99","D01","HOPB","HOPB.AOS.fish.point.06","2017-11-03T13:38Z","2017-11-10T15:30Z","HOPB.20171103.06.1.e-fisher",1,24,"RHIATR","Rhinichthys atratulus","species",,,,52,1.3,,,,"juvenile","no sample",,,"thillman@battelleecology.org",
"61ba78be-edfd-4684-beab-bf10dc64fcc9","D01","HOPB","HOPB.AOS.fish.point.06","2017-11-03T13:38Z","2017-11-10T15:30Z","HOPB.20171103.06.1.e-fisher",1,8,"SALTRU","Salmo trutta","species",,,,151,29.4,,,,"young of year","no sample",,,"thillman@battelleecology.org",
"4a0c8dfc-13e9-490b-be38-788ec75c3519","D01","HOPB","HOPB.AOS.fish.point.06","2017-11-03T13:38Z","2017-11-10T15:30Z","HOPB.20171103.06.1.e-fisher",1,7,"RHIATR","Rhinichthys atratulus","species",,,,67,2.9,,,,"adult","no sample",,,"thillman@battelleecology.org",
"addf22aa-d887-4905-b413-caa679561643","D01","HOPB","HOPB.AOS.fish.point.06","2017-11-03T13:38Z","2017-11-10T15:30Z","HOPB.20171103.06.1.e-fisher",1,16,"RHIATR","Rhinichthys atratulus","species",,,,74,3.4,,,,"adult","no sample",,,"thillman@battelleecology.org",
"f0dd3153-1555-4743-b588-4dc977b7a7c1","D01","HOPB","HOPB.AOS.fish.point.06","2017-11-03T13:38Z","2017-11-10T15:30Z","HOPB.20171103.06.1.e-fisher",1,3,"RHIATR","Rhinichthys atratulus","species",,,,56,2.0,,,,"juvenile","no sample",,,"thillman@battelleecology.org",
"ceb06322-c203-4524-a4dc-8cea498ac0c3","D01","HOPB","HOPB.AOS.fish.point.06","2017-11-03T13:38Z","2017-11-10T15:30Z","HOPB.20171103.06.1.e-fisher",1,21,"RHIATR","Rhinichthys atratulus","species",,,,75,3.5,,,,"adult","no sample",,,"thillman@battelleecology.org",
"df4d7c99-3af9-49a0-a28d-6bc689881826","D01","HOPB","HOPB.AOS.fish.point.06","2017-11-03T15:10Z","2017-11-03T15:55Z","HOPB.20171103.06.2.e-fisher",2,18,"RHIATR","Rhinichthys atratulus","species",,,,45,0.9,,,,"juvenile","no sample",,,"thillman@battelleecology.org",
"5dfc09bb-de6f-4882-be97-e92838def38c","D01","HOPB","HOPB.AOS.fish.point.06","2017-11-03T15:10Z","2017-11-03T15:55Z","HOPB.20171103.06.2.e-fisher",2,12,"RHIATR","Rhinichthys atratulus","species",,,,38,0.3,,,,"juvenile","no sample",,,"thillman@battelleecology.org",
"78ceb2cd-7b75-4d50-8371-773e20efb77e","D01","HOPB","HOPB.AOS.fish.point.06","2017-11-03T15:10Z","2017-11-03T15:55Z","HOPB.20171103.06.2.e-fisher",2,5,"SEMATR","Semotilus atromaculatus","species",,,,91,6.9,,,,"adult","no sample",,,"thillman@battelleecology.org",
"bc789df3-67e1-44b0-b61b-762693261511","D01","HOPB","HOPB.AOS.fish.point.06","2017-11-03T15:10Z","2017-11-03T15:55Z","HOPB.20171103.06.2.e-fisher",2,16,"RHIATR","Rhinichthys atratulus","species",,,,42,0.9,,,,"juvenile","no sample",,,"thillman@battelleecology.org",
"418e22aa-8fbc-4f3d-8045-2a588100d01c","D01","HOPB","HOPB.AOS.fish.point.06","2017-11-03T15:10Z","2017-11-03T15:55Z","HOPB.20171103.06.2.e-fisher",2,11,"SEMATR","Semotilus atromaculatus","species",,,,41,0.6,,,,"juvenile","no sample",,,"thillman@battelleecology.org",
"28ac7b2e-67ae-4083-8361-e664ab25ed73","D01","HOPB","HOPB.AOS.fish.point.06","2017-11-03T15:10Z","2017-11-03T15:55Z","HOPB.20171103.06.2.e-fisher",2,21,"RHIATR","Rhinichthys atratulus","species",,,,29,0.3,,,,"juvenile","no sample",,,"thillman@battelleecology.org",
"cf533af4-fc4d-4591-8926-4dab29b5e533","D01","HOPB","HOPB.AOS.fish.point.06","2017-11-03T15:10Z","2017-11-03T15:55Z","HOPB.20171103.06.2.e-fisher",2,1,"RHIATR","Rhinichthys atratulus","species",,,,32,0.5,,,,"juvenile","no sample",,,"thillman@battelleecology.org",
"53682102-0238-4e40-bfa3-91ce4a5a2603","D01","HOPB","HOPB.AOS.fish.point.06","2017-11-03T15:10Z","2017-11-03T15:55Z","HOPB.20171103.06.2.e-fisher",2,3,"RHIATR","Rhinichthys atratulus","species",,,,60,2.3,,,,"adult","no sample",,,"thillman@battelleecology.org",
"c769f608-f23a-4b1d-82e1-ee91e4805baa","D01","HOPB","HOPB.AOS.fish.point.06","2017-11-03T15:10Z","2017-11-03T15:55Z","HOPB.20171103.06.2.e-fisher",2,14,"RHIATR","Rhinichthys atratulus","species",,,,26,0.3,,,,"juvenile","no sample",,,"thillman@battelleecology.org",
"7a3cceac-1cbe-415b-992e-07a5b43080be","D01","HOPB","HOPB.AOS.fish.point.06","2017-11-03T15:10Z","2017-11-03T15:55Z","HOPB.20171103.06.2.e-fisher",2,15,"RHIATR","Rhinichthys atratulus","species",,,,49,1.2,,,,"juvenile","no sample",,,"thillman@battelleecology.org",
"aa800e4c-fc55-42d0-9821-a907a2520207","D01","HOPB","HOPB.AOS.fish.point.06","2017-11-03T15:10Z","2017-11-03T15:55Z","HOPB.20171103.06.2.e-fisher",2,20,"SALTRU","Salmo trutta","species",,,,124,15.6,,,,"young of year","no sample",,,"thillman@battelleecology.org",
"21480cc6-bbb6-41bd-aa31-d9d94ed43602","D01","HOPB","HOPB.AOS.fish.point.06","2017-11-03T15:10Z","2017-11-03T15:55Z","HOPB.20171103.06.2.e-fisher",2,7,"RHIATR","Rhinichthys atratulus","species",,,,2,56.0,,,,"adult","no sample",,,"thillman@battelleecology.org",
"e3b3e99b-345a-403f-bad9-b53f7b7218a4","D01","HOPB","HOPB.AOS.fish.point.06","2017-11-03T15:10Z","2017-11-03T15:55Z","HOPB.20171103.06.2.e-fisher",2,10,"RHIATR","Rhinichthys atratulus","species",,,,31,0.7,,,,"juvenile","no sample",,,"thillman@battelleecology.org",
"f90ee7a3-2259-4e2d-a735-e7c993933359","D01","HOPB","HOPB.AOS.fish.point.06","2017-11-03T15:10Z","2017-11-03T15:55Z","HOPB.20171103.06.2.e-fisher",2,6,"RHIATR","Rhinichthys atratulus","species",,,,69,3.0,,,,"adult","no sample",,,"thillman@battelleecology.org",
"844905c5-a1b1-4ea6-ac25-ffae58dc0d84","D01","HOPB","HOPB.AOS.fish.point.06","2017-11-03T15:10Z","2017-11-03T15:55Z","HOPB.20171103.06.2.e-fisher",2,19,"RHIATR","Rhinichthys atratulus","species",,,,51,1.4,,,,"juvenile","no sample",,,"thillman@battelleecology.org",
"8e87fd1a-4e8b-4bf0-abb5-50a095e79991","D01","HOPB","HOPB.AOS.fish.point.06","2017-11-03T15:10Z","2017-11-03T15:55Z","HOPB.20171103.06.2.e-fisher",2,9,"RHIATR","Rhinichthys atratulus","species",,,,65,,,,,"adult","no sample",,,"thillman@battelleecology.org","Unknown weight released without weighing"
"12abc9cc-05dd-4722-ae68-35cbf40e6003","D01","HOPB","HOPB.AOS.fish.point.06","2017-11-03T15:10Z","2017-11-03T15:55Z","HOPB.20171103.06.2.e-fisher",2,8,"RHIATR","Rhinichthys atratulus","species",,,,56,1.5,,,,"adult","no sample",,,"thillman@battelleecology.org",
"791e0763-d8b0-4a91-a116-52e884354d70","D01","HOPB","HOPB.AOS.fish.point.06","2017-11-03T15:10Z","2017-11-03T15:55Z","HOPB.20171103.06.2.e-fisher",2,2,"SEMATR","Semotilus atromaculatus","species",,,,89,6.4,,,,"adult","no sample",,,"thillman@battelleecology.org",
"b5d2cb4e-1ec7-42e4-a772-27a74fc92118","D01","HOPB","HOPB.AOS.fish.point.06","2017-11-03T15:10Z","2017-11-03T15:55Z","HOPB.20171103.06.2.e-fisher",2,17,"RHIATR","Rhinichthys atratulus","species",,,,31,0.3,,,,"juvenile","no sample",,,"thillman@battelleecology.org",
"8af7bbd7-c8fd-4a14-bd61-63e18026bcd4","D01","HOPB","HOPB.AOS.fish.point.06","2017-11-03T15:10Z","2017-11-03T15:55Z","HOPB.20171103.06.2.e-fisher",2,4,"RHIATR","Rhinichthys atratulus","species",,,,56,1.6,,,,"juvenile","no sample",,,"thillman@battelleecology.org",
"d2dbb861-9bee-4532-9907-ab0df1f2a1ca","D01","HOPB","HOPB.AOS.fish.point.06","2017-11-03T15:10Z","2017-11-03T15:55Z","HOPB.20171103.06.2.e-fisher",2,13,"RHIATR","Rhinichthys atratulus","species",,,,58,1.7,,,,"adult","no sample",,,"thillman@battelleecology.org",
"89bfa5e6-7266-4adf-964e-fd491ac6bc79","D01","HOPB","HOPB.AOS.fish.point.06","2017-11-03T16:35Z","2017-11-03T17:10Z","HOPB.20171103.06.3.e-fisher",3,7,"RHIATR","Rhinichthys atratulus","species",,,,80,5.4,,,,"adult","no sample",,,"thillman@battelleecology.org",
"0b60295b-bf32-471a-97db-aaa2fbad8825","D01","HOPB","HOPB.AOS.fish.point.06","2017-11-03T16:35Z","2017-11-03T17:10Z","HOPB.20171103.06.3.e-fisher",3,6,"RHIATR","Rhinichthys atratulus","species",,,,50,1.0,,,,"juvenile","no sample",,,"thillman@battelleecology.org",
"b938f846-a51b-4646-91fc-f4b1372d84d3","D01","HOPB","HOPB.AOS.fish.point.06","2017-11-03T16:35Z","2017-11-03T17:10Z","HOPB.20171103.06.3.e-fisher",3,12,"RHIATR","Rhinichthys atratulus","species",,,,27,0.3,,,,"juvenile","no sample",,,"thillman@battelleecology.org",
"30408d01-dab3-43bf-ab59-3a1dd61e59e3","D01","HOPB","HOPB.AOS.fish.point.06","2017-11-03T16:35Z","2017-11-03T17:10Z","HOPB.20171103.06.3.e-fisher",3,1,"RHIATR","Rhinichthys atratulus","species",,,,54,1.3,,,,"juvenile","no sample",,,"thillman@battelleecology.org",
"2d504b04-5ce8-4d33-92d1-75f416e33390","D01","HOPB","HOPB.AOS.fish.point.06","2017-11-03T16:35Z","2017-11-03T17:10Z","HOPB.20171103.06.3.e-fisher",3,3,"RHIATR","Rhinichthys atratulus","species",,,,27,0.3,,,,"juvenile","no sample",,,"thillman@battelleecology.org",
"88e972ca-dd17-4fab-9b72-cf8db739d17e","D01","HOPB","HOPB.AOS.fish.point.06","2017-11-03T16:35Z","2017-11-03T17:10Z","HOPB.20171103.06.3.e-fisher",3,13,"RHIATR","Rhinichthys atratulus","species",,,,50,1.1,,,,"juvenile","no sample",,,"thillman@battelleecology.org",
"d8ca7bd1-c25d-4db5-9237-b42262572d3b","D01","HOPB","HOPB.AOS.fish.point.06","2017-11-03T16:35Z","2017-11-03T17:10Z","HOPB.20171103.06.3.e-fisher",3,10,"RHIATR","Rhinichthys atratulus","species",,,,29,0.3,,,,"juvenile","no sample",,,"thillman@battelleecology.org",
"16b68230-9d95-4cf2-834d-fa2ab6fc48c1","D01","HOPB","HOPB.AOS.fish.point.06","2017-11-03T16:35Z","2017-11-03T17:10Z","HOPB.20171103.06.3.e-fisher",3,14,"RHIATR","Rhinichthys atratulus","species",,,,30,0.3,,,,"juvenile","no sample",,,"thillman@battelleecology.org",
"546a8df8-5c1f-420c-b902-f2fab669878c","D01","HOPB","HOPB.AOS.fish.point.06","2017-11-03T16:35Z","2017-11-03T17:10Z","HOPB.20171103.06.3.e-fisher",3,2,"RHIATR","Rhinichthys atratulus","species",,,,53,1.3,,,,"juvenile","no sample",,,"thillman@battelleecology.org",
"88d26223-849e-4b98-b4fd-c3b37537158e","D01","HOPB","HOPB.AOS.fish.point.06","2017-11-03T16:35Z","2017-11-03T17:10Z","HOPB.20171103.06.3.e-fisher",3,11,"RHIATR","Rhinichthys atratulus","species",,,,31,0.3,,,,"juvenile","no sample",,,"thillman@battelleecology.org",
"ed11b4e9-72d5-4b56-bc28-e28708cb84c2","D01","HOPB","HOPB.AOS.fish.point.06","2017-11-03T16:35Z","2017-11-03T17:10Z","HOPB.20171103.06.3.e-fisher",3,5,"RHIATR","Rhinichthys atratulus","species",,,,29,0.3,,,,"juvenile","no sample",,,"thillman@battelleecology.org",
"085570dd-7013-44e8-a308-30e56e20595d","D01","HOPB","HOPB.AOS.fish.point.06","2017-11-03T16:35Z","2017-11-03T17:10Z","HOPB.20171103.06.3.e-fisher",3,9,"RHIATR","Rhinichthys atratulus","species",,,,35,0.3,,,,"juvenile","no sample",,,"thillman@battelleecology.org",
"08247653-f46f-4507-8f0f-0f363a72d3e1","D01","HOPB","HOPB.AOS.fish.point.06","2017-11-03T16:35Z","2017-11-03T17:10Z","HOPB.20171103.06.3.e-fisher",3,4,"SEMATR","Semotilus atromaculatus","species",,,,64,3.0,,,,"juvenile","no sample",,,"thillman@battelleecology.org",
"799b12b9-64a3-4dbf-a46e-8357edc10649","D01","HOPB","HOPB.AOS.fish.point.06","2017-11-03T16:35Z","2017-11-03T17:10Z","HOPB.20171103.06.3.e-fisher",3,8,"RHIATR","Rhinichthys atratulus","species",,,,26,0.3,,,,"juvenile","no sample",,,"thillman@battelleecology.org",
"8afacb36-14f1-415b-8ed5-5817c90d1b1c","D01","HOPB","HOPB.AOS.fish.point.08","2017-11-08T14:20Z","2017-11-08T15:10Z","HOPB.20171108.08.1.e-fisher",1,36,"RHIATR","Rhinichthys atratulus","species",,,,64,2.2,,,,"adult","no sample",,,"adavila@battelleecology.org",
"cb5785ed-133f-47c5-a263-99c10403ef2a","D01","HOPB","HOPB.AOS.fish.point.08","2017-11-08T14:20Z","2017-11-08T15:10Z","HOPB.20171108.08.1.e-fisher",1,17,"SEMATR","Semotilus atromaculatus","species",,,,76,4.0,,,,"juvenile","no sample",,,"adavila@battelleecology.org",
"6decee4a-347d-4b8a-8bc4-4e06419eeec0","D01","HOPB","HOPB.AOS.fish.point.08","2017-11-08T14:20Z","2017-11-08T15:10Z","HOPB.20171108.08.1.e-fisher",1,37,"RHIATR","Rhinichthys atratulus","species",,,,21,0.3,,,,"juvenile","no sample",,,"adavila@battelleecology.org",
"076aff2d-6156-42e4-8f83-d37ae9e21fe7","D01","HOPB","HOPB.AOS.fish.point.08","2017-11-08T14:20Z","2017-11-08T15:10Z","HOPB.20171108.08.1.e-fisher",1,23,"RHIATR","Rhinichthys atratulus","species",,,,71,3.2,,,,"adult","no sample",,,"adavila@battelleecology.org",
"4649f412-3050-4032-8228-fd415c80e32c","D01","HOPB","HOPB.AOS.fish.point.08","2017-11-08T14:20Z","2017-11-08T15:10Z","HOPB.20171108.08.1.e-fisher",1,42,"RHIATR","Rhinichthys atratulus","species",,,,46,1.0,,,,"juvenile","no sample",,,"adavila@battelleecology.org",
"385663bc-f7d8-42f9-9bf1-ea0d97689972","D01","HOPB","HOPB.AOS.fish.point.08","2017-11-08T14:20Z","2017-11-08T15:10Z","HOPB.20171108.08.1.e-fisher",1,3,"RHIATR","Rhinichthys atratulus","species",,,,28,0.3,,,,"juvenile","no sample",,,"adavila@battelleecology.org",
"9d977751-a5d8-4822-9f4c-a80bdad60595","D01","HOPB","HOPB.AOS.fish.point.08","2017-11-08T14:20Z","2017-11-08T15:10Z","HOPB.20171108.08.1.e-fisher",1,25,"SEMATR","Semotilus atromaculatus","species",,,,89,6.5,,,,"juvenile","no sample",,,"adavila@battelleecology.org",
"4de3b192-0ddb-453f-b2f7-7531e2b3d0e2","D01","HOPB","HOPB.AOS.fish.point.08","2017-11-08T14:20Z","2017-11-08T15:10Z","HOPB.20171108.08.1.e-fisher",1,5,"SEMATR","Semotilus atromaculatus","species",,,,64,2.2,,,,"adult","no sample",,,"adavila@battelleecology.org",
"69df4d82-2ad1-4207-9cc3-cf27d620921c","D01","HOPB","HOPB.AOS.fish.point.08","2017-11-08T14:20Z","2017-11-08T15:10Z","HOPB.20171108.08.1.e-fisher",1,19,"RHIATR","Rhinichthys atratulus","species",,,,32,0.3,,,,"juvenile","no sample",,,"adavila@battelleecology.org",
"4f641bf5-c587-4868-b1cc-6fb38c28332e","D01","HOPB","HOPB.AOS.fish.point.08","2017-11-08T14:20Z","2017-11-08T15:10Z","HOPB.20171108.08.1.e-fisher",1,13,"RHIATR","Rhinichthys atratulus","species",,,,77,4.0,,,,"juvenile","no sample",,,"adavila@battelleecology.org",
"74fce193-9c73-4adb-b51c-842fec722f77","D01","HOPB","HOPB.AOS.fish.point.08","2017-11-08T14:20Z","2017-11-08T15:10Z","HOPB.20171108.08.1.e-fisher",1,22,"SALFON","Salvelinus fontinalis","species",,,,147,25.9,,,,"juvenile","no sample",,,"adavila@battelleecology.org",
"e8194d72-899c-4a6f-99e4-c3e8df2b45e4","D01","HOPB","HOPB.AOS.fish.point.08","2017-11-08T14:20Z","2017-11-08T15:10Z","HOPB.20171108.08.1.e-fisher",1,24,"SEMATR","Semotilus atromaculatus","species",,,,81,5.6,,,,"juvenile","no sample",,,"adavila@battelleecology.org",
"93490255-2274-4d44-9cda-8f9ac228bcaa","D01","HOPB","HOPB.AOS.fish.point.08","2017-11-08T14:20Z","2017-11-08T15:10Z","HOPB.20171108.08.1.e-fisher",1,7,"RHIATR","Rhinichthys atratulus","species",,,,23,0.3,,,,"juvenile","no sample",,,"adavila@battelleecology.org",
"19e88334-2d1c-4df2-972d-1086a3b7d355","D01","HOPB","HOPB.AOS.fish.point.08","2017-11-08T14:20Z","2017-11-08T15:10Z","HOPB.20171108.08.1.e-fisher",1,46,"RHIATR","Rhinichthys atratulus","species",,,,30,0.3,,,,"juvenile","no sample",,,"adavila@battelleecology.org",
"04e18372-9bab-400c-abf0-ee60932893f8","D01","HOPB","HOPB.AOS.fish.point.08","2017-11-08T14:20Z","2017-11-08T15:10Z","HOPB.20171108.08.1.e-fisher",1,9,"RHIATR","Rhinichthys atratulus","species",,,,30,0.3,,,,"juvenile","no sample",,,"adavila@battelleecology.org",
"9a626957-4849-485a-ab27-4301915c5997","D01","HOPB","HOPB.AOS.fish.point.08","2017-11-08T14:20Z","2017-11-08T15:10Z","HOPB.20171108.08.1.e-fisher",1,49,"RHIATR","Rhinichthys atratulus","species",,,,47,1.1,,,,"juvenile","no sample",,,"adavila@battelleecology.org",
"804fe582-28f2-4ecd-b618-8356001ea461","D01","HOPB","HOPB.AOS.fish.point.08","2017-11-08T14:20Z","2017-11-08T15:10Z","HOPB.20171108.08.1.e-fisher",1,48,"RHIATR","Rhinichthys atratulus","species",,,,54,1.5,,,,"juvenile","no sample",,,"adavila@battelleecology.org",
"dfc3249e-0851-4889-bac8-31ec8717c77c","D01","HOPB","HOPB.AOS.fish.point.08","2017-11-08T14:20Z","2017-11-08T15:10Z","HOPB.20171108.08.1.e-fisher",1,43,"RHIATR","Rhinichthys atratulus","species",,,,51,0.9,,,,"juvenile","no sample",,,"adavila@battelleecology.org",
"9007d13e-bb73-467c-a67e-37bb141039df","D01","HOPB","HOPB.AOS.fish.point.08","2017-11-08T14:20Z","2017-11-08T15:10Z","HOPB.20171108.08.1.e-fisher",1,41,"RHIATR","Rhinichthys atratulus","species",,,,66,2.9,,,,"juvenile","no sample",,,"adavila@battelleecology.org",
"2c014749-4433-41cd-ac24-ab9f737affdf","D01","HOPB","HOPB.AOS.fish.point.08","2017-11-08T14:20Z","2017-11-08T15:10Z","HOPB.20171108.08.1.e-fisher",1,20,"SALTRU","Salmo trutta","species",,,,136,20.2,,,,"juvenile","no sample",,,"adavila@battelleecology.org",
"0fb9ff06-e21e-4381-a734-e8be5d1815aa","D01","HOPB","HOPB.AOS.fish.point.08","2017-11-08T14:20Z","2017-11-08T15:10Z","HOPB.20171108.08.1.e-fisher",1,11,"SALTRU","Salmo trutta","species",,,,154,28.2,,,,"juvenile","no sample",,,"adavila@battelleecology.org",
"7386ac67-4d3c-4d28-91e0-f0a24c68202a","D01","HOPB","HOPB.AOS.fish.point.08","2017-11-08T14:20Z","2017-11-08T15:10Z","HOPB.20171108.08.1.e-fisher",1,47,"RHIATR","Rhinichthys atratulus","species",,,,47,0.8,,,,"juvenile","no sample",,,"adavila@battelleecology.org",
"27097109-d23d-4608-901c-5a71b7f17acb","D01","HOPB","HOPB.AOS.fish.point.08","2017-11-08T14:20Z","2017-11-08T15:10Z","HOPB.20171108.08.1.e-fisher",1,30,"RHIATR","Rhinichthys atratulus","species",,,,68,2.9,,,,"juvenile","no sample",,,"adavila@battelleecology.org",
"c8787950-fb50-4c41-9434-96a9ff60ed99","D01","HOPB","HOPB.AOS.fish.point.08","2017-11-08T14:20Z","2017-11-08T15:10Z","HOPB.20171108.08.1.e-fisher",1,44,"RHIATR","Rhinichthys atratulus","species",,,,72,3.1,,,,"juvenile","no sample",,,"adavila@battelleecology.org",
"55b45a1c-2e33-4d41-893b-6d9d3d5a541a","D01","HOPB","HOPB.AOS.fish.point.08","2017-11-08T14:20Z","2017-11-08T15:10Z","HOPB.20171108.08.1.e-fisher",1,51,"RHIATR","Rhinichthys atratulus","species",,,,56,1.7,,,,"adult","no sample",,,"adavila@battelleecology.org",
"2fccef7c-3422-4db7-ab80-c6de32dfedf9","D01","HOPB","HOPB.AOS.fish.point.08","2017-11-08T14:20Z","2017-11-08T15:10Z","HOPB.20171108.08.1.e-fisher",1,28,"RHIATR","Rhinichthys atratulus","species",,,,49,1.2,,,,"juvenile","no sample",,,"adavila@battelleecology.org",
"211d354d-1495-4d93-b9c8-94a1d49d031e","D01","HOPB","HOPB.AOS.fish.point.08","2017-11-08T14:20Z","2017-11-08T15:10Z","HOPB.20171108.08.1.e-fisher",1,32,"RHIATR","Rhinichthys atratulus","species",,,,20,0.3,,,,"juvenile","no sample",,,"adavila@battelleecology.org",
"cb07d3bf-a291-4dfc-8ccb-de9d807dc47e","D01","HOPB","HOPB.AOS.fish.point.08","2017-11-08T14:20Z","2017-11-08T15:10Z","HOPB.20171108.08.1.e-fisher",1,4,"RHIATR","Rhinichthys atratulus","species",,,,51,1.2,,,,"juvenile","no sample",,,"adavila@battelleecology.org",
"d2d060c6-67a1-45bc-9192-5ba0a61a4e65","D01","HOPB","HOPB.AOS.fish.point.08","2017-11-08T14:20Z","2017-11-08T15:10Z","HOPB.20171108.08.1.e-fisher",1,50,"RHIATR","Rhinichthys atratulus","species",,,,57,1.6,,,,"juvenile","no sample",,,"adavila@battelleecology.org",
"39fe93ac-63e7-42a6-b19d-a8a38af7acdc","D01","HOPB","HOPB.AOS.fish.point.08","2017-11-08T14:20Z","2017-11-08T15:10Z","HOPB.20171108.08.1.e-fisher",1,15,"SEMATR","Semotilus atromaculatus","species",,,,104,10.1,,,,"adult","no sample",,,"adavila@battelleecology.org",
"636dd7af-5bd8-43d7-a769-599621b14f16","D01","HOPB","HOPB.AOS.fish.point.08","2017-11-08T14:20Z","2017-11-08T15:10Z","HOPB.20171108.08.1.e-fisher",1,31,"SALTRU","Salmo trutta","species",,,,140,21.5,,,,"juvenile","no sample",,,"adavila@battelleecology.org",
"ae81bc6c-de75-4f70-a4a4-22ea086efaf7","D01","HOPB","HOPB.AOS.fish.point.08","2017-11-08T14:20Z","2017-11-08T15:10Z","HOPB.20171108.08.1.e-fisher",1,18,"SEMATR","Semotilus atromaculatus","species",,,,71,4.5,,,,"juvenile","no sample",,,"adavila@battelleecology.org",
"d3febff0-ab5e-4b71-a850-e8a886ddd550","D01","HOPB","HOPB.AOS.fish.point.08","2017-11-08T14:20Z","2017-11-08T15:10Z","HOPB.20171108.08.1.e-fisher",1,29,"RHIATR","Rhinichthys atratulus","species",,,,28,0.3,,,,"juvenile","no sample",,,"adavila@battelleecology.org",
"f3438f8e-e403-4292-b01c-be190603a43a","D01","HOPB","HOPB.AOS.fish.point.08","2017-11-08T14:20Z","2017-11-08T15:10Z","HOPB.20171108.08.1.e-fisher",1,27,"SEMATR","Semotilus atromaculatus","species",,,,71,2.8,,,,"juvenile","no sample",,,"adavila@battelleecology.org",
"f4fdf19d-cad6-47cc-8f50-5d2502fcc3ad","D01","HOPB","HOPB.AOS.fish.point.08","2017-11-08T14:20Z","2017-11-08T15:10Z","HOPB.20171108.08.1.e-fisher",1,45,"RHIATR","Rhinichthys atratulus","species",,,,42,0.8,,,,"juvenile","no sample",,,"adavila@battelleecology.org",
"f137c69a-13e6-4225-933c-5ca70a6c071f","D01","HOPB","HOPB.AOS.fish.point.08","2017-11-08T14:20Z","2017-11-08T15:10Z","HOPB.20171108.08.1.e-fisher",1,1,"RHIATR","Rhinichthys atratulus","species",,,,60,1.9,,,,"adult","no sample",,,"adavila@battelleecology.org",
"b6fc4f7f-0f48-4001-a26c-b82fa43cb44a","D01","HOPB","HOPB.AOS.fish.point.08","2017-11-08T14:20Z","2017-11-08T15:10Z","HOPB.20171108.08.1.e-fisher",1,39,"SEMATR","Semotilus atromaculatus","species",,,,66,2.3,,,,"juvenile","no sample",,,"adavila@battelleecology.org",
"ae1a287c-4071-46c4-8acd-74986d9c54a5","D01","HOPB","HOPB.AOS.fish.point.08","2017-11-08T14:20Z","2017-11-08T15:10Z","HOPB.20171108.08.1.e-fisher",1,34,"RHIATR","Rhinichthys atratulus","species",,,,64,2.6,,,,"juvenile","no sample",,,"adavila@battelleecology.org",
"e5f997a2-c81d-4ade-9092-5a7e00cb144f","D01","HOPB","HOPB.AOS.fish.point.08","2017-11-08T14:20Z","2017-11-08T15:10Z","HOPB.20171108.08.1.e-fisher",1,14,"RHIATR","Rhinichthys atratulus","species",,,,63,2.4,,,,"adult","no sample",,,"adavila@battelleecology.org",
"96ae7e0a-aa94-4d0f-9f86-c81f849d210f","D01","HOPB","HOPB.AOS.fish.point.08","2017-11-08T14:20Z","2017-11-08T15:10Z","HOPB.20171108.08.1.e-fisher",1,33,"SALTRU","Salmo trutta","species",,,,130,17.8,,,,"juvenile","no sample",,,"adavila@battelleecology.org",
"dc4200e9-cc0f-469a-8bfe-6d2f881ccc32","D01","HOPB","HOPB.AOS.fish.point.08","2017-11-08T14:20Z","2017-11-08T15:10Z","HOPB.20171108.08.1.e-fisher",1,21,"SEMATR","Semotilus atromaculatus","species",,,,100,8.6,,,,"adult","no sample",,,"adavila@battelleecology.org",
"2722e9da-dbec-40a6-bd9b-59e04bf04739","D01","HOPB","HOPB.AOS.fish.point.08","2017-11-08T14:20Z","2017-11-08T15:10Z","HOPB.20171108.08.1.e-fisher",1,26,"RHIATR","Rhinichthys atratulus","species",,,,81,6.3,,,,"adult","no sample",,,"adavila@battelleecology.org",
"b1d0842e-3376-4217-bca7-af9cabbf2c6d","D01","HOPB","HOPB.AOS.fish.point.08","2017-11-08T14:20Z","2017-11-08T15:10Z","HOPB.20171108.08.1.e-fisher",1,6,"SEMATR","Semotilus atromaculatus","species",,,,90,5.5,,,,"adult","no sample",,,"adavila@battelleecology.org",
"2e41ea75-1ac7-4a9a-8577-0b9aec1600eb","D01","HOPB","HOPB.AOS.fish.point.08","2017-11-08T14:20Z","2017-11-08T15:10Z","HOPB.20171108.08.1.e-fisher",1,16,"RHIATR","Rhinichthys atratulus","species",,,,48,0.9,,,,"juvenile","no sample",,,"adavila@battelleecology.org",
"8b8c3e93-6ed2-4aad-9b03-78acfbdcb28e","D01","HOPB","HOPB.AOS.fish.point.08","2017-11-08T14:20Z","2017-11-08T15:10Z","HOPB.20171108.08.1.e-fisher",1,38,"RHIATR","Rhinichthys atratulus","species",,,,37,0.3,,,,"juvenile","no sample",,,"adavila@battelleecology.org",
"330334e6-3a9b-4e62-a0f0-f0934646a7ca","D01","HOPB","HOPB.AOS.fish.point.08","2017-11-08T14:20Z","2017-11-08T15:10Z","HOPB.20171108.08.1.e-fisher",1,8,"SALTRU","Salmo trutta","species",,,,143,27.6,,,,"juvenile","no sample",,,"adavila@battelleecology.org",
"29240bbe-00bc-4571-8c8f-f3a3168d9e83","D01","HOPB","HOPB.AOS.fish.point.08","2017-11-08T14:20Z","2017-11-08T15:10Z","HOPB.20171108.08.1.e-fisher",1,10,"RHIATR","Rhinichthys atratulus","species",,,,26,0.3,,,,"juvenile","no sample",,,"adavila@battelleecology.org",
"f4226c35-bad4-4630-9d2b-3dba25189a2c","D01","HOPB","HOPB.AOS.fish.point.08","2017-11-08T14:20Z","2017-11-08T15:10Z","HOPB.20171108.08.1.e-fisher",1,2,"RHIATR","Rhinichthys atratulus","species",,,,29,0.3,,,,"juvenile","no sample",,,"adavila@battelleecology.org",
"5e87b8c0-7a1b-45df-8388-b1630dd75373","D01","HOPB","HOPB.AOS.fish.point.08","2017-11-08T14:20Z","2017-11-08T15:10Z","HOPB.20171108.08.1.e-fisher",1,12,"RHIATR","Rhinichthys atratulus","species",,,,29,0.3,,,,"juvenile","no sample",,,"adavila@battelleecology.org",
"fd9da0fb-7476-470f-acbb-3fbf16178ecc","D01","HOPB","HOPB.AOS.fish.point.08","2017-11-08T14:20Z","2017-11-08T15:10Z","HOPB.20171108.08.1.e-fisher",1,40,"RHIATR","Rhinichthys atratulus","species",,,,48,0.3,,,,"juvenile","no sample",,,"adavila@battelleecology.org",
"07835f52-1bce-4636-a52f-37ccb9dc46d5","D01","HOPB","HOPB.AOS.fish.point.08","2017-11-08T14:20Z","2017-11-08T15:10Z","HOPB.20171108.08.1.e-fisher",1,35,"RHIATR","Rhinichthys atratulus","species",,,,31,0.3,,,,"juvenile","no sample",,,"adavila@battelleecology.org",
"32471317-943d-43c1-b1a4-d14a79585777","D01","HOPB","HOPB.AOS.fish.point.10","2017-11-08T17:10Z","2017-11-08T18:00Z","HOPB.20171108.10.1.e-fisher",1,30,"SEMATR","Semotilus atromaculatus","species",,,,52,1.3,,,,"juvenile","no sample",,,"adavila@battelleecology.org",
"947e28a9-3a43-459c-81aa-6503f6ad6445","D01","HOPB","HOPB.AOS.fish.point.10","2017-11-08T17:10Z","2017-11-08T18:00Z","HOPB.20171108.10.1.e-fisher",1,6,"RHIATR","Rhinichthys atratulus","species",,,,71,3.2,,,,"juvenile","no sample",,,"adavila@battelleecology.org",
"a9e368e1-f474-4a8f-882f-e0717d8710fd","D01","HOPB","HOPB.AOS.fish.point.10","2017-11-08T17:10Z","2017-11-08T18:00Z","HOPB.20171108.10.1.e-fisher",1,72,"RHIATR","Rhinichthys atratulus","species",,,,40,0.8,,,,"juvenile","no sample",,,"adavila@battelleecology.org",
"1384dac7-65ea-4d3b-8589-da12a5b1b483","D01","HOPB","HOPB.AOS.fish.point.10","2017-11-08T17:10Z","2017-11-08T18:00Z","HOPB.20171108.10.1.e-fisher",1,11,"SEMATR","Semotilus atromaculatus","species",,,,55,1.2,,,,"juvenile","no sample",,,"adavila@battelleecology.org",
"398b9c4d-661a-450e-85f7-9933941d5380","D01","HOPB","HOPB.AOS.fish.point.10","2017-11-08T17:10Z","2017-11-08T18:00Z","HOPB.20171108.10.1.e-fisher",1,29,"RHIATR","Rhinichthys atratulus","species",,,,51,1.2,,,,"juvenile","no sample",,,"adavila@battelleecology.org",
"fb9730cb-5847-48f5-9522-58f73e5815f6","D01","HOPB","HOPB.AOS.fish.point.10","2017-11-08T17:10Z","2017-11-08T18:00Z","HOPB.20171108.10.1.e-fisher",1,47,"RHIATR","Rhinichthys atratulus","species",,,,71,3.1,,,,"adult","no sample",,,"adavila@battelleecology.org",
"c4af0db2-0b0f-4586-9e4f-323be15c3619","D01","HOPB","HOPB.AOS.fish.point.10","2017-11-08T17:10Z","2017-11-08T18:00Z","HOPB.20171108.10.1.e-fisher",1,65,"RHIATR","Rhinichthys atratulus","species",,,,64,3.1,,,,"adult","no sample",,,"adavila@battelleecology.org",
"df01b659-1504-4735-aedc-4a6ba47e5d28","D01","HOPB","HOPB.AOS.fish.point.10","2017-11-08T17:10Z","2017-11-08T18:00Z","HOPB.20171108.10.1.e-fisher",1,35,"RHIATR","Rhinichthys atratulus","species",,,,21,0.3,,,,"juvenile","no sample",,,"adavila@battelleecology.org",
"645188c6-831f-43c9-b659-2c28aa5871ea","D01","HOPB","HOPB.AOS.fish.point.10","2017-11-08T17:10Z","2017-11-08T18:00Z","HOPB.20171108.10.1.e-fisher",1,67,"RHIATR","Rhinichthys atratulus","species",,,,47,0.9,,,,"juvenile","no sample",,,"adavila@battelleecology.org",
"e4710a96-563c-45a0-beb2-32feff559675","D01","HOPB","HOPB.AOS.fish.point.10","2017-11-08T17:10Z","2017-11-08T18:00Z","HOPB.20171108.10.1.e-fisher",1,33,"SEMATR","Semotilus atromaculatus","species",,,,67,2.4,,,,"juvenile","no sample",,,"adavila@battelleecology.org",
"7566a4d3-4621-4ecf-824f-fb3621686ff2","D01","HOPB","HOPB.AOS.fish.point.10","2017-11-08T17:10Z","2017-11-08T18:00Z","HOPB.20171108.10.1.e-fisher",1,82,"RHIATR","Rhinichthys atratulus","species",,,,36,0.7,,,,"juvenile","no sample",,,"adavila@battelleecology.org",
"fba7291d-014e-49ef-a8d2-5dfaac92bb1a","D01","HOPB","HOPB.AOS.fish.point.10","2017-11-08T17:10Z","2017-11-08T18:00Z","HOPB.20171108.10.1.e-fisher",1,80,"RHIATR","Rhinichthys atratulus","species",,,,49,1.0,,,,"juvenile","no sample",,,"adavila@battelleecology.org",
"fbef52bf-0e47-4970-8819-edb1284c3089","D01","HOPB","HOPB.AOS.fish.point.10","2017-11-08T17:10Z","2017-11-08T18:00Z","HOPB.20171108.10.1.e-fisher",1,9,"SEMATR","Semotilus atromaculatus","species",,,,70,3.0,,,,"juvenile","no sample",,,"adavila@battelleecology.org",
"8b585540-bab1-4075-8b79-9b34e199b3e7","D01","HOPB","HOPB.AOS.fish.point.10","2017-11-08T17:10Z","2017-11-08T18:00Z","HOPB.20171108.10.1.e-fisher",1,53,"SEMATR","Semotilus atromaculatus","species",,,,66,2.2,,,,"juvenile","no sample",,,"adavila@battelleecology.org",
"41fa38ef-2b40-49b9-845f-09b6c02bd798","D01","HOPB","HOPB.AOS.fish.point.10","2017-11-08T17:10Z","2017-11-08T18:00Z","HOPB.20171108.10.1.e-fisher",1,50,"SEMATR","Semotilus atromaculatus","species",,,,55,0.5,,,,"juvenile","no sample",,,"adavila@battelleecology.org",
"67da5e9f-d03e-4a93-a38a-c44971e2364a","D01","HOPB","HOPB.AOS.fish.point.10","2017-11-08T17:10Z","2017-11-08T18:00Z","HOPB.20171108.10.1.e-fisher",1,48,"SEMATR","Semotilus atromaculatus","species",,,,38,0.6,,,,"juvenile","no sample",,,"adavila@battelleecology.org",
"e6b02f38-6782-4a94-afbe-e05d8511c575","D01","HOPB","HOPB.AOS.fish.point.10","2017-11-08T17:10Z","2017-11-08T18:00Z","HOPB.20171108.10.1.e-fisher",1,31,"RHIATR","Rhinichthys atratulus","species",,,,31,1.2,,,,"juvenile","no sample",,,"adavila@battelleecology.org",
"4686b6a8-2ef2-40fe-8f4b-2fccf477bb31","D01","HOPB","HOPB.AOS.fish.point.10","2017-11-08T17:10Z","2017-11-08T18:00Z","HOPB.20171108.10.1.e-fisher",1,83,"SEMATR","Semotilus atromaculatus","species",,,,56,1.8,,,,"juvenile","no sample",,,"adavila@battelleecology.org",
"32fb5d49-e39a-4863-b04d-9680cce12a18","D01","HOPB","HOPB.AOS.fish.point.10","2017-11-08T17:10Z","2017-11-08T18:00Z","HOPB.20171108.10.1.e-fisher",1,32,"RHIATR","Rhinichthys atratulus","species",,,,44,0.3,,,,"juvenile","no sample",,,"adavila@battelleecology.org",
"f7513b14-3217-4999-b2cc-26318655df4e","D01","HOPB","HOPB.AOS.fish.point.10","2017-11-08T17:10Z","2017-11-08T18:00Z","HOPB.20171108.10.1.e-fisher",1,23,"SEMATR","Semotilus atromaculatus","species",,,,61,2.5,,,,"juvenile","no sample",,,"adavila@battelleecology.org",
"61cd437e-e792-41d5-b7d1-f82755f224e1","D01","HOPB","HOPB.AOS.fish.point.10","2017-11-08T17:10Z","2017-11-08T18:00Z","HOPB.20171108.10.1.e-fisher",1,70,"RHIATR","Rhinichthys atratulus","species",,,,49,1.6,,,,"juvenile","no sample",,,"adavila@battelleecology.org",
"ba908c2b-7364-4953-bc09-b0ee970ccd01","D01","HOPB","HOPB.AOS.fish.point.10","2017-11-08T17:10Z","2017-11-08T18:00Z","HOPB.20171108.10.1.e-fisher",1,21,"SEMATR","Semotilus atromaculatus","species",,,,46,1.0,,,,"juvenile","no sample",,,"adavila@battelleecology.org",
"f40ff8f1-3185-44d3-bef1-3557b3e2c383","D01","HOPB","HOPB.AOS.fish.point.10","2017-11-08T17:10Z","2017-11-08T18:00Z","HOPB.20171108.10.1.e-fisher",1,57,"RHIATR","Rhinichthys atratulus","species",,,,48,0.8,,,,"juvenile","no sample",,,"adavila@battelleecology.org",
"e56b5ab6-17f7-4c0b-887d-e3a2e955d4d4","D01","HOPB","HOPB.AOS.fish.point.10","2017-11-08T17:10Z","2017-11-08T18:00Z","HOPB.20171108.10.1.e-fisher",1,58,"RHIATR","Rhinichthys atratulus","species",,,,40,0.6,,,,"juvenile","no sample",,,"adavila@battelleecology.org",
"49c0f744-6a3a-40dc-9d8c-f462eecc9f9a","D01","HOPB","HOPB.AOS.fish.point.10","2017-11-08T17:10Z","2017-11-08T18:00Z","HOPB.20171108.10.1.e-fisher",1,55,"RHIATR","Rhinichthys atratulus","species",,,,43,0.8,,,,"juvenile","no sample",,,"adavila@battelleecology.org",
"850a8827-a10b-4490-b5af-ab6f7b3adb3e","D01","HOPB","HOPB.AOS.fish.point.10","2017-11-08T17:10Z","2017-11-08T18:00Z","HOPB.20171108.10.1.e-fisher",1,15,"RHIATR","Rhinichthys atratulus","species",,,,61,1.5,,,,"juvenile","no sample",,,"adavila@battelleecology.org",
"2e573773-a799-4f1a-9eea-7f41912bb9b6","D01","HOPB","HOPB.AOS.fish.point.10","2017-11-08T17:10Z","2017-11-08T18:00Z","HOPB.20171108.10.1.e-fisher",1,18,"SEMATR","Semotilus atromaculatus","species",,,,111,13.0,,,,"adult","no sample",,,"adavila@battelleecology.org",
"e2ad0e12-efb4-4d5b-91db-28899345aeb9","D01","HOPB","HOPB.AOS.fish.point.10","2017-11-08T17:10Z","2017-11-08T18:00Z","HOPB.20171108.10.1.e-fisher",1,2,"RHIATR","Rhinichthys atratulus","species",,,,50,1.1,,,,"juvenile","no sample",,,"adavila@battelleecology.org",
"dd635661-0b2e-49ec-8ba5-0322f74e996b","D01","HOPB","HOPB.AOS.fish.point.10","2017-11-08T17:10Z","2017-11-08T18:00Z","HOPB.20171108.10.1.e-fisher",1,49,"SEMATR","Semotilus atromaculatus","species",,,,99,8.5,,,,"adult","no sample",,,"adavila@battelleecology.org",
"44078fd0-4fd6-4e21-abd5-cec26d020e26","D01","HOPB","HOPB.AOS.fish.point.10","2017-11-08T17:10Z","2017-11-08T18:00Z","HOPB.20171108.10.1.e-fisher",1,17,"RHIATR","Rhinichthys atratulus","species",,,,43,0.6,,,,"juvenile","no sample",,,"adavila@battelleecology.org",
"cae749b1-7321-4dc0-a663-34045eaa7658","D01","HOPB","HOPB.AOS.fish.point.10","2017-11-08T17:10Z","2017-11-08T18:00Z","HOPB.20171108.10.1.e-fisher",1,10,"RHIATR","Rhinichthys atratulus","species",,,,44,1.1,,,,"juvenile","no sample",,,"adavila@battelleecology.org",
"70fc9ad3-9c94-457d-a92a-dc29d084979d","D01","HOPB","HOPB.AOS.fish.point.10","2017-11-08T17:10Z","2017-11-08T18:00Z","HOPB.20171108.10.1.e-fisher",1,3,"RHIATR","Rhinichthys atratulus","species",,,,50,1.2,,,,"juvenile","no sample",,,"adavila@battelleecology.org",
"bf7b0a61-d4d0-41e9-b5c0-1a5b3b41881e","D01","HOPB","HOPB.AOS.fish.point.10","2017-11-08T17:10Z","2017-11-08T18:00Z","HOPB.20171108.10.1.e-fisher",1,12,"SEMATR","Semotilus atromaculatus","species",,,,60,2.1,,,,"juvenile","no sample",,,"adavila@battelleecology.org",
"dc198f60-bfd4-4bb0-a3ba-f3c0f283ba3a","D01","HOPB","HOPB.AOS.fish.point.10","2017-11-08T17:10Z","2017-11-08T18:00Z","HOPB.20171108.10.1.e-fisher",1,74,"RHIATR","Rhinichthys atratulus","species",,,,43,0.8,,,,"juvenile","no sample",,,"adavila@battelleecology.org",
"3e73b951-3a06-47c1-8a7e-295b3efdbe5c","D01","HOPB","HOPB.AOS.fish.point.10","2017-11-08T17:10Z","2017-11-08T18:00Z","HOPB.20171108.10.1.e-fisher",1,56,"RHIATR","Rhinichthys atratulus","species",,,,51,0.8,,,,"juvenile","no sample",,,"adavila@battelleecology.org",
"3189466f-8326-4d3f-b0f1-10d19dbb0ced","D01","HOPB","HOPB.AOS.fish.point.10","2017-11-08T17:10Z","2017-11-08T18:00Z","HOPB.20171108.10.1.e-fisher",1,68,"RHIATR","Rhinichthys atratulus","species",,,,48,1.2,,,,"juvenile","no sample",,,"adavila@battelleecology.org",
"dfeb9aae-0272-4db8-b852-503985aa1d21","D01","HOPB","HOPB.AOS.fish.point.10","2017-11-08T17:10Z","2017-11-08T18:00Z","HOPB.20171108.10.1.e-fisher",1,76,"RHIATR","Rhinichthys atratulus","species",,,,67,2.4,,,,"juvenile","no sample",,,"adavila@battelleecology.org",
"2aa25b0e-a79b-44ce-88b6-46e3b074cbc9","D01","HOPB","HOPB.AOS.fish.point.10","2017-11-08T17:10Z","2017-11-08T18:00Z","HOPB.20171108.10.1.e-fisher",1,45,"RHIATR","Rhinichthys atratulus","species",,,,24,0.3,,,,"juvenile","no sample",,,"adavila@battelleecology.org",
"f7b93e63-87cb-4a15-9d10-dcd6e5704bb9","D01","HOPB","HOPB.AOS.fish.point.10","2017-11-08T17:10Z","2017-11-08T18:00Z","HOPB.20171108.10.1.e-fisher",1,51,"RHIATR","Rhinichthys atratulus","species",,,,21,0.3,,,,"juvenile","no sample",,,"adavila@battelleecology.org",
"a7c48fc1-c559-48e8-97b9-42c5ad114514","D01","HOPB","HOPB.AOS.fish.point.10","2017-11-08T17:10Z","2017-11-08T18:00Z","HOPB.20171108.10.1.e-fisher",1,28,"RHIATR","Rhinichthys atratulus","species",,,,27,0.3,,,,"juvenile","no sample",,,"adavila@battelleecology.org",
"c5025d7f-dbbc-4206-996f-23e1bf80d4a3","D01","HOPB","HOPB.AOS.fish.point.10","2017-11-08T17:10Z","2017-11-08T18:00Z","HOPB.20171108.10.1.e-fisher",1,54,"RHIATR","Rhinichthys atratulus","species",,,,43,0.7,,,,"juvenile","no sample",,,"adavila@battelleecology.org",
"32d17f32-40c7-4b0a-8fbf-10ba054880b5","D01","HOPB","HOPB.AOS.fish.point.10","2017-11-08T17:10Z","2017-11-08T18:00Z","HOPB.20171108.10.1.e-fisher",1,60,"SEMATR","Semotilus atromaculatus","species",,,,26,0.3,,,,"juvenile","no sample",,,"adavila@battelleecology.org",
"f6afa0ed-18f3-4dd9-be25-3c74faf389c0","D01","HOPB","HOPB.AOS.fish.point.10","2017-11-08T17:10Z","2017-11-08T18:00Z","HOPB.20171108.10.1.e-fisher",1,36,"SEMATR","Semotilus atromaculatus","species",,,,79,4.7,,,,"juvenile","no sample",,,"adavila@battelleecology.org",
"0fa32da3-8ba8-484b-9f0a-b14b415fc337","D01","HOPB","HOPB.AOS.fish.point.10","2017-11-08T17:10Z","2017-11-08T18:00Z","HOPB.20171108.10.1.e-fisher",1,34,"RHIATR","Rhinichthys atratulus","species",,,,29,0.3,,,,"juvenile","no sample",,,"adavila@battelleecology.org",
"327f264c-ed68-4832-81d0-1b67e840b5cf","D01","HOPB","HOPB.AOS.fish.point.10","2017-11-08T17:10Z","2017-11-08T18:00Z","HOPB.20171108.10.1.e-fisher",1,16,"RHIATR","Rhinichthys atratulus","species",,,,42,1.0,,,,"juvenile","no sample",,,"adavila@battelleecology.org",
"ae6ca67a-1f8d-46a3-b936-4e8a88190033","D01","HOPB","HOPB.AOS.fish.point.10","2017-11-08T17:10Z","2017-11-08T18:00Z","HOPB.20171108.10.1.e-fisher",1,5,"SEMATR","Semotilus atromaculatus","species",,,,51,1.5,,,,"juvenile","no sample",,,"adavila@battelleecology.org",
"2904ca58-231e-4f4f-9b16-d6ff1c41db42","D01","HOPB","HOPB.AOS.fish.point.10","2017-11-08T17:10Z","2017-11-08T18:00Z","HOPB.20171108.10.1.e-fisher",1,22,"RHIATR","Rhinichthys atratulus","species",,,,29,0.3,,,,"juvenile","no sample",,,"adavila@battelleecology.org",
"4a78dab0-7146-41bd-a0d2-8edb84f2fe5d","D01","HOPB","HOPB.AOS.fish.point.10","2017-11-08T17:10Z","2017-11-08T18:00Z","HOPB.20171108.10.1.e-fisher",1,86,"SEMATR","Semotilus atromaculatus","species",,,,66,1.7,,,,"juvenile","no sample",,,"adavila@battelleecology.org",
"bf6f8387-0cd3-4b35-80d0-1b152448b685","D01","HOPB","HOPB.AOS.fish.point.10","2017-11-08T17:10Z","2017-11-08T18:00Z","HOPB.20171108.10.1.e-fisher",1,7,"RHIATR","Rhinichthys atratulus","species",,,,49,1.3,,,,"juvenile","no sample",,,"adavila@battelleecology.org",
"6e357a37-d0ab-43be-a77e-c8f3a085be9a","D01","HOPB","HOPB.AOS.fish.point.10","2017-11-08T17:10Z","2017-11-08T18:00Z","HOPB.20171108.10.1.e-fisher",1,84,"SEMATR","Semotilus atromaculatus","species",,,,59,1.3,,,,"juvenile","no sample",,,"adavila@battelleecology.org",
"8589d7d9-ff0e-4f7f-9254-da46b5e584ae","D01","HOPB","HOPB.AOS.fish.point.10","2017-11-08T17:10Z","2017-11-08T18:00Z","HOPB.20171108.10.1.e-fisher",1,78,"RHIATR","Rhinichthys atratulus","species",,,,44,0.8,,,,"juvenile","no sample",,,"adavila@battelleecology.org",
"e0f730fa-b027-4791-b21e-03d09c25a76c","D01","HOPB","HOPB.AOS.fish.point.10","2017-11-08T17:10Z","2017-11-08T18:00Z","HOPB.20171108.10.1.e-fisher",1,43,"RHIATR","Rhinichthys atratulus","species",,,,30,0.3,,,,"juvenile","no sample",,,"adavila@battelleecology.org",
"70461706-eb33-4da0-838a-219a27459db6","D01","HOPB","HOPB.AOS.fish.point.10","2017-11-08T17:10Z","2017-11-08T18:00Z","HOPB.20171108.10.1.e-fisher",1,27,"SALFON","Salvelinus fontinalis","species",,,,31,21.4,,,,"juvenile","no sample",,,"adavila@battelleecology.org",
"17e1012a-353c-47c2-90f7-a0b71c840d32","D01","HOPB","HOPB.AOS.fish.point.10","2017-11-08T17:10Z","2017-11-08T18:00Z","HOPB.20171108.10.1.e-fisher",1,8,"SEMATR","Semotilus atromaculatus","species",,,,54,1.6,,,,"juvenile","no sample",,,"adavila@battelleecology.org",
"6c105bcc-68fc-436e-84e2-7f2b6bf337e5","D01","HOPB","HOPB.AOS.fish.point.10","2017-11-08T17:10Z","2017-11-08T18:00Z","HOPB.20171108.10.1.e-fisher",1,39,"SEMATR","Semotilus atromaculatus","species",,,,77,3.7,,,,"juvenile","no sample",,,"adavila@battelleecology.org",
"d60999f6-adcf-412d-9310-8901fda74940","D01","HOPB","HOPB.AOS.fish.point.10","2017-11-08T17:10Z","2017-11-08T18:00Z","HOPB.20171108.10.1.e-fisher",1,52,"SEMATR","Semotilus atromaculatus","species",,,,47,1.1,,,,"juvenile","no sample",,,"adavila@battelleecology.org",
"48b54dda-cf42-4e0b-af9f-15dfae5136b2","D01","HOPB","HOPB.AOS.fish.point.10","2017-11-08T17:10Z","2017-11-08T18:00Z","HOPB.20171108.10.1.e-fisher",1,4,"SEMATR","Semotilus atromaculatus","species",,,,70,2.5,,,,"juvenile","no sample",,,"adavila@battelleecology.org",
"ecebcf94-78e7-4c6c-8c54-2d33de594817","D01","HOPB","HOPB.AOS.fish.point.10","2017-11-08T17:10Z","2017-11-08T18:00Z","HOPB.20171108.10.1.e-fisher",1,59,"RHIATR","Rhinichthys atratulus","species",,,,42,0.8,,,,"juvenile","no sample",,,"adavila@battelleecology.org",
"e2aff4ab-693b-470b-9453-b4d5e1011d0f","D01","HOPB","HOPB.AOS.fish.point.10","2017-11-08T17:10Z","2017-11-08T18:00Z","HOPB.20171108.10.1.e-fisher",1,79,"SEMATR","Semotilus atromaculatus","species",,,,88,7.0,,,,"adult","no sample",,,"adavila@battelleecology.org",
"db4135da-035b-4b36-a9ed-7b5825ce88de","D01","HOPB","HOPB.AOS.fish.point.10","2017-11-08T17:10Z","2017-11-08T18:00Z","HOPB.20171108.10.1.e-fisher",1,66,"SEMATR","Semotilus atromaculatus","species",,,,56,1.5,,,,"juvenile","no sample",,,"adavila@battelleecology.org",
"d955ac98-88ef-4a60-9baf-67fda4e8bdeb","D01","HOPB","HOPB.AOS.fish.point.10","2017-11-08T17:10Z","2017-11-08T18:00Z","HOPB.20171108.10.1.e-fisher",1,26,"SEMATR","Semotilus atromaculatus","species",,,,79,4.5,,,,"juvenile","no sample",,,"adavila@battelleecology.org",
"e85f5001-0956-4052-a64a-275294a60b95","D01","HOPB","HOPB.AOS.fish.point.10","2017-11-08T17:10Z","2017-11-08T18:00Z","HOPB.20171108.10.1.e-fisher",1,19,"SEMATR","Semotilus atromaculatus","species",,,,53,1.8,,,,"juvenile","no sample",,,"adavila@battelleecology.org",
"3f1fb774-f00e-4e35-b81e-cd20953d3931","D01","HOPB","HOPB.AOS.fish.point.10","2017-11-08T17:10Z","2017-11-08T18:00Z","HOPB.20171108.10.1.e-fisher",1,40,"SALFON","Salvelinus fontinalis","species",,,,104,9.8,,,,"juvenile","no sample",,,"adavila@battelleecology.org",
"a66679d2-050f-488b-aaa8-7dacc22934a9","D01","HOPB","HOPB.AOS.fish.point.10","2017-11-08T17:10Z","2017-11-08T18:00Z","HOPB.20171108.10.1.e-fisher",1,63,"RHIATR","Rhinichthys atratulus","species",,,,45,0.9,,,,"juvenile","no sample",,,"adavila@battelleecology.org",
"8fca7f08-3246-412d-a3d9-695329318f7b","D01","HOPB","HOPB.AOS.fish.point.10","2017-11-08T17:10Z","2017-11-08T18:00Z","HOPB.20171108.10.1.e-fisher",1,25,"RHIATR","Rhinichthys atratulus","species",,,,72,4.1,,,,"adult","no sample",,,"adavila@battelleecology.org",
"01831315-5257-4ac6-b66d-291c3648cfc8","D01","HOPB","HOPB.AOS.fish.point.10","2017-11-08T17:10Z","2017-11-08T18:00Z","HOPB.20171108.10.1.e-fisher",1,62,"RHIATR","Rhinichthys atratulus","species",,,,60,1.7,,,,"juvenile","no sample",,,"adavila@battelleecology.org",
"cd694e4b-d541-41b2-aefc-835fc7756b19","D01","HOPB","HOPB.AOS.fish.point.10","2017-11-08T17:10Z","2017-11-08T18:00Z","HOPB.20171108.10.1.e-fisher",1,37,"RHIATR","Rhinichthys atratulus","species",,,,33,0.3,,,,"juvenile","no sample",,,"adavila@battelleecology.org",
"9725a87b-580a-4779-8662-e595add0bc5f","D01","HOPB","HOPB.AOS.fish.point.10","2017-11-08T17:10Z","2017-11-08T18:00Z","HOPB.20171108.10.1.e-fisher",1,46,"SEMATR","Semotilus atromaculatus","species",,,,78,4.2,,,,"adult","no sample",,,"adavila@battelleecology.org",
"eb3c1100-1600-427e-9fa2-00c6f81ed000","D01","HOPB","HOPB.AOS.fish.point.10","2017-11-08T17:10Z","2017-11-08T18:00Z","HOPB.20171108.10.1.e-fisher",1,64,"RHIATR","Rhinichthys atratulus","species",,,,60,1.8,,,,"adult","no sample",,,"adavila@battelleecology.org",
"285b73b7-69ea-4328-abb8-77c09d3f3afe","D01","HOPB","HOPB.AOS.fish.point.10","2017-11-08T17:10Z","2017-11-08T18:00Z","HOPB.20171108.10.1.e-fisher",1,75,"SEMATR","Semotilus atromaculatus","species",,,,64,2.6,,,,"juvenile","no sample",,,"adavila@battelleecology.org",
"a9b0181e-7706-4252-ac77-caedf3b937e9","D01","HOPB","HOPB.AOS.fish.point.10","2017-11-08T17:10Z","2017-11-08T18:00Z","HOPB.20171108.10.1.e-fisher",1,14,"RHIATR","Rhinichthys atratulus","species",,,,78,4.1,,,,"juvenile","no sample",,,"adavila@battelleecology.org",
"5efb46b6-00b3-4918-a028-8c98727fd3f3","D01","HOPB","HOPB.AOS.fish.point.10","2017-11-08T17:10Z","2017-11-08T18:00Z","HOPB.20171108.10.1.e-fisher",1,81,"RHIATR","Rhinichthys atratulus","species",,,,44,1.0,,,,"juvenile","no sample",,,"adavila@battelleecology.org",
"43c5714b-9434-4452-ac35-1c58bdd5c5ce","D01","HOPB","HOPB.AOS.fish.point.10","2017-11-08T17:10Z","2017-11-08T18:00Z","HOPB.20171108.10.1.e-fisher",1,13,"SEMATR","Semotilus atromaculatus","species",,,,86,5.7,,,,"juvenile","no sample",,,"adavila@battelleecology.org",
"1adb1fdc-f604-4ad8-a2e2-21159ce5bf9a","D01","HOPB","HOPB.AOS.fish.point.10","2017-11-08T17:10Z","2017-11-08T18:00Z","HOPB.20171108.10.1.e-fisher",1,73,"RHIATR","Rhinichthys atratulus","species",,,,41,0.8,,,,"juvenile","no sample",,,"adavila@battelleecology.org",
"3b0ba74d-cba2-46c0-8f8c-6d7f2abbff7a","D01","HOPB","HOPB.AOS.fish.point.10","2017-11-08T17:10Z","2017-11-08T18:00Z","HOPB.20171108.10.1.e-fisher",1,1,"RHIATR","Rhinichthys atratulus","species",,,,48,1.3,,,,"juvenile","no sample",,,"adavila@battelleecology.org",
"0dd11a85-8763-46ef-90a8-119656084717","D01","HOPB","HOPB.AOS.fish.point.10","2017-11-08T17:10Z","2017-11-08T18:00Z","HOPB.20171108.10.1.e-fisher",1,20,"RHIATR","Rhinichthys atratulus","species",,,,42,0.8,,,,"juvenile","no sample",,,"adavila@battelleecology.org",
"f98d9b24-2b99-4f4a-b066-ec5c3e3b39a4","D01","HOPB","HOPB.AOS.fish.point.10","2017-11-08T17:10Z","2017-11-08T18:00Z","HOPB.20171108.10.1.e-fisher",1,41,"RHIATR","Rhinichthys atratulus","species",,,,52,1.5,,,,"juvenile","no sample",,,"adavila@battelleecology.org",
"69bec2df-d6b0-4bc3-b1cb-8da70fff3aa0","D01","HOPB","HOPB.AOS.fish.point.10","2017-11-08T17:10Z","2017-11-08T18:00Z","HOPB.20171108.10.1.e-fisher",1,42,"RHIATR","Rhinichthys atratulus","species",,,,35,0.9,,,,"juvenile","no sample",,,"adavila@battelleecology.org",
"85687fbf-e2ac-436b-883c-ac8971b9987c","D01","HOPB","HOPB.AOS.fish.point.10","2017-11-08T17:10Z","2017-11-08T18:00Z","HOPB.20171108.10.1.e-fisher",1,24,"RHIATR","Rhinichthys atratulus","species",,,,65,2.9,,,,"adult","no sample",,,"adavila@battelleecology.org",
"bc34ce60-52bf-48b9-81ef-c83c16c964de","D01","HOPB","HOPB.AOS.fish.point.10","2017-11-08T17:10Z","2017-11-08T18:00Z","HOPB.20171108.10.1.e-fisher",1,77,"SEMATR","Semotilus atromaculatus","species",,,,73,3.4,,,,"juvenile","no sample",,,"adavila@battelleecology.org",
"a1bc157c-7dc4-4b04-b514-de443a50d3b2","D01","HOPB","HOPB.AOS.fish.point.10","2017-11-08T17:10Z","2017-11-08T18:00Z","HOPB.20171108.10.1.e-fisher",1,71,"RHIATR","Rhinichthys atratulus","species",,,,76,4.2,,,,"adult","no sample",,,"adavila@battelleecology.org",
"765e3d23-02da-49b2-9c8d-a17bc57613cf","D01","HOPB","HOPB.AOS.fish.point.10","2017-11-08T17:10Z","2017-11-08T18:00Z","HOPB.20171108.10.1.e-fisher",1,61,"SEMATR","Semotilus atromaculatus","species",,,,57,1.3,,,,"juvenile","no sample",,,"adavila@battelleecology.org",
"a2c12eb4-ba7d-420b-bb19-bb17af30e35e","D01","HOPB","HOPB.AOS.fish.point.10","2017-11-08T17:10Z","2017-11-08T18:00Z","HOPB.20171108.10.1.e-fisher",1,44,"RHIATR","Rhinichthys atratulus","species",,,,26,0.3,,,,"juvenile","no sample",,,"adavila@battelleecology.org",
"57793c89-fbfd-4d67-b348-fd2955430a3b","D01","HOPB","HOPB.AOS.fish.point.10","2017-11-08T17:10Z","2017-11-08T18:00Z","HOPB.20171108.10.1.e-fisher",1,38,"SEMATR","Semotilus atromaculatus","species",,,,55,1.5,,,,"juvenile","no sample",,,"adavila@battelleecology.org",
"0245aafe-ba57-454a-8f84-f05b110b53b4","D01","HOPB","HOPB.AOS.fish.point.10","2017-11-08T17:10Z","2017-11-08T18:00Z","HOPB.20171108.10.1.e-fisher",1,85,"SEMATR","Semotilus atromaculatus","species",,,,55,1.9,,,,"juvenile","no sample",,,"adavila@battelleecology.org",
"4ec1b61c-c42c-4418-ae86-cc15c19119e0","D01","HOPB","HOPB.AOS.fish.point.10","2017-11-08T17:10Z","2017-11-08T18:00Z","HOPB.20171108.10.1.e-fisher",1,69,"RHIATR","Rhinichthys atratulus","species",,,,49,0.9,,,,"juvenile","no sample",,,"adavila@battelleecology.org",
"ff8d9f36-76df-4885-a976-3260d7b268f2","D01","HOPB","HOPB.AOS.fish.point.10","2017-11-08T19:15Z","2017-11-08T19:50Z","HOPB.20171108.10.2.e-fisher",2,7,"SEMATR","Semotilus atromaculatus","species",,,,75,3.6,,,,"juvenile","no sample",,,"adavila@battelleecology.org",
"145d0ed2-4d7f-425b-8c72-249463fbc8ed","D01","HOPB","HOPB.AOS.fish.point.10","2017-11-08T19:15Z","2017-11-08T19:50Z","HOPB.20171108.10.2.e-fisher",2,2,"SEMATR","Semotilus atromaculatus","species",,,,69,2.9,,,,"juvenile","no sample",,,"adavila@battelleecology.org",
"c733489d-c528-488c-b5ac-8c0a1b1db2b2","D01","HOPB","HOPB.AOS.fish.point.10","2017-11-08T19:15Z","2017-11-08T19:50Z","HOPB.20171108.10.2.e-fisher",2,8,"SALTRU","Salmo trutta","species",,,,125,18.3,,,,"juvenile","no sample",,,"adavila@battelleecology.org",
"2d70394e-8764-4fba-94e9-152c7ca187d6","D01","HOPB","HOPB.AOS.fish.point.10","2017-11-08T19:15Z","2017-11-08T19:50Z","HOPB.20171108.10.2.e-fisher",2,16,"SEMATR","Semotilus atromaculatus","species",,,,91,7.5,,,,"adult","no sample",,,"adavila@battelleecology.org",
"86b73b53-52b5-4abf-b486-216c51cf5c3d","D01","HOPB","HOPB.AOS.fish.point.10","2017-11-08T19:15Z","2017-11-08T19:50Z","HOPB.20171108.10.2.e-fisher",2,3,"SEMATR","Semotilus atromaculatus","species",,,,64,2.4,,,,"juvenile","no sample",,,"adavila@battelleecology.org",
"04f49621-2e14-489c-9eed-769ce7ce0e34","D01","HOPB","HOPB.AOS.fish.point.10","2017-11-08T19:15Z","2017-11-08T19:50Z","HOPB.20171108.10.2.e-fisher",2,9,"SEMATR","Semotilus atromaculatus","species",,,,62,2.2,,,,"juvenile","no sample",,,"adavila@battelleecology.org",
"8482705d-5c77-49eb-8529-05da6c002614","D01","HOPB","HOPB.AOS.fish.point.10","2017-11-08T19:15Z","2017-11-08T19:50Z","HOPB.20171108.10.2.e-fisher",2,4,"SEMATR","Semotilus atromaculatus","species",,,,82,5.9,,,,"juvenile","no sample",,,"adavila@battelleecology.org",
"493e7409-6912-44d1-8d54-7d54708c36df","D01","HOPB","HOPB.AOS.fish.point.10","2017-11-08T19:15Z","2017-11-08T19:50Z","HOPB.20171108.10.2.e-fisher",2,12,"SALTRU","Salmo trutta","species",,,,154,26.5,,,,"juvenile","no sample",,,"adavila@battelleecology.org",
"5ed6026b-b640-425c-ac93-8f845d4d5b9d","D01","HOPB","HOPB.AOS.fish.point.10","2017-11-08T19:15Z","2017-11-08T19:50Z","HOPB.20171108.10.2.e-fisher",2,11,"SEMATR","Semotilus atromaculatus","species",,,,80,4.6,,,,"juvenile","no sample",,,"adavila@battelleecology.org",
"f5aed813-2b15-4e0e-8d27-7a8796b300ca","D01","HOPB","HOPB.AOS.fish.point.10","2017-11-08T19:15Z","2017-11-08T19:50Z","HOPB.20171108.10.2.e-fisher",2,13,"SEMATR","Semotilus atromaculatus","species",,,,57,1.5,,,,"juvenile","no sample",,,"adavila@battelleecology.org",
"66c0c222-15b2-4c63-8ad6-fb3e056e59e4","D01","HOPB","HOPB.AOS.fish.point.10","2017-11-08T19:15Z","2017-11-08T19:50Z","HOPB.20171108.10.2.e-fisher",2,14,"SEMATR","Semotilus atromaculatus","species",,,,74,4.5,,,,"juvenile","no sample",,,"adavila@battelleecology.org",
"84d3c495-39dd-49d2-8df0-e7af3b6b6b9f","D01","HOPB","HOPB.AOS.fish.point.10","2017-11-08T19:15Z","2017-11-08T19:50Z","HOPB.20171108.10.2.e-fisher",2,15,"SEMATR","Semotilus atromaculatus","species",,,,85,4.6,,,,"juvenile","no sample",,,"adavila@battelleecology.org",
"3c32887d-26f6-4fb7-aa2c-836934c42816","D01","HOPB","HOPB.AOS.fish.point.10","2017-11-08T19:15Z","2017-11-08T19:50Z","HOPB.20171108.10.2.e-fisher",2,18,"SEMATR","Semotilus atromaculatus","species",,,,99,9.5,,,,"adult","no sample",,,"adavila@battelleecology.org",
"54c12111-ce7f-4d0c-a905-5b0e6d53ec05","D01","HOPB","HOPB.AOS.fish.point.10","2017-11-08T19:15Z","2017-11-08T19:50Z","HOPB.20171108.10.2.e-fisher",2,17,"SALFON","Salvelinus fontinalis","species",,,,278,48.1,,,,"juvenile","no sample",,,"adavila@battelleecology.org",
"6108afaa-1071-4164-9430-aa8a85aa9704","D01","HOPB","HOPB.AOS.fish.point.10","2017-11-08T19:15Z","2017-11-08T19:50Z","HOPB.20171108.10.2.e-fisher",2,1,"SALTRU","Salmo trutta","species",,,,138,20.0,,,,"juvenile","no sample",,,"adavila@battelleecology.org",
"e0ff7da3-36eb-463c-b565-d51c0787d487","D01","HOPB","HOPB.AOS.fish.point.10","2017-11-08T19:15Z","2017-11-08T19:50Z","HOPB.20171108.10.2.e-fisher",2,10,"SALTRU","Salmo trutta","species",,,,136,20.0,,,,"juvenile","no sample",,,"adavila@battelleecology.org",
"034ddbb8-f4bd-4734-90e7-6487376dc7d6","D01","HOPB","HOPB.AOS.fish.point.10","2017-11-08T19:15Z","2017-11-08T19:50Z","HOPB.20171108.10.2.e-fisher",2,5,"SEMATR","Semotilus atromaculatus","species",,,,62,1.8,,,,"juvenile","no sample",,,"adavila@battelleecology.org",
"6a01dee0-cadc-4722-8d12-2739f3dd79ac","D01","HOPB","HOPB.AOS.fish.point.10","2017-11-08T19:15Z","2017-11-08T19:50Z","HOPB.20171108.10.2.e-fisher",2,6,"SALTRU","Salmo trutta","species",,,,155,26.4,,,,"juvenile","no sample",,,"adavila@battelleecology.org",
"28a2ed4d-5523-41cb-add3-eac9becaa3ee","D01","HOPB","HOPB.AOS.fish.point.10","2017-11-08T20:20Z","2017-11-08T21:00Z","HOPB.20171108.10.3.e-fisher",3,1,"SEMATR","Semotilus atromaculatus","species",,,,61,1.9,,,,"juvenile","no sample",,,"adavila@battelleecology.org",
"1d2dfc08-6337-4b98-9ab2-be73cdca93c1","D01","HOPB","HOPB.AOS.fish.point.10","2017-11-08T20:20Z","2017-11-08T21:00Z","HOPB.20171108.10.3.e-fisher",3,3,"SEMATR","Semotilus atromaculatus","species",,,,75,3.7,,,,"juvenile","no sample",,,"adavila@battelleecology.org",
"2499df34-a15f-4132-86db-5f749e85d229","D01","HOPB","HOPB.AOS.fish.point.10","2017-11-08T20:20Z","2017-11-08T21:00Z","HOPB.20171108.10.3.e-fisher",3,8,"SALTRU","Salmo trutta","species",,,,156,32.2,,,,"juvenile","no sample",,,"adavila@battelleecology.org",
"bcb7c48e-6e95-4ea7-bcf5-0c29ed40dc10","D01","HOPB","HOPB.AOS.fish.point.10","2017-11-08T20:20Z","2017-11-08T21:00Z","HOPB.20171108.10.3.e-fisher",3,6,"SALTRU","Salmo trutta","species",,,,142,26.1,,,,"juvenile","no sample",,,"adavila@battelleecology.org",
"8f416afa-14f7-4116-9976-12b595c2cbe3","D01","HOPB","HOPB.AOS.fish.point.10","2017-11-08T20:20Z","2017-11-08T21:00Z","HOPB.20171108.10.3.e-fisher",3,4,"SEMATR","Semotilus atromaculatus","species",,,,58,1.8,,,,"juvenile","no sample",,,"adavila@battelleecology.org",
"4e722deb-6f97-43ef-a0bb-970fd981d515","D01","HOPB","HOPB.AOS.fish.point.10","2017-11-08T20:20Z","2017-11-08T21:00Z","HOPB.20171108.10.3.e-fisher",3,2,"SEMATR","Semotilus atromaculatus","species",,,,71,2.9,,,,"juvenile","no sample",,,"adavila@battelleecology.org",
"ce38e6cf-d86c-407e-8147-68f6e5b0c2c6","D01","HOPB","HOPB.AOS.fish.point.10","2017-11-08T20:20Z","2017-11-08T21:00Z","HOPB.20171108.10.3.e-fisher",3,7,"SALFON","Salvelinus fontinalis","species",,,,144,23.5,,,,"juvenile","no sample",,,"adavila@battelleecology.org",
"05a3eba6-0a00-4502-81c4-bc3acf37b394","D01","HOPB","HOPB.AOS.fish.point.10","2017-11-08T20:20Z","2017-11-08T21:00Z","HOPB.20171108.10.3.e-fisher",3,5,"SEMATR","Semotilus atromaculatus","species",,,,51,1.4,,,,"juvenile","no sample",,,"adavila@battelleecology.org",
