uid,domainID,siteID,namedLocation,passStartTime,passEndTime,passNumber,eventID,taxonID,scientificName,morphospeciesID,bulkFishCount,actualOrEstimated,identificationQualifier,identifiedBy,remarks
"e0f9c33a-5d9a-40e4-9c11-d1e897f97d9c","D01","HOPB","HOPB.AOS.fish.point.06","2017-11-03T16:35Z","2017-11-03T17:10Z",3,"HOPB.20171103.06.3.e-fisher","RHIATR","Rhinichthys atratulus",,1,"actual",,"thillman@battelleecology.org",
"62c2b513-6831-4116-98f1-bb13d797e174","D01","HOPB","HOPB.AOS.fish.point.10","2017-11-08T17:10Z","2017-11-08T18:00Z",1,"HOPB.20171108.10.1.e-fisher","RHIATR","Rhinichthys atratulus",,10,"actual",,"adavila@battelleecology.org",
"3baa8033-a32c-43ae-8b76-abc9626359da","D01","HOPB","HOPB.AOS.fish.point.10","2017-11-08T19:15Z","2017-11-08T19:50Z",2,"HOPB.20171108.10.2.e-fisher","RHIATR","Rhinichthys atratulus",,36,"actual",,"adavila@battelleecology.org",
"068e8c3c-beaa-4cef-ada6-2440efefdf96","D01","HOPB","HOPB.AOS.fish.point.10","2017-11-08T20:20Z","2017-11-08T21:00Z",3,"HOPB.20171108.10.3.e-fisher","RHIATR","Rhinichthys atratulus",,21,"actual",,"adavila@battelleecology.org",
